Subcategory,ICC (Intraclass Correlation Coefficient),ICC 95% Confidence Interval,Transitivity Consistency Ratio (%)
Topic Relevance,0.629373135027078,[0.53 0.73],80.0
Comprehensiveness of Information,0.9007694375627812,[0.85 0.94],80.0
Accuracy of Information,0.8362465298429091,[0.78 0.89],60.91954022988506
Innovativeness of Viewpoints,0.8052169377197246,[0.74 0.87],81.0126582278481
Integration of Interdisciplinary Perspectives,0.8066081170111243,[0.74 0.87],64.28571428571429
Clarity of Logical Structure,0.7332962784231803,[0.6  0.83],85.45454545454545
Reasonableness of Chapter Arrangement,0.7586894677175352,[0.65 0.84],85.45454545454545
Quality of Introduction and Conclusion,0.7603333631242187,[0.68 0.83],76.36363636363637
Accuracy and Completeness of Citations,0.8939096137395058,[0.85 0.93],70.54263565891473
Timeliness and Relevance of References,0.8543915505634718,[0.8 0.9],46.0
Avoidance of Plagiarism and Appropriate Citation,0.8252548715680026,[0.76 0.88],29.03225806451613
Critical Analysis of Existing Research,0.8002938807478507,[0.73 0.86],77.57575757575758
Proposal of New Research Directions or Questions,0.869493980276435,[0.82 0.91],81.0126582278481
Potential Contribution to the Field,0.6072947907273872,[0.5  0.72],77.9874213836478
Clarity of Research Method Description,0.8520708397813963,[0.74 0.91],87.27272727272727
Rationality of Method Selection,0.821133154873864,[0.76 0.88],45.23809523809524
Rigor of Research Design,0.8515218142726103,[0.79 0.9 ],75.39682539682539
Inclusion of Latest Research Results,0.8834875541321284,[0.83 0.92],67.24137931034483
Reflection of Current Research Hotspots,0.6670236497039613,[0.57 0.76],73.57142857142858
Fluency of Language Expression,0.5682723061376271,[0.42 0.7 ],89.6969696969697
Appropriateness of Professional Terminology Use,0.7138631113616994,[0.62 0.8 ],50.0
Conciseness of Expression,0.624332942878798,[0.5  0.74],90.9090909090909
Practical Application Potential of Research Results,0.6812249211544487,[0.58 0.77],79.47019867549669
Feasibility of Proposed Suggestions,0.8347181398920213,[0.78 0.89],80.89171974522293
Logic of Argumentation,0.7919889160323735,[0.69 0.87],85.45454545454545
Multi-angle Analysis of Problems,0.8354256072634915,[0.78 0.89],74.35897435897436
Identification and Discussion of Research Limitations,0.9052387704034577,[0.87 0.94],71.875
