Subcategory,ICC (Intraclass Correlation Coefficient),ICC 95% Confidence Interval,Transitivity Consistency Ratio (%)
Topic Relevance,0.14410380617387267,[0.08 0.24],65.95744680851064
Comprehensiveness of Information,0.10979365765556413,[0.05 0.19],65.625
Accuracy of Information,0.050830940211700495,[0.01 0.12],35.8974358974359
Innovativeness of Viewpoints,0.11174125428343255,[0.06 0.2 ],69.50354609929079
Integration of Interdisciplinary Perspectives,0.09520045385779125,[0.04 0.18],69.72477064220183
Clarity of Logical Structure,0.08758986275698384,[0.04 0.16],75.53956834532374
Reasonableness of Chapter Arrangement,0.06103060142788971,[0.02 0.13],71.32867132867133
Quality of Introduction and Conclusion,0.06614963503649636,[0.02 0.14],71.01449275362319
Accuracy and Completeness of Citations,0.07800784513378509,[0.03 0.15],82.29166666666666
Timeliness and Relevance of References,0.09649059311809532,[0.04 0.18],69.7841726618705
Avoidance of Plagiarism and Appropriate Citation,0.021250464831656147,[-0.02  0.08],67.56756756756756
Critical Analysis of Existing Research,0.10719792475610244,[0.05 0.19],69.76744186046511
Proposal of New Research Directions or Questions,0.11951179321551965,[0.06 0.21],70.3030303030303
Potential Contribution to the Field,0.10577133255778265,[0.05 0.19],71.83098591549296
Clarity of Research Method Description,0.06745695061417258,[0.02 0.14],72.38095238095238
Rationality of Method Selection,0.06720119683572442,[0.02 0.14],73.33333333333333
Rigor of Research Design,0.05235555572964753,[0.01 0.12],71.875
Inclusion of Latest Research Results,0.08719174099862445,[0.03 0.17],72.14285714285714
Reflection of Current Research Hotspots,0.07678092718136671,[0.03 0.16],69.71830985915493
Fluency of Language Expression,0.08566631247731063,[0.03 0.17],69.62025316455697
Appropriateness of Professional Terminology Use,0.05922201958149354,[0.01 0.13],71.31147540983606
Conciseness of Expression,0.05813336416642433,[0.01 0.13],70.16129032258065
Practical Application Potential of Research Results,0.09474730853083092,[0.04 0.18],72.05882352941177
Feasibility of Proposed Suggestions,0.09771245706961912,[0.04 0.18],71.12676056338029
Logic of Argumentation,0.07902858905926893,[0.03 0.16],70.28985507246377
Multi-angle Analysis of Problems,0.06901329074616941,[0.02 0.15],67.93893129770993
Identification and Discussion of Research Limitations,0.0657631055924604,[0.02 0.14],69.6969696969697
