Subcategory,ICC (Intraclass Correlation Coefficient),ICC 95% Confidence Interval,Transitivity Consistency Ratio (%)
Topic Relevance,0.28855010832062905,[0.2 0.4],57.57575757575758
Comprehensiveness of Information,0.6672675193998321,[0.57 0.76],84.24242424242424
Accuracy of Information,0.15505213183323927,[0.09 0.25],33.33333333333333
Innovativeness of Viewpoints,0.6737012479540115,[0.57 0.77],90.9090909090909
Integration of Interdisciplinary Perspectives,0.7113437481053336,[0.62 0.79],86.53846153846155
Clarity of Logical Structure,0.6235127041455183,[0.52 0.72],81.76100628930818
Reasonableness of Chapter Arrangement,0.6454926234040799,[0.55 0.74],83.63636363636363
Quality of Introduction and Conclusion,0.6080566974266731,[0.51 0.71],77.48344370860927
Accuracy and Completeness of Citations,0.6469698426414038,[0.55 0.74],50.0
Timeliness and Relevance of References,0.6600350684767704,[0.57 0.75],85.45454545454545
Avoidance of Plagiarism and Appropriate Citation,0.2006409750398637,[0.13 0.31],54.54545454545454
Critical Analysis of Existing Research,0.652396075914431,[0.55 0.75],90.9090909090909
Proposal of New Research Directions or Questions,0.6868317287757909,[0.59 0.78],88.48484848484848
Potential Contribution to the Field,0.6686405392985711,[0.57 0.76],88.48484848484848
Clarity of Research Method Description,0.5345208563912072,[0.41 0.66],90.30303030303031
Rationality of Method Selection,0.5968981804916081,[0.49 0.7 ],88.48484848484848
Rigor of Research Design,0.5553403938167507,[0.44 0.67],87.87878787878788
Inclusion of Latest Research Results,0.6432825051586029,[0.55 0.74],85.45454545454545
Reflection of Current Research Hotspots,0.6549763335039729,[0.56 0.75],84.24242424242424
Fluency of Language Expression,0.4920247286866898,[0.38 0.61],78.75
Appropriateness of Professional Terminology Use,0.4206114061508454,[0.31 0.55],86.53846153846155
Conciseness of Expression,0.47075817142620047,[0.36 0.59],81.45695364238411
Practical Application Potential of Research Results,0.6417305525650336,[0.54 0.74],88.48484848484848
Feasibility of Proposed Suggestions,0.6115911540029346,[0.51 0.72],86.79245283018868
Logic of Argumentation,0.6053057094712843,[0.5  0.71],87.17948717948718
Multi-angle Analysis of Problems,0.6164808123100203,[0.52 0.72],86.79245283018868
Identification and Discussion of Research Limitations,0.585119439659983,[0.48 0.69],88.48484848484848
