Subcategory,ICC (Intraclass Correlation Coefficient),ICC 95% Confidence Interval,Transitivity Consistency Ratio (%)
Topic Relevance,0.3429751441357899,[0.25 0.46],100.0
Comprehensiveness of Information,0.8820219911789705,[0.82 0.93],75.15151515151514
Accuracy of Information,0.2133698441430809,[0.14 0.32],98.18181818181819
Innovativeness of Viewpoints,0.7321368810844047,[0.63 0.82],72.72727272727273
Integration of Interdisciplinary Perspectives,0.8869547989195039,[0.84 0.92],75.75757575757575
Clarity of Logical Structure,0.7116972275680407,[0.59 0.81],72.72727272727273
Reasonableness of Chapter Arrangement,0.8041642342868262,[0.73 0.87],76.36363636363637
Quality of Introduction and Conclusion,0.6701293957675468,[0.57 0.76],73.93939393939394
Accuracy and Completeness of Citations,0.10239849288046976,[0.05 0.19],78.78787878787878
Timeliness and Relevance of References,0.2691089618859858,[0.18 0.38],82.42424242424242
Avoidance of Plagiarism and Appropriate Citation,0.04168158645510824,[-0.    0.11],100.0
Critical Analysis of Existing Research,0.6869751838425012,[0.57 0.79],72.12121212121212
Proposal of New Research Directions or Questions,0.6308247276528376,[0.52 0.73],73.33333333333333
Potential Contribution to the Field,0.6869077321479726,[0.57 0.79],72.12121212121212
Clarity of Research Method Description,0.7396940792848687,[0.64 0.82],76.96969696969697
Rationality of Method Selection,0.7466412240228119,[0.66 0.83],77.57575757575758
Rigor of Research Design,0.7126057170910228,[0.61 0.8 ],77.57575757575758
Inclusion of Latest Research Results,0.2824112516085966,[0.19 0.4 ],81.21212121212122
Reflection of Current Research Hotspots,0.7921242675825219,[0.71 0.86],76.96969696969697
Fluency of Language Expression,0.5885565883819474,[0.49 0.7 ],79.39393939393939
Appropriateness of Professional Terminology Use,0.6241445959751426,[0.52 0.73],85.45454545454545
Conciseness of Expression,0.5752335392851203,[0.47 0.68],77.57575757575758
Practical Application Potential of Research Results,0.6644453215662867,[0.55 0.77],73.33333333333333
Feasibility of Proposed Suggestions,0.6454921179378823,[0.54 0.75],73.33333333333333
Logic of Argumentation,0.6539291959928002,[0.53 0.76],73.93939393939394
Multi-angle Analysis of Problems,0.7922246467185253,[0.71 0.86],76.36363636363637
Identification and Discussion of Research Limitations,0.6922413208077632,[0.58 0.79],73.93939393939394
