Subcategory,ICC (Intraclass Correlation Coefficient),ICC 95% Confidence Interval,Transitivity Consistency Ratio (%)
Topic Relevance,0.612099439835153,[0.51 0.71],4.545454545454546
Comprehensiveness of Information,0.7150015167771311,[0.58 0.82],84.82758620689656
Accuracy of Information,0.3937091994966438,[0.3  0.51],0.0
Innovativeness of Viewpoints,0.5361761699931525,[0.39 0.67],86.06060606060606
Integration of Interdisciplinary Perspectives,0.6931091019359954,[0.6  0.78],75.96899224806202
Clarity of Logical Structure,0.6463421505964935,[0.53 0.75],85.53459119496856
Reasonableness of Chapter Arrangement,0.5890320123276407,[0.46 0.71],83.45323741007195
Quality of Introduction and Conclusion,0.5464083087911256,[0.4  0.68],87.17948717948718
Accuracy and Completeness of Citations,0.5744472488173924,[0.47 0.68],66.66666666666666
Timeliness and Relevance of References,0.5730526640721216,[0.47 0.68],67.14285714285714
Avoidance of Plagiarism and Appropriate Citation,0.31269460449995645,[0.22 0.43],41.66666666666667
Critical Analysis of Existing Research,0.5693041983133541,[0.43 0.7 ],87.87878787878788
Proposal of New Research Directions or Questions,0.5765049419588543,[0.47 0.69],83.03030303030303
Potential Contribution to the Field,0.5566139113619591,[0.43 0.68],87.87878787878788
Clarity of Research Method Description,0.5945994697607658,[0.49 0.7 ],74.74747474747475
Rationality of Method Selection,0.5717873641145181,[0.47 0.68],75.0
Rigor of Research Design,0.6063775547861753,[0.51 0.71],74.74747474747475
Inclusion of Latest Research Results,0.5912291550964648,[0.49 0.7 ],67.53246753246754
Reflection of Current Research Hotspots,0.5935254718327797,[0.49 0.7 ],80.26315789473685
Fluency of Language Expression,0.4574482584364763,[0.35 0.58],81.25
Appropriateness of Professional Terminology Use,0.5645169749818857,[0.46 0.67],57.14285714285714
Conciseness of Expression,0.3864966500724802,[0.28 0.51],84.31372549019608
Practical Application Potential of Research Results,0.5537593163480671,[0.42 0.68],87.17948717948718
Feasibility of Proposed Suggestions,0.48414979566076466,[0.38 0.6 ],85.45454545454545
Logic of Argumentation,0.6146062148489879,[0.5  0.73],84.66666666666667
Multi-angle Analysis of Problems,0.5982012952675687,[0.48 0.71],83.03030303030303
Identification and Discussion of Research Limitations,0.5736445150446448,[0.46 0.69],86.0
