Subcategory,ICC (Intraclass Correlation Coefficient),ICC 95% Confidence Interval,Transitivity Consistency Ratio (%)
Topic Relevance,0.6258245544780247,[0.53 0.72],14.285714285714285
Comprehensiveness of Information,0.8163804322652598,[0.75 0.87],78.78787878787878
Accuracy of Information,0.4727189599650142,[0.37 0.59],25.0
Innovativeness of Viewpoints,0.475746442377608,[0.37 0.59],80.60606060606061
Integration of Interdisciplinary Perspectives,0.7973751114450226,[0.73 0.86],77.57575757575758
Clarity of Logical Structure,0.7019989917066507,[0.61 0.79],83.64779874213836
Reasonableness of Chapter Arrangement,0.690254856904115,[0.6  0.78],84.84848484848484
Quality of Introduction and Conclusion,0.621672187757026,[0.53 0.72],84.84848484848484
Accuracy and Completeness of Citations,0.6063696159400512,[0.51 0.71],26.666666666666668
Timeliness and Relevance of References,0.6331832821777756,[0.54 0.73],80.60606060606061
Avoidance of Plagiarism and Appropriate Citation,0.529569316754834,[0.43 0.64],19.230769230769234
Critical Analysis of Existing Research,0.6130357399894765,[0.52 0.71],73.58490566037736
Proposal of New Research Directions or Questions,0.5521136011313141,[0.45 0.66],80.2547770700637
Potential Contribution to the Field,0.6332311189496675,[0.54 0.73],75.15151515151514
Clarity of Research Method Description,0.6969103203225352,[0.61 0.78],77.35849056603774
Rationality of Method Selection,0.7038243280693078,[0.62 0.79],79.39393939393939
Rigor of Research Design,0.6947208851517138,[0.61 0.78],79.48717948717949
Inclusion of Latest Research Results,0.6469466259229291,[0.55 0.74],80.76923076923077
Reflection of Current Research Hotspots,0.6706474646566949,[0.58 0.76],80.60606060606061
Fluency of Language Expression,0.5729860846410785,[0.47 0.68],84.84848484848484
Appropriateness of Professional Terminology Use,0.6546479204854105,[0.56 0.75],79.39393939393939
Conciseness of Expression,0.5839885172559948,[0.48 0.69],87.27272727272727
Practical Application Potential of Research Results,0.6935143291684243,[0.61 0.78],80.60606060606061
Feasibility of Proposed Suggestions,0.5946565038824609,[0.5 0.7],80.60606060606061
Logic of Argumentation,0.6742796209195374,[0.58 0.76],80.60606060606061
Multi-angle Analysis of Problems,0.7384799576802467,[0.66 0.82],80.60606060606061
Identification and Discussion of Research Limitations,0.6629122518408633,[0.57 0.76],80.60606060606061
