Subcategory,ICC (Intraclass Correlation Coefficient),ICC 95% Confidence Interval,Transitivity Consistency Ratio (%)
Topic Relevance,0.6052961049623551,[0.51 0.71],56.25
Comprehensiveness of Information,0.7874840234079125,[0.72 0.85],77.57575757575758
Accuracy of Information,0.20114353496938267,[0.13 0.31],48.57142857142857
Innovativeness of Viewpoints,0.7276629460141523,[0.65 0.81],72.72727272727273
Integration of Interdisciplinary Perspectives,0.7235606929979237,[0.64 0.8 ],72.78481012658227
Clarity of Logical Structure,0.6984468060596182,[0.61 0.78],77.57575757575758
Reasonableness of Chapter Arrangement,0.6644193612566524,[0.57 0.76],78.343949044586
Quality of Introduction and Conclusion,0.6127808092533361,[0.52 0.71],77.07006369426752
Accuracy and Completeness of Citations,0.7020756043990465,[0.62 0.79],52.38095238095239
Timeliness and Relevance of References,0.7206756884660959,[0.64 0.8 ],75.75757575757575
Avoidance of Plagiarism and Appropriate Citation,0.1670723715007958,[0.1  0.27],45.16129032258064
Critical Analysis of Existing Research,0.7211100516558288,[0.64 0.8 ],72.72727272727273
Proposal of New Research Directions or Questions,0.7649445468254615,[0.69 0.84],73.88535031847134
Potential Contribution to the Field,0.7331163107033316,[0.65 0.81],72.72727272727273
Clarity of Research Method Description,0.679629373653447,[0.59 0.77],77.57575757575758
Rationality of Method Selection,0.6936854298423124,[0.61 0.78],74.54545454545455
Rigor of Research Design,0.6500075382458873,[0.56 0.75],74.54545454545455
Inclusion of Latest Research Results,0.7312274927166075,[0.65 0.81],75.75757575757575
Reflection of Current Research Hotspots,0.7006824753611517,[0.61 0.79],74.54545454545455
Fluency of Language Expression,0.5326686659437166,[0.43 0.64],73.88535031847134
Appropriateness of Professional Terminology Use,0.5390954576670265,[0.44 0.65],76.96969696969697
Conciseness of Expression,0.5250292960542696,[0.42 0.64],78.78787878787878
Practical Application Potential of Research Results,0.7236143730794802,[0.64 0.8 ],73.33333333333333
Feasibility of Proposed Suggestions,0.6897105143536653,[0.6  0.78],72.72727272727273
Logic of Argumentation,0.6572978252045001,[0.56 0.75],73.41772151898735
Multi-angle Analysis of Problems,0.7185601063291719,[0.63 0.8 ],72.72727272727273
Identification and Discussion of Research Limitations,0.6546521160679024,[0.56 0.75],73.33333333333333
