Subcategory,ICC (Intraclass Correlation Coefficient),ICC 95% Confidence Interval,Transitivity Consistency Ratio (%)
Topic Relevance,0.6040457272288672,[0.51 0.71],40.38461538461539
Comprehensiveness of Information,0.8608662357632214,[0.81 0.91],82.42424242424242
Accuracy of Information,0.4771690168634841,[0.38 0.59],26.47058823529412
Innovativeness of Viewpoints,0.7889465818601721,[0.72 0.85],77.35849056603774
Integration of Interdisciplinary Perspectives,0.8089593399321645,[0.74 0.87],86.06060606060606
Clarity of Logical Structure,0.7920031890158844,[0.72 0.86],83.03030303030303
Reasonableness of Chapter Arrangement,0.7941583985144413,[0.73 0.86],83.63636363636363
Quality of Introduction and Conclusion,0.7176949944848668,[0.63 0.8 ],83.63636363636363
Accuracy and Completeness of Citations,0.6693655370202346,[0.58 0.76],43.75
Timeliness and Relevance of References,0.7118377178391352,[0.63 0.79],80.0
Avoidance of Plagiarism and Appropriate Citation,0.5211921393547463,[0.42 0.63],34.146341463414636
Critical Analysis of Existing Research,0.8013695606123694,[0.73 0.86],77.9874213836478
Proposal of New Research Directions or Questions,0.7329248492066174,[0.65 0.81],78.18181818181819
Potential Contribution to the Field,0.780767826942848,[0.71 0.85],78.18181818181819
Clarity of Research Method Description,0.6768457675881281,[0.59 0.77],86.66666666666667
Rationality of Method Selection,0.67148360603204,[0.58 0.76],83.03030303030303
Rigor of Research Design,0.6545425979864189,[0.56 0.75],84.24242424242424
Inclusion of Latest Research Results,0.7227515910639724,[0.64 0.8 ],80.0
Reflection of Current Research Hotspots,0.7244636547686819,[0.64 0.8 ],83.03030303030303
Fluency of Language Expression,0.6433698790600181,[0.55 0.74],83.63636363636363
Appropriateness of Professional Terminology Use,0.678671187931212,[0.59 0.77],81.21212121212122
Conciseness of Expression,0.6010145557386503,[0.5 0.7],83.63636363636363
Practical Application Potential of Research Results,0.7492159374413428,[0.67 0.82],78.18181818181819
Feasibility of Proposed Suggestions,0.6472660069982505,[0.55 0.74],78.18181818181819
Logic of Argumentation,0.7167212005369935,[0.63 0.8 ],83.03030303030303
Multi-angle Analysis of Problems,0.7530079356516203,[0.68 0.83],82.16560509554141
Identification and Discussion of Research Limitations,0.6334942260123368,[0.54 0.73],83.03030303030303
