Subcategory,ICC (Intraclass Correlation Coefficient),ICC 95% Confidence Interval,Transitivity Consistency Ratio (%)
Topic Relevance,0.6509624692951553,[0.56 0.75],0.0
Comprehensiveness of Information,0.8446772241830581,[0.79 0.9 ],73.8255033557047
Accuracy of Information,0.542746056483816,[0.44 0.65],12.5
Innovativeness of Viewpoints,0.6140852172160426,[0.51 0.72],75.15923566878982
Integration of Interdisciplinary Perspectives,0.8034787742958288,[0.74 0.86],75.96899224806202
Clarity of Logical Structure,0.5835855363864325,[0.48 0.69],77.57575757575758
Reasonableness of Chapter Arrangement,0.6962027127677436,[0.61 0.78],76.96969696969697
Quality of Introduction and Conclusion,0.5653220060810628,[0.46 0.67],79.39393939393939
Accuracy and Completeness of Citations,0.5549826920875403,[0.45 0.66],72.56637168141593
Timeliness and Relevance of References,0.6369087516530495,[0.54 0.73],77.48344370860927
Avoidance of Plagiarism and Appropriate Citation,0.14768219511113317,[0.08 0.24],11.11111111111111
Critical Analysis of Existing Research,0.5949202061437746,[0.49 0.7 ],76.96969696969697
Proposal of New Research Directions or Questions,0.6367507275512008,[0.54 0.73],80.89171974522293
Potential Contribution to the Field,0.5884065356409129,[0.48 0.7 ],76.96969696969697
Clarity of Research Method Description,0.6225268402955741,[0.52 0.72],77.77777777777779
Rationality of Method Selection,0.630714174176192,[0.53 0.73],76.96969696969697
Rigor of Research Design,0.6197542266637004,[0.52 0.72],75.79617834394905
Inclusion of Latest Research Results,0.6431209486555347,[0.55 0.74],73.91304347826086
Reflection of Current Research Hotspots,0.7365505544433788,[0.65 0.81],78.18181818181819
Fluency of Language Expression,0.49556412085267243,[0.39 0.61],80.60606060606061
Appropriateness of Professional Terminology Use,0.46066561659807503,[0.36 0.58],76.33587786259542
Conciseness of Expression,0.5059828515035155,[0.4  0.62],81.52866242038218
Practical Application Potential of Research Results,0.5621763724570932,[0.45 0.67],76.96969696969697
Feasibility of Proposed Suggestions,0.5250856282906047,[0.42 0.64],80.89171974522293
Logic of Argumentation,0.5589849276424569,[0.45 0.67],77.57575757575758
Multi-angle Analysis of Problems,0.7216403883870351,[0.63 0.8 ],75.75757575757575
Identification and Discussion of Research Limitations,0.5927896095503914,[0.49 0.7 ],76.96969696969697
