Subcategory,ICC (Intraclass Correlation Coefficient),ICC 95% Confidence Interval,Transitivity Consistency Ratio (%)
Topic Relevance,0.7089530579303529,[0.62 0.79],87.27272727272727
Comprehensiveness of Information,0.8572959227371887,[0.8 0.9],74.54545454545455
Accuracy of Information,0.5224920413891234,[0.42 0.64],86.06060606060606
Innovativeness of Viewpoints,0.41559400912747324,[0.32 0.53],85.45454545454545
Integration of Interdisciplinary Perspectives,0.8495125124989964,[0.79 0.9 ],76.96969696969697
Clarity of Logical Structure,0.7826417401883375,[0.71 0.85],79.39393939393939
Reasonableness of Chapter Arrangement,0.7496432337857583,[0.67 0.82],79.39393939393939
Quality of Introduction and Conclusion,0.7218202490925562,[0.64 0.8 ],79.39393939393939
Accuracy and Completeness of Citations,0.44896391250126694,[0.35 0.57],87.27272727272727
Timeliness and Relevance of References,0.47034352479215047,[0.37 0.59],81.81818181818183
Avoidance of Plagiarism and Appropriate Citation,0.26355618119131446,[0.18 0.38],87.27272727272727
Critical Analysis of Existing Research,0.6535859618426976,[0.56 0.75],76.36363636363637
Proposal of New Research Directions or Questions,0.31979839763230317,[0.23 0.44],85.45454545454545
Potential Contribution to the Field,0.663074101873917,[0.57 0.76],79.39393939393939
Clarity of Research Method Description,0.6263855933712551,[0.53 0.73],77.57575757575758
Rationality of Method Selection,0.6327081742277038,[0.54 0.73],76.96969696969697
Rigor of Research Design,0.6264728386620771,[0.53 0.73],76.96969696969697
Inclusion of Latest Research Results,0.4916117166579633,[0.39 0.61],81.81818181818183
Reflection of Current Research Hotspots,0.6780867870828711,[0.59 0.77],79.39393939393939
Fluency of Language Expression,0.662530531013479,[0.57 0.75],79.39393939393939
Appropriateness of Professional Terminology Use,0.7068946541169886,[0.62 0.79],76.96969696969697
Conciseness of Expression,0.672696076880612,[0.58 0.76],81.21212121212122
Practical Application Potential of Research Results,0.7216831955782149,[0.64 0.8 ],79.39393939393939
Feasibility of Proposed Suggestions,0.45053120421390336,[0.35 0.57],83.63636363636363
Logic of Argumentation,0.7060764841922758,[0.62 0.79],79.39393939393939
Multi-angle Analysis of Problems,0.7632690114828392,[0.69 0.83],79.39393939393939
Identification and Discussion of Research Limitations,0.6192814022578805,[0.52 0.72],79.39393939393939
