Subcategory,ICC (Intraclass Correlation Coefficient),ICC 95% Confidence Interval,Transitivity Consistency Ratio (%)
Topic Relevance,0.7117384508723635,[0.62 0.8 ],81.69014084507043
Comprehensiveness of Information,0.7839164004679239,[0.69 0.86],83.03030303030303
Accuracy of Information,0.8037207577273777,[0.73 0.87],45.16129032258064
Innovativeness of Viewpoints,0.7949309100980911,[0.73 0.86],87.87878787878788
Integration of Interdisciplinary Perspectives,0.8102647771058945,[0.74 0.87],75.75757575757575
Clarity of Logical Structure,0.6103198795152189,[0.43 0.75],84.84848484848484
Reasonableness of Chapter Arrangement,0.6196931240432433,[0.48 0.74],83.6734693877551
Quality of Introduction and Conclusion,0.6428399176369473,[0.53 0.75],70.70063694267516
Accuracy and Completeness of Citations,0.9285948244557568,[0.9  0.95],52.94117647058824
Timeliness and Relevance of References,0.8673646126590748,[0.81 0.91],30.555555555555557
Avoidance of Plagiarism and Appropriate Citation,0.8695781132418174,[0.82 0.91],0.0
Critical Analysis of Existing Research,0.6790823076657546,[0.55 0.79],78.78787878787878
Proposal of New Research Directions or Questions,0.8632480059856142,[0.81 0.91],87.87878787878788
Potential Contribution to the Field,0.777368164177173,[0.69 0.85],68.50393700787401
Clarity of Research Method Description,0.6629887844801458,[0.56 0.76],76.74418604651163
Rationality of Method Selection,0.521696193183282,[0.42 0.63],38.095238095238095
Rigor of Research Design,0.5655735316355203,[0.46 0.67],60.0
Inclusion of Latest Research Results,0.8730480352661191,[0.82 0.92],69.23076923076923
Reflection of Current Research Hotspots,0.6040591319217875,[0.46 0.73],71.23287671232876
Fluency of Language Expression,0.42007047607962245,[0.31 0.55],82.35294117647058
Appropriateness of Professional Terminology Use,0.5919411352487738,[0.48 0.7 ],60.0
Conciseness of Expression,0.47812635150869975,[0.35 0.61],94.54545454545455
Practical Application Potential of Research Results,0.6444597624808097,[0.53 0.75],70.73170731707317
Feasibility of Proposed Suggestions,0.6557773534249682,[0.55 0.76],76.28205128205127
Logic of Argumentation,0.6537390677585684,[0.51 0.77],80.50847457627118
Multi-angle Analysis of Problems,0.790926324771857,[0.71 0.86],75.75757575757575
Identification and Discussion of Research Limitations,0.6392758149925531,[0.53 0.74],74.13793103448276
