Subcategory,ICC (Intraclass Correlation Coefficient),ICC 95% Confidence Interval,Transitivity Consistency Ratio (%)
Topic Relevance,0.5544230515806835,[0.45 0.66],86.66666666666667
Comprehensiveness of Information,0.8403313122821299,[0.78 0.89],74.54545454545455
Accuracy of Information,0.4023072126377053,[0.3  0.52],86.66666666666667
Innovativeness of Viewpoints,0.8046963375398494,[0.74 0.87],72.72727272727273
Integration of Interdisciplinary Perspectives,0.8315688823694223,[0.77 0.88],76.36363636363637
Clarity of Logical Structure,0.8102849284079993,[0.74 0.87],74.54545454545455
Reasonableness of Chapter Arrangement,0.8328960815974235,[0.77 0.89],73.93939393939394
Quality of Introduction and Conclusion,0.7768428688195359,[0.7  0.84],75.15151515151514
Accuracy and Completeness of Citations,0.46306414946068886,[0.36 0.58],87.87878787878788
Timeliness and Relevance of References,0.6384472701319726,[0.54 0.74],75.75757575757575
Avoidance of Plagiarism and Appropriate Citation,0.3057521776420028,[0.21 0.42],86.66666666666667
Critical Analysis of Existing Research,0.7930135413743111,[0.72 0.86],72.72727272727273
Proposal of New Research Directions or Questions,0.6607230695010371,[0.57 0.75],72.72727272727273
Potential Contribution to the Field,0.7888812274952837,[0.72 0.85],72.72727272727273
Clarity of Research Method Description,0.7989381739602159,[0.73 0.86],75.15151515151514
Rationality of Method Selection,0.8078309702893576,[0.74 0.87],74.54545454545455
Rigor of Research Design,0.8034108217943561,[0.74 0.86],74.54545454545455
Inclusion of Latest Research Results,0.6438167736738696,[0.55 0.74],75.75757575757575
Reflection of Current Research Hotspots,0.6515453985951001,[0.56 0.75],75.75757575757575
Fluency of Language Expression,0.7396232615651378,[0.66 0.82],74.54545454545455
Appropriateness of Professional Terminology Use,0.6886454438007402,[0.6  0.78],75.15151515151514
Conciseness of Expression,0.6469847229643207,[0.55 0.74],74.54545454545455
Practical Application Potential of Research Results,0.768994427441679,[0.69 0.84],72.72727272727273
Feasibility of Proposed Suggestions,0.580374463501624,[0.48 0.69],72.72727272727273
Logic of Argumentation,0.7991285193632135,[0.73 0.86],74.54545454545455
Multi-angle Analysis of Problems,0.7981395951663192,[0.73 0.86],72.72727272727273
Identification and Discussion of Research Limitations,0.7867094542803238,[0.72 0.85],72.72727272727273
