Subcategory,ICC (Intraclass Correlation Coefficient),ICC 95% Confidence Interval,Transitivity Consistency Ratio (%)
Topic Relevance,0.7503627433644404,[0.67 0.83],84.84848484848484
Comprehensiveness of Information,0.9110662996598516,[0.88 0.94],70.9090909090909
Accuracy of Information,0.6692261927929231,[0.58 0.76],92.72727272727272
Innovativeness of Viewpoints,0.8090705381009325,[0.74 0.87],70.9090909090909
Integration of Interdisciplinary Perspectives,0.8395332532862682,[0.78 0.89],70.3030303030303
Clarity of Logical Structure,0.8362231926985049,[0.78 0.89],75.15151515151514
Reasonableness of Chapter Arrangement,0.8341036355458257,[0.78 0.89],72.12121212121212
Quality of Introduction and Conclusion,0.8329678181323199,[0.77 0.89],75.15151515151514
Accuracy and Completeness of Citations,0.2902017148978578,[0.2  0.41],84.24242424242424
Timeliness and Relevance of References,0.366653831640036,[0.27 0.49],69.0909090909091
Avoidance of Plagiarism and Appropriate Citation,0.07982103002866059,[0.03 0.16],91.51515151515152
Critical Analysis of Existing Research,0.8381441679535426,[0.78 0.89],72.12121212121212
Proposal of New Research Directions or Questions,0.6268249847733147,[0.53 0.73],72.12121212121212
Potential Contribution to the Field,0.8246879467392534,[0.76 0.88],72.12121212121212
Clarity of Research Method Description,0.7077660463002686,[0.62 0.79],71.51515151515152
Rationality of Method Selection,0.7163696354904827,[0.63 0.8 ],69.6969696969697
Rigor of Research Design,0.7381610478345577,[0.66 0.81],70.9090909090909
Inclusion of Latest Research Results,0.35032276748283764,[0.26 0.47],70.9090909090909
Reflection of Current Research Hotspots,0.6645245268222141,[0.57 0.76],70.9090909090909
Fluency of Language Expression,0.7416449345470374,[0.66 0.82],75.15151515151514
Appropriateness of Professional Terminology Use,0.7257984684013804,[0.64 0.81],68.48484848484848
Conciseness of Expression,0.6913882162557906,[0.6  0.78],73.33333333333333
Practical Application Potential of Research Results,0.7923388849158045,[0.72 0.86],70.9090909090909
Feasibility of Proposed Suggestions,0.6903411270148442,[0.6  0.78],72.12121212121212
Logic of Argumentation,0.8357823767909096,[0.78 0.89],70.9090909090909
Multi-angle Analysis of Problems,0.8360461254901073,[0.78 0.89],70.9090909090909
Identification and Discussion of Research Limitations,0.7658473425221833,[0.69 0.84],70.9090909090909
