Subcategory,ICC (Intraclass Correlation Coefficient),ICC 95% Confidence Interval,Transitivity Consistency Ratio (%)
Topic Relevance,0.3776664714544185,[0.28 0.5 ],62.745098039215684
Comprehensiveness of Information,0.6948913310821202,[0.56 0.8 ],93.93939393939394
Accuracy of Information,0.19982682047987502,[0.12 0.31],55.172413793103445
Innovativeness of Viewpoints,0.66766995769851,[0.54 0.78],93.93939393939394
Integration of Interdisciplinary Perspectives,0.6814617907264381,[0.57 0.78],89.6969696969697
Clarity of Logical Structure,0.631786559812543,[0.51 0.74],92.72727272727272
Reasonableness of Chapter Arrangement,0.646935179404583,[0.54 0.75],87.87878787878788
Quality of Introduction and Conclusion,0.6012518707276624,[0.48 0.71],90.9090909090909
Accuracy and Completeness of Citations,0.5611798889331231,[0.46 0.67],69.81132075471697
Timeliness and Relevance of References,0.5928227737679919,[0.48 0.7 ],90.9090909090909
Avoidance of Plagiarism and Appropriate Citation,0.19474476058819412,[0.12 0.3 ],50.0
Critical Analysis of Existing Research,0.6435142688210976,[0.51 0.76],93.93939393939394
Proposal of New Research Directions or Questions,0.6426812462425936,[0.53 0.75],90.30303030303031
Potential Contribution to the Field,0.6467768535696081,[0.52 0.76],91.51515151515152
Clarity of Research Method Description,0.5554081505696479,[0.43 0.68],93.93939393939394
Rationality of Method Selection,0.5659931291946787,[0.45 0.68],88.46153846153845
Rigor of Research Design,0.5581323256000555,[0.43 0.68],92.99363057324841
Inclusion of Latest Research Results,0.605923571199937,[0.49 0.72],90.9090909090909
Reflection of Current Research Hotspots,0.6183776823165761,[0.5  0.73],89.171974522293
Fluency of Language Expression,0.4920822393574992,[0.37 0.62],92.72727272727272
Appropriateness of Professional Terminology Use,0.47308156394703815,[0.35 0.6 ],89.171974522293
Conciseness of Expression,0.4669398309881147,[0.35 0.59],91.13924050632912
Practical Application Potential of Research Results,0.6270700668073076,[0.5  0.74],91.51515151515152
Feasibility of Proposed Suggestions,0.5643971383217101,[0.44 0.69],90.44585987261146
Logic of Argumentation,0.5916120279585666,[0.46 0.71],92.72727272727272
Multi-angle Analysis of Problems,0.5977583924306108,[0.48 0.71],89.80891719745223
Identification and Discussion of Research Limitations,0.5537152221526247,[0.43 0.68],93.93939393939394
