Subcategory,ICC (Intraclass Correlation Coefficient),ICC 95% Confidence Interval,Transitivity Consistency Ratio (%)
Topic Relevance,0.43736392328508167,[0.34 0.56],64.1025641025641
Comprehensiveness of Information,0.7384588110973629,[0.65 0.82],77.63975155279503
Accuracy of Information,0.22655494032899673,[0.15 0.34],50.0
Innovativeness of Viewpoints,0.6483732749963151,[0.55 0.75],80.92105263157895
Integration of Interdisciplinary Perspectives,0.6808137360941955,[0.59 0.77],76.36363636363637
Clarity of Logical Structure,0.593448315147219,[0.49 0.7 ],79.19463087248322
Reasonableness of Chapter Arrangement,0.6282306186480577,[0.53 0.73],76.92307692307693
Quality of Introduction and Conclusion,0.5777497641955053,[0.48 0.69],79.19463087248322
Accuracy and Completeness of Citations,0.5605865215250869,[0.46 0.67],62.22222222222222
Timeliness and Relevance of References,0.6115544820964339,[0.51 0.71],83.03030303030303
Avoidance of Plagiarism and Appropriate Citation,0.20916574408623298,[0.13 0.32],31.25
Critical Analysis of Existing Research,0.6353188134611185,[0.53 0.74],80.92105263157895
Proposal of New Research Directions or Questions,0.6314602516149957,[0.54 0.73],82.16560509554141
Potential Contribution to the Field,0.6161510993733493,[0.52 0.72],82.42424242424242
Clarity of Research Method Description,0.580429524001963,[0.47 0.69],80.60606060606061
Rationality of Method Selection,0.6081545967055444,[0.5  0.71],80.0
Rigor of Research Design,0.5932182944899477,[0.48 0.7 ],78.343949044586
Inclusion of Latest Research Results,0.6164781853596752,[0.52 0.72],81.81818181818183
Reflection of Current Research Hotspots,0.6061605356525995,[0.51 0.71],79.87421383647799
Fluency of Language Expression,0.46312865579528695,[0.36 0.58],79.74683544303798
Appropriateness of Professional Terminology Use,0.45086063954849814,[0.34 0.57],76.97368421052632
Conciseness of Expression,0.46176541255981784,[0.35 0.58],79.11392405063292
Practical Application Potential of Research Results,0.6056251674922201,[0.5  0.71],79.87421383647799
Feasibility of Proposed Suggestions,0.5475721429988278,[0.44 0.66],82.42424242424242
Logic of Argumentation,0.5768855888214742,[0.47 0.69],78.48101265822784
Multi-angle Analysis of Problems,0.5946499930404628,[0.5 0.7],78.18181818181819
Identification and Discussion of Research Limitations,0.5556766787522626,[0.45 0.67],81.21212121212122
