Subcategory,ICC (Intraclass Correlation Coefficient),ICC 95% Confidence Interval,Transitivity Consistency Ratio (%)
Topic Relevance,0.7058657341265314,[0.62 0.79],86.06060606060606
Comprehensiveness of Information,0.8824564979259345,[0.84 0.92],78.18181818181819
Accuracy of Information,0.7278516829137897,[0.64 0.81],84.84848484848484
Innovativeness of Viewpoints,0.7953499079805921,[0.73 0.86],75.15151515151514
Integration of Interdisciplinary Perspectives,0.7718139302392464,[0.7  0.84],76.36363636363637
Clarity of Logical Structure,0.8567491101763696,[0.8 0.9],79.39393939393939
Reasonableness of Chapter Arrangement,0.8495880187744692,[0.79 0.9 ],80.60606060606061
Quality of Introduction and Conclusion,0.8144903346718826,[0.75 0.87],75.75757575757575
Accuracy and Completeness of Citations,0.6832671030809101,[0.59 0.77],87.87878787878788
Timeliness and Relevance of References,0.6374604040903173,[0.54 0.73],75.15151515151514
Avoidance of Plagiarism and Appropriate Citation,0.5064905877363447,[0.4  0.62],86.66666666666667
Critical Analysis of Existing Research,0.7928864604804575,[0.72 0.86],75.15151515151514
Proposal of New Research Directions or Questions,0.7134555842522275,[0.63 0.8 ],75.15151515151514
Potential Contribution to the Field,0.7500144182085209,[0.67 0.82],75.15151515151514
Clarity of Research Method Description,0.5965844404388524,[0.5 0.7],77.57575757575758
Rationality of Method Selection,0.666069513740085,[0.57 0.76],73.93939393939394
Rigor of Research Design,0.636422145108264,[0.54 0.73],80.0
Inclusion of Latest Research Results,0.6549958165917982,[0.56 0.75],75.15151515151514
Reflection of Current Research Hotspots,0.6861308576306153,[0.6  0.77],75.15151515151514
Fluency of Language Expression,0.7401299891777132,[0.66 0.82],78.78787878787878
Appropriateness of Professional Terminology Use,0.6373256364043797,[0.54 0.73],76.36363636363637
Conciseness of Expression,0.7361771919382734,[0.66 0.81],75.75757575757575
Practical Application Potential of Research Results,0.7560394938279917,[0.68 0.83],75.15151515151514
Feasibility of Proposed Suggestions,0.7162747908000631,[0.63 0.8 ],75.15151515151514
Logic of Argumentation,0.7648778253293012,[0.69 0.84],75.75757575757575
Multi-angle Analysis of Problems,0.7618699398156458,[0.69 0.83],75.75757575757575
Identification and Discussion of Research Limitations,0.6835434133388884,[0.59 0.77],75.15151515151514
