Subcategory,ICC (Intraclass Correlation Coefficient),ICC 95% Confidence Interval,Transitivity Consistency Ratio (%)
Topic Relevance,0.5770108532528675,[0.48 0.68],86.06060606060606
Comprehensiveness of Information,0.7578616563086135,[0.67 0.83],76.36363636363637
Accuracy of Information,0.5174722447271661,[0.42 0.63],86.06060606060606
Innovativeness of Viewpoints,0.6198307794188234,[0.52 0.72],78.18181818181819
Integration of Interdisciplinary Perspectives,0.6836990513036647,[0.57 0.78],72.72727272727273
Clarity of Logical Structure,0.6487648696535396,[0.53 0.76],79.39393939393939
Reasonableness of Chapter Arrangement,0.6269100698508963,[0.5  0.74],79.39393939393939
Quality of Introduction and Conclusion,0.6113739212056956,[0.49 0.72],79.39393939393939
Accuracy and Completeness of Citations,0.6660524596094634,[0.57 0.76],87.87878787878788
Timeliness and Relevance of References,0.5648176246366867,[0.44 0.68],75.75757575757575
Avoidance of Plagiarism and Appropriate Citation,0.4376648777706126,[0.34 0.56],86.06060606060606
Critical Analysis of Existing Research,0.5919682253519222,[0.49 0.7 ],76.36363636363637
Proposal of New Research Directions or Questions,0.49850605203299153,[0.39 0.61],77.57575757575758
Potential Contribution to the Field,0.5386375580243602,[0.44 0.65],76.96969696969697
Clarity of Research Method Description,0.6365590394976746,[0.54 0.74],75.15151515151514
Rationality of Method Selection,0.6251118965186547,[0.52 0.73],75.75757575757575
Rigor of Research Design,0.6269968775283098,[0.52 0.73],76.96969696969697
Inclusion of Latest Research Results,0.5502382023809081,[0.43 0.67],74.54545454545455
Reflection of Current Research Hotspots,0.5072240284807867,[0.38 0.64],75.15151515151514
Fluency of Language Expression,0.5369221154982408,[0.42 0.65],76.96969696969697
Appropriateness of Professional Terminology Use,0.5465287551962291,[0.44 0.66],73.33333333333333
Conciseness of Expression,0.4849590712523334,[0.38 0.61],76.96969696969697
Practical Application Potential of Research Results,0.5243804042884975,[0.42 0.64],76.96969696969697
Feasibility of Proposed Suggestions,0.28562712949960695,[0.2 0.4],76.36363636363637
Logic of Argumentation,0.6085581868840676,[0.49 0.72],75.75757575757575
Multi-angle Analysis of Problems,0.6255921228279503,[0.52 0.73],75.15151515151514
Identification and Discussion of Research Limitations,0.5570961313821996,[0.45 0.67],76.36363636363637
