Subcategory,ICC (Intraclass Correlation Coefficient),ICC 95% Confidence Interval,Transitivity Consistency Ratio (%)
Topic Relevance,0.4846772008844036,[0.38 0.6 ],82.0754716981132
Comprehensiveness of Information,0.7204273787254755,[0.64 0.8 ],86.07594936708861
Accuracy of Information,0.45467290100497454,[0.35 0.57],61.702127659574465
Innovativeness of Viewpoints,0.684062434812291,[0.59 0.77],86.07594936708861
Integration of Interdisciplinary Perspectives,0.6655208972266754,[0.57 0.76],86.06060606060606
Clarity of Logical Structure,0.6835732019346055,[0.59 0.77],85.90604026845638
Reasonableness of Chapter Arrangement,0.6745223921179051,[0.58 0.76],86.06060606060606
Quality of Introduction and Conclusion,0.6444151832279256,[0.55 0.74],87.82051282051282
Accuracy and Completeness of Citations,0.5744508485267783,[0.47 0.68],59.01639344262295
Timeliness and Relevance of References,0.5655293876166421,[0.47 0.67],78.61635220125787
Avoidance of Plagiarism and Appropriate Citation,0.3718279289592093,[0.27 0.49],57.77777777777777
Critical Analysis of Existing Research,0.676757003786251,[0.59 0.77],86.07594936708861
Proposal of New Research Directions or Questions,0.5901033897437411,[0.49 0.69],85.8974358974359
Potential Contribution to the Field,0.6594440726590499,[0.57 0.75],86.07594936708861
Clarity of Research Method Description,0.6246134618357985,[0.53 0.72],85.8974358974359
Rationality of Method Selection,0.6336724810643171,[0.54 0.73],85.8974358974359
Rigor of Research Design,0.6077242442814496,[0.51 0.71],85.8974358974359
Inclusion of Latest Research Results,0.5611425806789622,[0.46 0.67],78.61635220125787
Reflection of Current Research Hotspots,0.564268390709499,[0.46 0.67],81.21212121212122
Fluency of Language Expression,0.5560132471788295,[0.46 0.67],85.8974358974359
Appropriateness of Professional Terminology Use,0.538663041347294,[0.44 0.65],84.61538461538461
Conciseness of Expression,0.5532950967014365,[0.45 0.66],87.82051282051282
Practical Application Potential of Research Results,0.6407105360401026,[0.55 0.74],85.90604026845638
Feasibility of Proposed Suggestions,0.5668787413321651,[0.47 0.67],85.8974358974359
Logic of Argumentation,0.6463314635228472,[0.55 0.74],85.8974358974359
Multi-angle Analysis of Problems,0.6410640650243385,[0.55 0.74],85.8974358974359
Identification and Discussion of Research Limitations,0.6132287187440962,[0.52 0.71],85.8974358974359
