Subcategory,ICC (Intraclass Correlation Coefficient),ICC 95% Confidence Interval,Transitivity Consistency Ratio (%)
Topic Relevance,0.4060766512489709,[0.31 0.53],73.14814814814815
Comprehensiveness of Information,0.8017520254995417,[0.73 0.86],77.57575757575758
Accuracy of Information,0.20509571747794242,[0.13 0.31],48.0
Innovativeness of Viewpoints,0.8034211523276044,[0.74 0.86],81.21212121212122
Integration of Interdisciplinary Perspectives,0.7799731677797394,[0.71 0.85],80.0
Clarity of Logical Structure,0.6750831236998467,[0.58 0.77],74.54545454545455
Reasonableness of Chapter Arrangement,0.649944026450756,[0.55 0.75],74.54545454545455
Quality of Introduction and Conclusion,0.640783822169564,[0.55 0.74],75.0
Accuracy and Completeness of Citations,0.6843970032387268,[0.6  0.77],61.40350877192983
Timeliness and Relevance of References,0.6994834286776533,[0.61 0.78],75.15151515151514
Avoidance of Plagiarism and Appropriate Citation,0.3543617084179198,[0.26 0.47],70.58823529411765
Critical Analysis of Existing Research,0.7918735170821003,[0.72 0.86],82.6923076923077
Proposal of New Research Directions or Questions,0.7579570619471706,[0.68 0.83],80.60606060606061
Potential Contribution to the Field,0.7887939292061168,[0.72 0.85],82.6923076923077
Clarity of Research Method Description,0.6604943153410768,[0.57 0.75],75.15151515151514
Rationality of Method Selection,0.663331491156272,[0.57 0.76],75.15151515151514
Rigor of Research Design,0.637342397652062,[0.54 0.73],74.54545454545455
Inclusion of Latest Research Results,0.703762497882931,[0.62 0.79],73.93939393939394
Reflection of Current Research Hotspots,0.7097138912114864,[0.62 0.79],75.75757575757575
Fluency of Language Expression,0.5872532486354539,[0.49 0.69],73.93939393939394
Appropriateness of Professional Terminology Use,0.6199292622338475,[0.52 0.72],76.58227848101265
Conciseness of Expression,0.6225600134023628,[0.53 0.72],76.36363636363637
Practical Application Potential of Research Results,0.7658999439327194,[0.69 0.84],82.6923076923077
Feasibility of Proposed Suggestions,0.745983598882664,[0.67 0.82],80.60606060606061
Logic of Argumentation,0.6564954587862559,[0.56 0.75],73.41772151898735
Multi-angle Analysis of Problems,0.7314001162293168,[0.65 0.81],78.61635220125787
Identification and Discussion of Research Limitations,0.707581367867953,[0.62 0.79],78.61635220125787
