Subcategory,ICC (Intraclass Correlation Coefficient),ICC 95% Confidence Interval,Transitivity Consistency Ratio (%)
Topic Relevance,0.470446660077662,[0.37 0.59],70.0
Comprehensiveness of Information,0.6987820030027315,[0.54 0.81],91.51515151515152
Accuracy of Information,0.4253683722520816,[0.33 0.54],69.56521739130434
Innovativeness of Viewpoints,0.69885954507971,[0.55 0.81],93.33333333333333
Integration of Interdisciplinary Perspectives,0.7372242279868594,[0.63 0.83],87.87878787878788
Clarity of Logical Structure,0.6840128416118932,[0.55 0.79],87.87878787878788
Reasonableness of Chapter Arrangement,0.6713750506986348,[0.55 0.78],89.0909090909091
Quality of Introduction and Conclusion,0.626323215928905,[0.51 0.74],87.87878787878788
Accuracy and Completeness of Citations,0.7161222471296244,[0.63 0.8 ],81.3953488372093
Timeliness and Relevance of References,0.6520005636091871,[0.55 0.75],89.0909090909091
Avoidance of Plagiarism and Appropriate Citation,0.3999981433395981,[0.3  0.52],73.07692307692307
Critical Analysis of Existing Research,0.7046359718899043,[0.56 0.81],90.9090909090909
Proposal of New Research Directions or Questions,0.7580087833194059,[0.65 0.84],87.27272727272727
Potential Contribution to the Field,0.6979659443423059,[0.57 0.8 ],87.27272727272727
Clarity of Research Method Description,0.5949883526816223,[0.49 0.7 ],81.76100628930818
Rationality of Method Selection,0.5830155000823641,[0.46 0.7 ],83.63636363636363
Rigor of Research Design,0.5318498865162631,[0.41 0.66],83.63636363636363
Inclusion of Latest Research Results,0.6628267871348442,[0.56 0.76],89.0909090909091
Reflection of Current Research Hotspots,0.6499078497621555,[0.54 0.75],87.27272727272727
Fluency of Language Expression,0.47686832074748425,[0.36 0.6 ],87.17948717948718
Appropriateness of Professional Terminology Use,0.43095388393895667,[0.3  0.57],93.63057324840764
Conciseness of Expression,0.4353235096153277,[0.32 0.57],87.87878787878788
Practical Application Potential of Research Results,0.6883660733691934,[0.56 0.79],87.27272727272727
Feasibility of Proposed Suggestions,0.6428759053048425,[0.51 0.75],87.27272727272727
Logic of Argumentation,0.603130087344112,[0.46 0.73],88.48484848484848
Multi-angle Analysis of Problems,0.6560146289229658,[0.53 0.76],87.27272727272727
Identification and Discussion of Research Limitations,0.5536972648858604,[0.42 0.68],87.27272727272727
