Subcategory,ICC (Intraclass Correlation Coefficient),ICC 95% Confidence Interval,Transitivity Consistency Ratio (%)
Topic Relevance,0.4737790148405013,[0.37 0.59],71.29629629629629
Comprehensiveness of Information,0.7915181026136207,[0.72 0.86],86.66666666666667
Accuracy of Information,0.2699879435014119,[0.18 0.38],52.94117647058824
Innovativeness of Viewpoints,0.5821171144337881,[0.48 0.69],84.84848484848484
Integration of Interdisciplinary Perspectives,0.7163486325230456,[0.63 0.8 ],80.0
Clarity of Logical Structure,0.7696381638594374,[0.69 0.84],78.78787878787878
Reasonableness of Chapter Arrangement,0.7620672879555234,[0.69 0.83],81.21212121212122
Quality of Introduction and Conclusion,0.5335220027616282,[0.43 0.65],76.36363636363637
Accuracy and Completeness of Citations,0.6220258389507121,[0.53 0.72],73.14814814814815
Timeliness and Relevance of References,0.6568524771722813,[0.56 0.75],84.24242424242424
Avoidance of Plagiarism and Appropriate Citation,0.2927797717552493,[0.2  0.41],50.943396226415096
Critical Analysis of Existing Research,0.5747658852512615,[0.47 0.68],84.24242424242424
Proposal of New Research Directions or Questions,0.529618943068752,[0.43 0.64],77.5
Potential Contribution to the Field,0.5964291516227525,[0.5 0.7],78.18181818181819
Clarity of Research Method Description,0.7154669522553067,[0.63 0.8 ],83.03030303030303
Rationality of Method Selection,0.7044833701187465,[0.62 0.79],83.63636363636363
Rigor of Research Design,0.6932891114978912,[0.61 0.78],83.03030303030303
Inclusion of Latest Research Results,0.6460603686796956,[0.55 0.74],84.24242424242424
Reflection of Current Research Hotspots,0.6201288133605566,[0.52 0.72],80.60606060606061
Fluency of Language Expression,0.6476940116794611,[0.55 0.74],76.43312101910828
Appropriateness of Professional Terminology Use,0.7100450431905514,[0.62 0.79],81.81818181818183
Conciseness of Expression,0.6052142078734034,[0.51 0.71],76.0
Practical Application Potential of Research Results,0.5938094122003394,[0.49 0.7 ],81.21212121212122
Feasibility of Proposed Suggestions,0.541684162811133,[0.44 0.65],83.63636363636363
Logic of Argumentation,0.660368102080892,[0.57 0.75],75.15151515151514
Multi-angle Analysis of Problems,0.6961072853156611,[0.61 0.78],78.78787878787878
Identification and Discussion of Research Limitations,0.5294238296460131,[0.43 0.64],78.18181818181819
