Subcategory,ICC (Intraclass Correlation Coefficient),ICC 95% Confidence Interval,Transitivity Consistency Ratio (%)
Topic Relevance,0.46608653406981765,[0.36 0.58],82.16560509554141
Comprehensiveness of Information,0.677198501051485,[0.59 0.77],79.39393939393939
Accuracy of Information,0.35464515968789817,[0.26 0.47],70.94017094017094
Innovativeness of Viewpoints,0.6874438874784112,[0.6  0.78],76.96969696969697
Integration of Interdisciplinary Perspectives,0.5954688020487715,[0.49 0.7 ],84.84848484848484
Clarity of Logical Structure,0.5952159887151229,[0.5 0.7],80.60606060606061
Reasonableness of Chapter Arrangement,0.550477634264295,[0.45 0.66],81.0126582278481
Quality of Introduction and Conclusion,0.5189668180359075,[0.42 0.63],76.36363636363637
Accuracy and Completeness of Citations,0.5181707286170409,[0.42 0.63],80.0
Timeliness and Relevance of References,0.5822920827365132,[0.48 0.69],80.0
Avoidance of Plagiarism and Appropriate Citation,0.31606910176117015,[0.22 0.43],69.23076923076923
Critical Analysis of Existing Research,0.673930136242305,[0.58 0.76],76.96969696969697
Proposal of New Research Directions or Questions,0.573456916291843,[0.47 0.68],79.39393939393939
Potential Contribution to the Field,0.6369102003002908,[0.54 0.73],78.18181818181819
Clarity of Research Method Description,0.6690248708280562,[0.58 0.76],77.57575757575758
Rationality of Method Selection,0.6505279695834937,[0.56 0.75],77.57575757575758
Rigor of Research Design,0.6301091574738908,[0.53 0.73],78.18181818181819
Inclusion of Latest Research Results,0.6051548819617169,[0.51 0.71],80.0
Reflection of Current Research Hotspots,0.5859875707275212,[0.49 0.69],83.63636363636363
Fluency of Language Expression,0.4570155518101167,[0.36 0.57],80.60606060606061
Appropriateness of Professional Terminology Use,0.4805572936954556,[0.38 0.6 ],75.0
Conciseness of Expression,0.48827292391124816,[0.39 0.6 ],80.0
Practical Application Potential of Research Results,0.6295735237202968,[0.53 0.73],80.0
Feasibility of Proposed Suggestions,0.616165672438487,[0.52 0.72],80.0
Logic of Argumentation,0.5552104023625873,[0.45 0.66],78.78787878787878
Multi-angle Analysis of Problems,0.5773398817284526,[0.48 0.68],87.27272727272727
Identification and Discussion of Research Limitations,0.5790357977625654,[0.48 0.69],80.2547770700637
