Subcategory,ICC (Intraclass Correlation Coefficient),ICC 95% Confidence Interval,Transitivity Consistency Ratio (%)
Topic Relevance,0.3643867826742592,[0.27 0.48],78.94736842105263
Comprehensiveness of Information,0.5954878915250864,[0.5 0.7],81.21212121212122
Accuracy of Information,0.3388790545718261,[0.24 0.46],71.02803738317756
Innovativeness of Viewpoints,0.6215138995163313,[0.53 0.72],80.0
Integration of Interdisciplinary Perspectives,0.5845316625590862,[0.49 0.69],81.21212121212122
Clarity of Logical Structure,0.545916969156021,[0.44 0.66],76.96969696969697
Reasonableness of Chapter Arrangement,0.5255125635887159,[0.42 0.64],75.15151515151514
Quality of Introduction and Conclusion,0.45701814557914683,[0.36 0.58],76.96969696969697
Accuracy and Completeness of Citations,0.48159345991581565,[0.38 0.6 ],77.37226277372264
Timeliness and Relevance of References,0.5944072724985892,[0.5 0.7],80.0
Avoidance of Plagiarism and Appropriate Citation,0.3212880120623453,[0.23 0.44],73.68421052631578
Critical Analysis of Existing Research,0.5964591998535067,[0.5 0.7],80.0
Proposal of New Research Directions or Questions,0.47459011741561336,[0.37 0.59],80.0
Potential Contribution to the Field,0.5819088309002922,[0.48 0.69],80.0
Clarity of Research Method Description,0.5162417528153591,[0.41 0.63],84.84848484848484
Rationality of Method Selection,0.5274944096681714,[0.43 0.64],84.84848484848484
Rigor of Research Design,0.4926695834296066,[0.39 0.61],84.84848484848484
Inclusion of Latest Research Results,0.5750678969334597,[0.48 0.68],80.0
Reflection of Current Research Hotspots,0.577052696585163,[0.48 0.68],80.0
Fluency of Language Expression,0.4668569908859253,[0.37 0.58],77.21518987341773
Appropriateness of Professional Terminology Use,0.46952039084156955,[0.37 0.59],80.0
Conciseness of Expression,0.4799951971151196,[0.38 0.6 ],80.0
Practical Application Potential of Research Results,0.5432870105188332,[0.44 0.65],80.0
Feasibility of Proposed Suggestions,0.5087127361627428,[0.41 0.62],80.0
Logic of Argumentation,0.5143243872128542,[0.41 0.63],79.5031055900621
Multi-angle Analysis of Problems,0.5289804797870918,[0.43 0.64],81.81818181818183
Identification and Discussion of Research Limitations,0.5112492231199505,[0.41 0.63],81.81818181818183
