Subcategory,ICC (Intraclass Correlation Coefficient),ICC 95% Confidence Interval,Transitivity Consistency Ratio (%)
Topic Relevance,0.7313347184900064,[0.65 0.81],68.10344827586206
Comprehensiveness of Information,0.842746958373104,[0.79 0.89],73.93939393939394
Accuracy of Information,0.2553464207637658,[0.17 0.37],53.57142857142857
Innovativeness of Viewpoints,0.6506739008033303,[0.56 0.75],77.57575757575758
Integration of Interdisciplinary Perspectives,0.772413351892707,[0.7  0.84],73.93939393939394
Clarity of Logical Structure,0.7915671106492312,[0.72 0.86],76.96969696969697
Reasonableness of Chapter Arrangement,0.7609056131209898,[0.68 0.83],75.75757575757575
Quality of Introduction and Conclusion,0.6917211562686386,[0.6  0.78],76.36363636363637
Accuracy and Completeness of Citations,0.5237111552979374,[0.42 0.64],68.31683168316832
Timeliness and Relevance of References,0.5875648023646018,[0.49 0.69],73.93939393939394
Avoidance of Plagiarism and Appropriate Citation,0.20672162593078014,[0.13 0.31],53.84615384615385
Critical Analysis of Existing Research,0.6903500119917834,[0.6  0.78],76.96969696969697
Proposal of New Research Directions or Questions,0.5947632968401336,[0.5 0.7],75.75757575757575
Potential Contribution to the Field,0.6686497939248367,[0.58 0.76],74.54545454545455
Clarity of Research Method Description,0.6413281866296972,[0.55 0.74],73.93939393939394
Rationality of Method Selection,0.6435091374206143,[0.55 0.74],73.93939393939394
Rigor of Research Design,0.6147745535731216,[0.52 0.72],73.93939393939394
Inclusion of Latest Research Results,0.5986087160322874,[0.5 0.7],73.93939393939394
Reflection of Current Research Hotspots,0.7174748674997377,[0.63 0.8 ],73.93939393939394
Fluency of Language Expression,0.6369780290243221,[0.54 0.73],76.36363636363637
Appropriateness of Professional Terminology Use,0.639303456414249,[0.54 0.74],78.18181818181819
Conciseness of Expression,0.6048842160545391,[0.51 0.71],74.0506329113924
Practical Application Potential of Research Results,0.6938923226115504,[0.61 0.78],73.33333333333333
Feasibility of Proposed Suggestions,0.6206511968560017,[0.52 0.72],69.28104575163398
Logic of Argumentation,0.693373105487789,[0.61 0.78],75.15151515151514
Multi-angle Analysis of Problems,0.7275192809130345,[0.64 0.81],75.15151515151514
Identification and Discussion of Research Limitations,0.616166141427421,[0.52 0.72],75.15151515151514
