Subcategory,ICC (Intraclass Correlation Coefficient),ICC 95% Confidence Interval,Transitivity Consistency Ratio (%)
Topic Relevance,0.4357642858318716,[0.33 0.55],78.78787878787878
Comprehensiveness of Information,0.8869388615266047,[0.84 0.92],77.57575757575758
Accuracy of Information,0.4523071505551162,[0.35 0.57],81.81818181818183
Innovativeness of Viewpoints,0.809975998761583,[0.74 0.87],77.57575757575758
Integration of Interdisciplinary Perspectives,0.8024821195754098,[0.73 0.86],77.57575757575758
Clarity of Logical Structure,0.7776230067397873,[0.7  0.84],75.15151515151514
Reasonableness of Chapter Arrangement,0.826602951366023,[0.77 0.88],75.15151515151514
Quality of Introduction and Conclusion,0.8112001215373753,[0.75 0.87],74.54545454545455
Accuracy and Completeness of Citations,0.33997381443263747,[0.25 0.46],78.18181818181819
Timeliness and Relevance of References,0.5514224738291063,[0.45 0.66],78.78787878787878
Avoidance of Plagiarism and Appropriate Citation,0.06984002910720968,[0.02 0.15],81.21212121212122
Critical Analysis of Existing Research,0.8086192853809727,[0.74 0.87],77.57575757575758
Proposal of New Research Directions or Questions,0.770370740291614,[0.69 0.84],77.57575757575758
Potential Contribution to the Field,0.8034344865777866,[0.74 0.86],77.57575757575758
Clarity of Research Method Description,0.7525265018329186,[0.67 0.83],75.75757575757575
Rationality of Method Selection,0.7946844189373744,[0.73 0.86],77.57575757575758
Rigor of Research Design,0.7715504808569988,[0.7  0.84],76.96969696969697
Inclusion of Latest Research Results,0.5595636027788556,[0.46 0.67],78.78787878787878
Reflection of Current Research Hotspots,0.6707388114581191,[0.58 0.76],79.39393939393939
Fluency of Language Expression,0.6826553582419049,[0.59 0.77],75.15151515151514
Appropriateness of Professional Terminology Use,0.6579165500057054,[0.57 0.75],75.75757575757575
Conciseness of Expression,0.6946279033366088,[0.61 0.78],76.96969696969697
Practical Application Potential of Research Results,0.8051147274265599,[0.74 0.87],77.57575757575758
Feasibility of Proposed Suggestions,0.760129433690915,[0.68 0.83],77.57575757575758
Logic of Argumentation,0.7988478533146552,[0.73 0.86],75.15151515151514
Multi-angle Analysis of Problems,0.7998723876053251,[0.73 0.86],77.57575757575758
Identification and Discussion of Research Limitations,0.7583790486712714,[0.68 0.83],77.57575757575758
