Subcategory,ICC (Intraclass Correlation Coefficient),ICC 95% Confidence Interval,Transitivity Consistency Ratio (%)
Topic Relevance,0.3733417905297536,[0.28 0.49],50.847457627118644
Comprehensiveness of Information,0.552929714668947,[0.45 0.66],72.78481012658227
Accuracy of Information,0.1395209243870872,[0.08 0.23],17.647058823529413
Innovativeness of Viewpoints,0.7396952736768213,[0.66 0.82],73.33333333333333
Integration of Interdisciplinary Perspectives,0.5226130177804199,[0.42 0.64],78.78787878787878
Clarity of Logical Structure,0.5493982682892008,[0.45 0.66],72.43589743589743
Reasonableness of Chapter Arrangement,0.49616396598205725,[0.39 0.61],76.36363636363637
Quality of Introduction and Conclusion,0.6142768342585359,[0.52 0.72],73.33333333333333
Accuracy and Completeness of Citations,0.4840667599415814,[0.38 0.6 ],43.58974358974359
Timeliness and Relevance of References,0.4809863457064834,[0.38 0.6 ],72.43589743589743
Avoidance of Plagiarism and Appropriate Citation,0.08064525241720119,[0.03 0.16],27.77777777777778
Critical Analysis of Existing Research,0.7340535858080575,[0.65 0.81],73.07692307692307
Proposal of New Research Directions or Questions,0.716824966476915,[0.63 0.8 ],73.33333333333333
Potential Contribution to the Field,0.7444612528283463,[0.66 0.82],73.33333333333333
Clarity of Research Method Description,0.43776434398394565,[0.34 0.56],77.93103448275862
Rationality of Method Selection,0.46777946066045184,[0.37 0.59],73.24840764331209
Rigor of Research Design,0.43209059671336625,[0.33 0.55],74.54545454545455
Inclusion of Latest Research Results,0.533964909421304,[0.43 0.65],72.43589743589743
Reflection of Current Research Hotspots,0.5695294113906544,[0.47 0.68],70.70063694267516
Fluency of Language Expression,0.5274892295494626,[0.43 0.64],73.07692307692307
Appropriateness of Professional Terminology Use,0.4466337643534577,[0.35 0.56],73.75886524822694
Conciseness of Expression,0.5224870185810992,[0.42 0.64],72.72727272727273
Practical Application Potential of Research Results,0.720981894556352,[0.64 0.8 ],73.24840764331209
Feasibility of Proposed Suggestions,0.7070748400099824,[0.62 0.79],74.54545454545455
Logic of Argumentation,0.5906585878994807,[0.49 0.7 ],70.0
Multi-angle Analysis of Problems,0.5316020807508892,[0.43 0.64],75.15151515151514
Identification and Discussion of Research Limitations,0.5984063334542794,[0.5 0.7],69.6969696969697
