Subcategory,ICC (Intraclass Correlation Coefficient),ICC 95% Confidence Interval,Transitivity Consistency Ratio (%)
Topic Relevance,0.5864453078048675,[0.49 0.69],34.375
Comprehensiveness of Information,0.8784966764854362,[0.83 0.92],74.54545454545455
Accuracy of Information,0.48411864007667893,[0.38 0.6 ],37.83783783783784
Innovativeness of Viewpoints,0.7508895828632114,[0.67 0.82],81.81818181818183
Integration of Interdisciplinary Perspectives,0.819880511145262,[0.75 0.88],75.75757575757575
Clarity of Logical Structure,0.7686696820884695,[0.69 0.84],74.54545454545455
Reasonableness of Chapter Arrangement,0.7757398182893045,[0.7  0.84],74.54545454545455
Quality of Introduction and Conclusion,0.6965864331201347,[0.61 0.78],74.54545454545455
Accuracy and Completeness of Citations,0.7812484695316245,[0.71 0.85],48.93617021276596
Timeliness and Relevance of References,0.747951626153464,[0.67 0.82],75.15151515151514
Avoidance of Plagiarism and Appropriate Citation,0.39411349104778953,[0.3  0.51],37.5
Critical Analysis of Existing Research,0.7887025480072531,[0.72 0.85],78.78787878787878
Proposal of New Research Directions or Questions,0.7519199398610418,[0.67 0.83],77.84810126582279
Potential Contribution to the Field,0.7773762455985073,[0.7  0.84],77.57575757575758
Clarity of Research Method Description,0.6657022207819604,[0.57 0.76],74.54545454545455
Rationality of Method Selection,0.6663735820431352,[0.57 0.76],74.54545454545455
Rigor of Research Design,0.6404698937272779,[0.55 0.74],74.54545454545455
Inclusion of Latest Research Results,0.775490459416148,[0.7  0.84],75.15151515151514
Reflection of Current Research Hotspots,0.7373841050451374,[0.66 0.81],75.15151515151514
Fluency of Language Expression,0.6673029535095136,[0.58 0.76],74.54545454545455
Appropriateness of Professional Terminology Use,0.6663886120490641,[0.57 0.76],75.15151515151514
Conciseness of Expression,0.6651437074287575,[0.57 0.76],74.54545454545455
Practical Application Potential of Research Results,0.7755758901075095,[0.7  0.84],73.93939393939394
Feasibility of Proposed Suggestions,0.64269972457994,[0.55 0.74],73.93939393939394
Logic of Argumentation,0.7234498982808648,[0.64 0.8 ],74.54545454545455
Multi-angle Analysis of Problems,0.744342542442938,[0.66 0.82],75.15151515151514
Identification and Discussion of Research Limitations,0.668858183276808,[0.58 0.76],75.15151515151514
