Subcategory,ICC (Intraclass Correlation Coefficient),ICC 95% Confidence Interval,Transitivity Consistency Ratio (%)
Topic Relevance,0.42717256270743365,[0.32 0.55],0.0
Comprehensiveness of Information,0.8104583235355168,[0.74 0.87],77.21518987341773
Accuracy of Information,0.3678930852616155,[0.27 0.49],0.0
Innovativeness of Viewpoints,0.7991898094696798,[0.73 0.86],76.96969696969697
Integration of Interdisciplinary Perspectives,0.8316310207678262,[0.77 0.88],69.01408450704226
Clarity of Logical Structure,0.8453895457998457,[0.79 0.9 ],67.96875
Reasonableness of Chapter Arrangement,0.8336276302592281,[0.77 0.89],74.68354430379746
Quality of Introduction and Conclusion,0.7649439809101538,[0.69 0.84],72.78481012658227
Accuracy and Completeness of Citations,0.7664561105450346,[0.69 0.84],59.45945945945946
Timeliness and Relevance of References,0.7318541668166861,[0.65 0.81],74.10071942446042
Avoidance of Plagiarism and Appropriate Citation,0.4982958345880291,[0.4  0.61],23.52941176470588
Critical Analysis of Existing Research,0.8004731811302389,[0.73 0.86],76.96969696969697
Proposal of New Research Directions or Questions,0.7822882196160934,[0.71 0.85],76.96969696969697
Potential Contribution to the Field,0.7967301235651231,[0.73 0.86],76.96969696969697
Clarity of Research Method Description,0.6842065941382582,[0.59 0.77],68.22429906542055
Rationality of Method Selection,0.6813778319896416,[0.59 0.77],74.48275862068967
Rigor of Research Design,0.6746669202403304,[0.58 0.76],69.53125
Inclusion of Latest Research Results,0.7333615178770104,[0.65 0.81],74.10071942446042
Reflection of Current Research Hotspots,0.7692656080750354,[0.69 0.84],76.25
Fluency of Language Expression,0.6335213937643727,[0.54 0.73],67.64705882352942
Appropriateness of Professional Terminology Use,0.6403527603733575,[0.55 0.74],60.67415730337079
Conciseness of Expression,0.6952265401457698,[0.61 0.78],72.78481012658227
Practical Application Potential of Research Results,0.7757336082271225,[0.7  0.84],78.78787878787878
Feasibility of Proposed Suggestions,0.6632110258547653,[0.57 0.76],76.58227848101265
Logic of Argumentation,0.7537562333961716,[0.67 0.83],73.93939393939394
Multi-angle Analysis of Problems,0.7716370545230644,[0.7  0.84],76.96969696969697
Identification and Discussion of Research Limitations,0.6771932880883949,[0.59 0.77],71.72413793103448
