Subcategory,ICC (Intraclass Correlation Coefficient),ICC 95% Confidence Interval,Transitivity Consistency Ratio (%)
Topic Relevance,0.717287921252763,[0.63 0.8 ],29.03225806451613
Comprehensiveness of Information,0.822736322940533,[0.76 0.88],79.39393939393939
Accuracy of Information,0.49765677705160627,[0.4  0.61],26.666666666666668
Innovativeness of Viewpoints,0.8046457048990947,[0.74 0.86],78.18181818181819
Integration of Interdisciplinary Perspectives,0.7458794758275631,[0.65 0.83],77.12418300653596
Clarity of Logical Structure,0.7381951598093198,[0.64 0.82],80.0
Reasonableness of Chapter Arrangement,0.7028088924843641,[0.6  0.79],80.0
Quality of Introduction and Conclusion,0.6613229359253122,[0.56 0.76],78.78787878787878
Accuracy and Completeness of Citations,0.6223469584037303,[0.53 0.72],31.25
Timeliness and Relevance of References,0.5872432725746045,[0.49 0.69],78.78787878787878
Avoidance of Plagiarism and Appropriate Citation,0.32254428856620343,[0.23 0.44],29.03225806451613
Critical Analysis of Existing Research,0.8125039035791721,[0.75 0.87],78.18181818181819
Proposal of New Research Directions or Questions,0.7819483766653381,[0.71 0.85],78.2051282051282
Potential Contribution to the Field,0.7751743662226218,[0.7  0.84],78.78787878787878
Clarity of Research Method Description,0.62720024658761,[0.53 0.73],77.57575757575758
Rationality of Method Selection,0.6532606238772132,[0.56 0.75],77.57575757575758
Rigor of Research Design,0.6258021409100631,[0.53 0.72],77.57575757575758
Inclusion of Latest Research Results,0.5989685653144038,[0.5 0.7],78.78787878787878
Reflection of Current Research Hotspots,0.6586507660983234,[0.56 0.75],78.78787878787878
Fluency of Language Expression,0.5462767053795645,[0.43 0.66],78.2051282051282
Appropriateness of Professional Terminology Use,0.5940649066074932,[0.49 0.7 ],78.26086956521739
Conciseness of Expression,0.531036994663389,[0.42 0.65],78.78787878787878
Practical Application Potential of Research Results,0.7584837376435812,[0.68 0.83],79.39393939393939
Feasibility of Proposed Suggestions,0.618877982887034,[0.52 0.72],76.96969696969697
Logic of Argumentation,0.7126949620556676,[0.62 0.8 ],78.78787878787878
Multi-angle Analysis of Problems,0.7558818337429676,[0.68 0.83],78.78787878787878
Identification and Discussion of Research Limitations,0.6430938495789357,[0.55 0.74],78.78787878787878
