Subcategory,ICC (Intraclass Correlation Coefficient),ICC 95% Confidence Interval,Transitivity Consistency Ratio (%)
Topic Relevance,0.632516259774781,[0.53 0.73],66.66666666666666
Comprehensiveness of Information,0.7242573548590452,[0.6  0.82],92.12121212121212
Accuracy of Information,0.3014049293875633,[0.21 0.42],62.5
Innovativeness of Viewpoints,0.701400750561562,[0.6  0.79],85.45454545454545
Integration of Interdisciplinary Perspectives,0.6839343838628686,[0.58 0.78],90.30303030303031
Clarity of Logical Structure,0.6716447334584664,[0.56 0.77],85.98726114649682
Reasonableness of Chapter Arrangement,0.6662023150762708,[0.56 0.77],90.38461538461539
Quality of Introduction and Conclusion,0.6200040339382352,[0.51 0.73],86.66666666666667
Accuracy and Completeness of Citations,0.679981706693174,[0.59 0.77],86.11111111111111
Timeliness and Relevance of References,0.6485634492293358,[0.55 0.75],86.06060606060606
Avoidance of Plagiarism and Appropriate Citation,0.21077463997625845,[0.13 0.32],83.78378378378379
Critical Analysis of Existing Research,0.7014265555098018,[0.6  0.79],85.45454545454545
Proposal of New Research Directions or Questions,0.7786360570320727,[0.7  0.85],84.24242424242424
Potential Contribution to the Field,0.6956836789755056,[0.59 0.79],86.66666666666667
Clarity of Research Method Description,0.6039668013607293,[0.48 0.72],95.51282051282051
Rationality of Method Selection,0.6432756320317367,[0.53 0.75],92.12121212121212
Rigor of Research Design,0.5616654976851451,[0.44 0.68],91.66666666666666
Inclusion of Latest Research Results,0.6711884742694267,[0.57 0.76],86.06060606060606
Reflection of Current Research Hotspots,0.6715401136502083,[0.58 0.76],85.45454545454545
Fluency of Language Expression,0.4569558745684955,[0.34 0.58],85.45454545454545
Appropriateness of Professional Terminology Use,0.45596508327630675,[0.33 0.59],92.72727272727272
Conciseness of Expression,0.44088684022412067,[0.32 0.57],86.66666666666667
Practical Application Potential of Research Results,0.6743592284387246,[0.57 0.77],86.66666666666667
Feasibility of Proposed Suggestions,0.6417956728813831,[0.53 0.74],85.35031847133759
Logic of Argumentation,0.6182908444447696,[0.49 0.73],86.66666666666667
Multi-angle Analysis of Problems,0.6724241890227165,[0.57 0.77],86.66666666666667
Identification and Discussion of Research Limitations,0.5884063621672435,[0.47 0.7 ],86.66666666666667
