Subcategory,ICC (Intraclass Correlation Coefficient),ICC 95% Confidence Interval,Transitivity Consistency Ratio (%)
Topic Relevance,0.5502376630262119,[0.45 0.66],5.263157894736842
Comprehensiveness of Information,0.8622391156557767,[0.81 0.91],58.139534883720934
Accuracy of Information,0.4483565051686597,[0.35 0.57],24.137931034482758
Innovativeness of Viewpoints,0.7501377905916432,[0.67 0.82],75.5813953488372
Integration of Interdisciplinary Perspectives,0.7418923205945261,[0.66 0.82],22.22222222222222
Clarity of Logical Structure,0.6886098909200797,[0.6  0.78],42.857142857142854
Reasonableness of Chapter Arrangement,0.6934917720946375,[0.61 0.78],37.142857142857146
Quality of Introduction and Conclusion,0.6150908790251999,[0.52 0.72],73.13432835820896
Accuracy and Completeness of Citations,0.7265532203085147,[0.64 0.81],42.10526315789473
Timeliness and Relevance of References,0.7076988323064143,[0.62 0.79],58.69565217391305
Avoidance of Plagiarism and Appropriate Citation,0.49196925801948377,[0.39 0.61],23.076923076923077
Critical Analysis of Existing Research,0.7559689479145191,[0.68 0.83],77.64705882352942
Proposal of New Research Directions or Questions,0.701758164180389,[0.61 0.79],80.41237113402062
Potential Contribution to the Field,0.6944772352767662,[0.61 0.78],81.31868131868131
Clarity of Research Method Description,0.7437863118850306,[0.66 0.82],34.375
Rationality of Method Selection,0.7221946559122812,[0.64 0.8 ],50.0
Rigor of Research Design,0.7349623173696694,[0.65 0.81],41.66666666666667
Inclusion of Latest Research Results,0.713125341057051,[0.63 0.8 ],58.69565217391305
Reflection of Current Research Hotspots,0.5878853228588466,[0.49 0.69],59.61538461538461
Fluency of Language Expression,0.48021649971660346,[0.38 0.6 ],28.125
Appropriateness of Professional Terminology Use,0.6404398834242878,[0.55 0.74],24.137931034482758
Conciseness of Expression,0.48957896330255396,[0.39 0.61],47.22222222222222
Practical Application Potential of Research Results,0.6198508843420322,[0.52 0.72],73.86363636363636
Feasibility of Proposed Suggestions,0.5024862907270468,[0.4  0.62],77.5
Logic of Argumentation,0.6981456909568116,[0.61 0.78],59.09090909090909
Multi-angle Analysis of Problems,0.5902386244410798,[0.49 0.69],59.09090909090909
Identification and Discussion of Research Limitations,0.631496217994476,[0.54 0.73],75.0
