Subcategory,ICC (Intraclass Correlation Coefficient),ICC 95% Confidence Interval,Transitivity Consistency Ratio (%)
Topic Relevance,0.6770467150210057,[0.57 0.77],59.183673469387756
Comprehensiveness of Information,0.9155660289145007,[0.88 0.94],71.33333333333334
Accuracy of Information,0.580771081812694,[0.48 0.69],38.88888888888889
Innovativeness of Viewpoints,0.8745247783147911,[0.83 0.92],72.72727272727273
Integration of Interdisciplinary Perspectives,0.8970435670732574,[0.86 0.93],69.93464052287581
Clarity of Logical Structure,0.8813177528875327,[0.84 0.92],69.7841726618705
Reasonableness of Chapter Arrangement,0.8786010243338231,[0.83 0.92],72.0
Quality of Introduction and Conclusion,0.8248733811108794,[0.76 0.88],73.33333333333333
Accuracy and Completeness of Citations,0.6262340589071841,[0.53 0.73],50.0
Timeliness and Relevance of References,0.7115380437736978,[0.63 0.79],71.33333333333334
Avoidance of Plagiarism and Appropriate Citation,0.3515897982847105,[0.26 0.47],35.294117647058826
Critical Analysis of Existing Research,0.8510569201084585,[0.8 0.9],73.33333333333333
Proposal of New Research Directions or Questions,0.8038264828588345,[0.74 0.86],72.72727272727273
Potential Contribution to the Field,0.843569983825836,[0.79 0.89],72.72727272727273
Clarity of Research Method Description,0.7459827097853584,[0.67 0.82],67.15328467153284
Rationality of Method Selection,0.766186840389902,[0.69 0.84],71.33333333333334
Rigor of Research Design,0.7546768035606758,[0.68 0.83],68.91891891891892
Inclusion of Latest Research Results,0.7246278293005091,[0.64 0.8 ],72.43589743589743
Reflection of Current Research Hotspots,0.8026885326284521,[0.74 0.86],72.43589743589743
Fluency of Language Expression,0.834808681829482,[0.78 0.89],67.15328467153284
Appropriateness of Professional Terminology Use,0.8215552401920132,[0.76 0.88],68.79432624113475
Conciseness of Expression,0.7589500534829282,[0.68 0.83],71.33333333333334
Practical Application Potential of Research Results,0.8254615680318106,[0.76 0.88],72.72727272727273
Feasibility of Proposed Suggestions,0.7538300981006053,[0.68 0.83],72.72727272727273
Logic of Argumentation,0.8428656047820579,[0.79 0.89],71.33333333333334
Multi-angle Analysis of Problems,0.8379046784781881,[0.78 0.89],72.72727272727273
Identification and Discussion of Research Limitations,0.7656625978776775,[0.69 0.84],72.72727272727273
