Subcategory,ICC (Intraclass Correlation Coefficient),ICC 95% Confidence Interval,Transitivity Consistency Ratio (%)
Topic Relevance,0.5367195929697788,[0.44 0.65],31.428571428571427
Comprehensiveness of Information,0.8274174882439973,[0.77 0.88],76.96969696969697
Accuracy of Information,0.5688379972481971,[0.47 0.68],29.411764705882355
Innovativeness of Viewpoints,0.8167565094484773,[0.75 0.87],79.74683544303798
Integration of Interdisciplinary Perspectives,0.8224217350889079,[0.76 0.88],76.96969696969697
Clarity of Logical Structure,0.7950205695357162,[0.73 0.86],75.47169811320755
Reasonableness of Chapter Arrangement,0.7671066521617416,[0.69 0.84],76.92307692307693
Quality of Introduction and Conclusion,0.7424205826742034,[0.66 0.82],77.57575757575758
Accuracy and Completeness of Citations,0.7181582493883808,[0.63 0.8 ],67.04545454545455
Timeliness and Relevance of References,0.7405629396859597,[0.66 0.82],76.96969696969697
Avoidance of Plagiarism and Appropriate Citation,0.35799881305240755,[0.26 0.48],33.33333333333333
Critical Analysis of Existing Research,0.8296716042401654,[0.77 0.88],81.21212121212122
Proposal of New Research Directions or Questions,0.7662284026634044,[0.69 0.84],77.70700636942675
Potential Contribution to the Field,0.794305830086639,[0.73 0.86],80.60606060606061
Clarity of Research Method Description,0.6885087245137701,[0.6  0.78],75.47169811320755
Rationality of Method Selection,0.7035207087855048,[0.62 0.79],76.96969696969697
Rigor of Research Design,0.6866166341641214,[0.6  0.77],76.96969696969697
Inclusion of Latest Research Results,0.7626823464540102,[0.69 0.83],76.96969696969697
Reflection of Current Research Hotspots,0.7444053519738199,[0.66 0.82],76.96969696969697
Fluency of Language Expression,0.6633828180174509,[0.57 0.76],75.47169811320755
Appropriateness of Professional Terminology Use,0.6925435023755643,[0.6  0.78],75.47169811320755
Conciseness of Expression,0.621075515381656,[0.52 0.72],77.57575757575758
Practical Application Potential of Research Results,0.7698097384652867,[0.7  0.84],76.96969696969697
Feasibility of Proposed Suggestions,0.6557904315082935,[0.56 0.75],77.57575757575758
Logic of Argumentation,0.7874703448320876,[0.72 0.85],76.96969696969697
Multi-angle Analysis of Problems,0.7802984803636748,[0.71 0.85],76.96969696969697
Identification and Discussion of Research Limitations,0.712501090619177,[0.63 0.79],76.96969696969697
