Subcategory,ICC (Intraclass Correlation Coefficient),ICC 95% Confidence Interval,Transitivity Consistency Ratio (%)
Topic Relevance,0.8016302608473012,[0.73 0.86],55.00000000000001
Comprehensiveness of Information,0.9225676478040117,[0.89 0.95],75.15151515151514
Accuracy of Information,0.5788235369004319,[0.48 0.68],42.857142857142854
Innovativeness of Viewpoints,0.8985534990517622,[0.86 0.93],75.15151515151514
Integration of Interdisciplinary Perspectives,0.8968676229931174,[0.86 0.93],75.15151515151514
Clarity of Logical Structure,0.9041863764853013,[0.87 0.94],74.54545454545455
Reasonableness of Chapter Arrangement,0.8819023883858387,[0.84 0.92],74.54545454545455
Quality of Introduction and Conclusion,0.8698146238176119,[0.82 0.91],72.5
Accuracy and Completeness of Citations,0.7595438894104962,[0.68 0.83],38.23529411764706
Timeliness and Relevance of References,0.7881573253385128,[0.72 0.85],75.15151515151514
Avoidance of Plagiarism and Appropriate Citation,0.48016527239981943,[0.38 0.6 ],43.18181818181818
Critical Analysis of Existing Research,0.880599898050847,[0.83 0.92],73.88535031847134
Proposal of New Research Directions or Questions,0.8657600144025234,[0.81 0.91],73.88535031847134
Potential Contribution to the Field,0.8567048173664024,[0.8 0.9],73.88535031847134
Clarity of Research Method Description,0.7815986022002237,[0.71 0.85],72.67080745341616
Rationality of Method Selection,0.7797750048272136,[0.71 0.85],75.15151515151514
Rigor of Research Design,0.7705643433635437,[0.69 0.84],73.125
Inclusion of Latest Research Results,0.8001991644245499,[0.73 0.86],75.15151515151514
Reflection of Current Research Hotspots,0.7973475453334721,[0.73 0.86],75.15151515151514
Fluency of Language Expression,0.8228762210980788,[0.76 0.88],74.54545454545455
Appropriateness of Professional Terminology Use,0.8132296400620286,[0.75 0.87],73.41772151898735
Conciseness of Expression,0.8012066747594805,[0.73 0.86],74.54545454545455
Practical Application Potential of Research Results,0.8086727012368773,[0.74 0.87],73.88535031847134
Feasibility of Proposed Suggestions,0.7673570070703297,[0.69 0.84],73.88535031847134
Logic of Argumentation,0.8634996571510167,[0.81 0.91],72.5
Multi-angle Analysis of Problems,0.8506839063982989,[0.8 0.9],75.15151515151514
Identification and Discussion of Research Limitations,0.7829092291808338,[0.71 0.85],75.15151515151514
