Subcategory,ICC (Intraclass Correlation Coefficient),ICC 95% Confidence Interval,Transitivity Consistency Ratio (%)
Topic Relevance,0.8042901244704257,[0.73 0.87],24.137931034482758
Comprehensiveness of Information,0.9313652656928031,[0.9  0.95],74.54545454545455
Accuracy of Information,0.7680927411387023,[0.69 0.84],24.137931034482758
Innovativeness of Viewpoints,0.8823809962497029,[0.84 0.92],74.54545454545455
Integration of Interdisciplinary Perspectives,0.8743142775226063,[0.83 0.92],72.32704402515722
Clarity of Logical Structure,0.877471994716048,[0.83 0.92],75.75757575757575
Reasonableness of Chapter Arrangement,0.8724495863787254,[0.82 0.91],75.75757575757575
Quality of Introduction and Conclusion,0.8135716421180474,[0.75 0.87],75.75757575757575
Accuracy and Completeness of Citations,0.6886747173880793,[0.6  0.78],26.666666666666668
Timeliness and Relevance of References,0.637429797151875,[0.54 0.73],75.15151515151514
Avoidance of Plagiarism and Appropriate Citation,0.4868510246888503,[0.38 0.6 ],24.137931034482758
Critical Analysis of Existing Research,0.87202423406025,[0.82 0.91],74.54545454545455
Proposal of New Research Directions or Questions,0.8321971482868823,[0.77 0.89],74.54545454545455
Potential Contribution to the Field,0.8564121276993513,[0.8 0.9],74.54545454545455
Clarity of Research Method Description,0.6854014307242434,[0.59 0.77],73.71794871794873
Rationality of Method Selection,0.6929738420385088,[0.6  0.78],75.15151515151514
Rigor of Research Design,0.6753297109953831,[0.58 0.77],75.75757575757575
Inclusion of Latest Research Results,0.6651681439293109,[0.57 0.76],75.15151515151514
Reflection of Current Research Hotspots,0.7447029249296307,[0.67 0.82],76.36363636363637
Fluency of Language Expression,0.7404901389726838,[0.66 0.82],75.75757575757575
Appropriateness of Professional Terminology Use,0.7759431164957051,[0.7  0.84],70.50359712230215
Conciseness of Expression,0.790611649880594,[0.72 0.85],75.75757575757575
Practical Application Potential of Research Results,0.8479251670527876,[0.79 0.9 ],74.54545454545455
Feasibility of Proposed Suggestions,0.6915231707659966,[0.6  0.78],74.54545454545455
Logic of Argumentation,0.8208549001159648,[0.76 0.88],75.15151515151514
Multi-angle Analysis of Problems,0.8260331066276502,[0.76 0.88],76.36363636363637
Identification and Discussion of Research Limitations,0.6989308070258953,[0.61 0.78],75.15151515151514
