Subcategory,ICC (Intraclass Correlation Coefficient),ICC 95% Confidence Interval,Transitivity Consistency Ratio (%)
Topic Relevance,0.6194597581598273,[0.52 0.72],52.0
Comprehensiveness of Information,0.801634259657091,[0.73 0.86],74.54545454545455
Accuracy of Information,0.4768538602896375,[0.37 0.59],55.88235294117647
Innovativeness of Viewpoints,0.8291670276196436,[0.77 0.88],73.93939393939394
Integration of Interdisciplinary Perspectives,0.7628497424713918,[0.68 0.84],76.36363636363637
Clarity of Logical Structure,0.5967534322061216,[0.5 0.7],73.33333333333333
Reasonableness of Chapter Arrangement,0.6074955970466207,[0.51 0.71],73.33333333333333
Quality of Introduction and Conclusion,0.5877460588643512,[0.48 0.69],73.33333333333333
Accuracy and Completeness of Citations,0.5533273888876595,[0.45 0.66],48.78048780487805
Timeliness and Relevance of References,0.5955255410334502,[0.5 0.7],72.61146496815286
Avoidance of Plagiarism and Appropriate Citation,0.2959717942782061,[0.21 0.41],46.15384615384615
Critical Analysis of Existing Research,0.7980539154219862,[0.73 0.86],73.93939393939394
Proposal of New Research Directions or Questions,0.7468289228830638,[0.67 0.82],73.93939393939394
Potential Contribution to the Field,0.7929246932943036,[0.72 0.86],73.93939393939394
Clarity of Research Method Description,0.6052993861198402,[0.51 0.71],74.68354430379746
Rationality of Method Selection,0.6045339449597873,[0.51 0.71],75.15151515151514
Rigor of Research Design,0.609494451294698,[0.51 0.71],75.15151515151514
Inclusion of Latest Research Results,0.6102284627042048,[0.51 0.71],74.54545454545455
Reflection of Current Research Hotspots,0.7273013810023956,[0.64 0.81],73.33333333333333
Fluency of Language Expression,0.5312584955187172,[0.43 0.64],75.15151515151514
Appropriateness of Professional Terminology Use,0.6701022824024975,[0.58 0.76],74.68354430379746
Conciseness of Expression,0.5723972118917844,[0.47 0.68],74.54545454545455
Practical Application Potential of Research Results,0.7593755830657539,[0.68 0.83],73.93939393939394
Feasibility of Proposed Suggestions,0.6383273545599067,[0.54 0.74],73.93939393939394
Logic of Argumentation,0.6807120990985744,[0.59 0.77],74.54545454545455
Multi-angle Analysis of Problems,0.7095184932453442,[0.62 0.79],73.33333333333333
Identification and Discussion of Research Limitations,0.6220432387654824,[0.53 0.72],73.33333333333333
