Subcategory,ICC (Intraclass Correlation Coefficient),ICC 95% Confidence Interval,Transitivity Consistency Ratio (%)
Topic Relevance,0.7028842841542653,[0.61 0.79],43.58974358974359
Comprehensiveness of Information,0.8777194514996289,[0.83 0.92],86.56716417910447
Accuracy of Information,0.7299722916664462,[0.65 0.81],31.25
Innovativeness of Viewpoints,0.7779062956362965,[0.71 0.85],87.27272727272727
Integration of Interdisciplinary Perspectives,0.8149789816382851,[0.75 0.87],76.10619469026548
Clarity of Logical Structure,0.8087066758245723,[0.74 0.87],69.23076923076923
Reasonableness of Chapter Arrangement,0.7848150964714398,[0.71 0.85],77.61194029850746
Quality of Introduction and Conclusion,0.6078616059333514,[0.51 0.71],81.21212121212122
Accuracy and Completeness of Citations,0.7217161059818582,[0.64 0.8 ],44.44444444444444
Timeliness and Relevance of References,0.7510541542912541,[0.67 0.82],76.11940298507463
Avoidance of Plagiarism and Appropriate Citation,0.48841305135322843,[0.39 0.6 ],26.666666666666668
Critical Analysis of Existing Research,0.7970281774413668,[0.73 0.86],87.27272727272727
Proposal of New Research Directions or Questions,0.5595475940174446,[0.46 0.67],92.12121212121212
Potential Contribution to the Field,0.7469995883558175,[0.67 0.82],87.27272727272727
Clarity of Research Method Description,0.7451730293576596,[0.67 0.82],71.96261682242991
Rationality of Method Selection,0.7400020555560747,[0.66 0.82],72.86821705426357
Rigor of Research Design,0.7194651425595352,[0.64 0.8 ],74.80314960629921
Inclusion of Latest Research Results,0.7785466962226221,[0.71 0.85],81.34328358208955
Reflection of Current Research Hotspots,0.792551737484738,[0.72 0.86],77.30496453900709
Fluency of Language Expression,0.5708338246365114,[0.47 0.68],68.75
Appropriateness of Professional Terminology Use,0.6218224713580297,[0.53 0.72],75.47169811320755
Conciseness of Expression,0.4784089492500654,[0.38 0.59],78.19548872180451
Practical Application Potential of Research Results,0.7092284615348574,[0.62 0.79],80.0
Feasibility of Proposed Suggestions,0.42914488029527953,[0.33 0.55],84.24242424242424
Logic of Argumentation,0.7632486800408439,[0.69 0.83],75.3731343283582
Multi-angle Analysis of Problems,0.767867217881651,[0.69 0.84],84.24242424242424
Identification and Discussion of Research Limitations,0.6604251475060364,[0.57 0.75],78.37837837837837
