Subcategory,ICC (Intraclass Correlation Coefficient),ICC 95% Confidence Interval,Transitivity Consistency Ratio (%)
Topic Relevance,0.6289064621698617,[0.53 0.73],24.137931034482758
Comprehensiveness of Information,0.7481141337347105,[0.62 0.84],88.48484848484848
Accuracy of Information,0.5708814251597975,[0.47 0.68],24.137931034482758
Innovativeness of Viewpoints,0.6794204113940544,[0.57 0.78],86.06060606060606
Integration of Interdisciplinary Perspectives,0.7459640179743904,[0.66 0.82],80.0
Clarity of Logical Structure,0.6399457999698887,[0.53 0.75],87.87878787878788
Reasonableness of Chapter Arrangement,0.657106107737644,[0.55 0.76],89.6969696969697
Quality of Introduction and Conclusion,0.5635970986683323,[0.46 0.67],86.66666666666667
Accuracy and Completeness of Citations,0.6428558485375041,[0.55 0.74],29.03225806451613
Timeliness and Relevance of References,0.6141682817993327,[0.51 0.72],86.06060606060606
Avoidance of Plagiarism and Appropriate Citation,0.3418817238452166,[0.25 0.46],25.0
Critical Analysis of Existing Research,0.673544932981006,[0.56 0.78],86.06060606060606
Proposal of New Research Directions or Questions,0.6094646951868452,[0.51 0.71],86.06060606060606
Potential Contribution to the Field,0.674448686911253,[0.57 0.77],86.06060606060606
Clarity of Research Method Description,0.6132799204338207,[0.5  0.72],89.74358974358975
Rationality of Method Selection,0.6092839806799455,[0.5  0.72],88.48484848484848
Rigor of Research Design,0.5980483223782741,[0.49 0.71],89.6969696969697
Inclusion of Latest Research Results,0.6377900600100564,[0.54 0.74],86.06060606060606
Reflection of Current Research Hotspots,0.6765864801837032,[0.58 0.77],86.06060606060606
Fluency of Language Expression,0.44807390340087544,[0.34 0.57],89.6969696969697
Appropriateness of Professional Terminology Use,0.45235408630334284,[0.34 0.58],88.0
Conciseness of Expression,0.4094691814009518,[0.31 0.53],86.66666666666667
Practical Application Potential of Research Results,0.6712494248687293,[0.57 0.77],86.06060606060606
Feasibility of Proposed Suggestions,0.4854647732380172,[0.38 0.6 ],87.27272727272727
Logic of Argumentation,0.6322481844020129,[0.53 0.73],86.06060606060606
Multi-angle Analysis of Problems,0.6834068784835486,[0.59 0.77],86.06060606060606
Identification and Discussion of Research Limitations,0.5951096808611939,[0.49 0.7 ],86.06060606060606
