Subcategory,ICC (Intraclass Correlation Coefficient),ICC 95% Confidence Interval,Transitivity Consistency Ratio (%)
Topic Relevance,0.44220608822254803,[0.34 0.56],41.66666666666667
Comprehensiveness of Information,0.8735253708463265,[0.83 0.91],77.57575757575758
Accuracy of Information,0.575566203386804,[0.48 0.68],53.333333333333336
Innovativeness of Viewpoints,0.5939795427341366,[0.49 0.7 ],82.42424242424242
Integration of Interdisciplinary Perspectives,0.8374137867087544,[0.78 0.89],80.0
Clarity of Logical Structure,0.746815902390762,[0.67 0.82],75.177304964539
Reasonableness of Chapter Arrangement,0.7442050010363069,[0.66 0.82],77.57575757575758
Quality of Introduction and Conclusion,0.6780017484789836,[0.59 0.77],78.18181818181819
Accuracy and Completeness of Citations,0.7695564790406743,[0.7  0.84],34.375
Timeliness and Relevance of References,0.7909244741046025,[0.72 0.85],81.81818181818183
Avoidance of Plagiarism and Appropriate Citation,0.5097814865655482,[0.41 0.62],38.46153846153847
Critical Analysis of Existing Research,0.6062135457252038,[0.5  0.71],85.25641025641025
Proposal of New Research Directions or Questions,0.6483676918464312,[0.55 0.74],80.625
Potential Contribution to the Field,0.6002943605984997,[0.5  0.71],82.43243243243244
Clarity of Research Method Description,0.7432350421829386,[0.66 0.82],72.41379310344827
Rationality of Method Selection,0.7726086185594773,[0.7  0.84],75.75757575757575
Rigor of Research Design,0.7486956512550543,[0.67 0.82],75.75757575757575
Inclusion of Latest Research Results,0.7979940387245141,[0.73 0.86],79.87421383647799
Reflection of Current Research Hotspots,0.7936617228180246,[0.72 0.86],80.0
Fluency of Language Expression,0.6305795439440515,[0.53 0.73],72.85714285714285
Appropriateness of Professional Terminology Use,0.6903053088319829,[0.6  0.78],75.0
Conciseness of Expression,0.6127571590660522,[0.52 0.71],81.81818181818183
Practical Application Potential of Research Results,0.5856890364115603,[0.48 0.69],79.61783439490446
Feasibility of Proposed Suggestions,0.528294909421261,[0.43 0.64],77.9874213836478
Logic of Argumentation,0.6719712863398125,[0.58 0.76],82.27848101265823
Multi-angle Analysis of Problems,0.805509656800714,[0.74 0.87],78.18181818181819
Identification and Discussion of Research Limitations,0.6811771473631217,[0.59 0.77],77.56410256410257
