Subcategory,ICC (Intraclass Correlation Coefficient),ICC 95% Confidence Interval,Transitivity Consistency Ratio (%)
Topic Relevance,0.5726650876989581,[0.47 0.68],60.91954022988506
Comprehensiveness of Information,0.8759159251331939,[0.83 0.92],72.12121212121212
Accuracy of Information,0.5160573313232648,[0.41 0.63],54.23728813559322
Innovativeness of Viewpoints,0.768291498188727,[0.69 0.84],71.69811320754717
Integration of Interdisciplinary Perspectives,0.8404850568841594,[0.78 0.89],72.12121212121212
Clarity of Logical Structure,0.7657272847277483,[0.69 0.84],72.12121212121212
Reasonableness of Chapter Arrangement,0.7618405624164949,[0.69 0.83],72.12121212121212
Quality of Introduction and Conclusion,0.6997727304674262,[0.61 0.78],73.93939393939394
Accuracy and Completeness of Citations,0.6412071941615103,[0.55 0.74],60.71428571428571
Timeliness and Relevance of References,0.7883934003033202,[0.72 0.85],73.93939393939394
Avoidance of Plagiarism and Appropriate Citation,0.4995367489455856,[0.4  0.61],48.93617021276596
Critical Analysis of Existing Research,0.7567300034769414,[0.68 0.83],73.93939393939394
Proposal of New Research Directions or Questions,0.7101884239830851,[0.62 0.79],70.06369426751591
Potential Contribution to the Field,0.7604395883946629,[0.68 0.83],73.93939393939394
Clarity of Research Method Description,0.7641284692355296,[0.69 0.83],72.12121212121212
Rationality of Method Selection,0.7656455635912413,[0.69 0.84],73.93939393939394
Rigor of Research Design,0.7443158938391897,[0.66 0.82],72.12121212121212
Inclusion of Latest Research Results,0.795433946226771,[0.73 0.86],73.93939393939394
Reflection of Current Research Hotspots,0.7774418466441136,[0.7  0.84],73.93939393939394
Fluency of Language Expression,0.6568997345167167,[0.56 0.75],73.93939393939394
Appropriateness of Professional Terminology Use,0.6911049455538238,[0.6  0.78],72.72727272727273
Conciseness of Expression,0.6094191431335204,[0.51 0.71],73.93939393939394
Practical Application Potential of Research Results,0.7437169348541007,[0.66 0.82],72.12121212121212
Feasibility of Proposed Suggestions,0.5623921894670889,[0.46 0.67],74.54545454545455
Logic of Argumentation,0.7316610821069629,[0.65 0.81],72.72727272727273
Multi-angle Analysis of Problems,0.7586620534568859,[0.68 0.83],70.44025157232704
Identification and Discussion of Research Limitations,0.6374362681540692,[0.54 0.73],71.51515151515152
