Subcategory,ICC (Intraclass Correlation Coefficient),ICC 95% Confidence Interval,Transitivity Consistency Ratio (%)
Topic Relevance,0.6397310039424132,[0.54 0.74],32.35294117647059
Comprehensiveness of Information,0.882083633865823,[0.84 0.92],76.36363636363637
Accuracy of Information,0.3867297560526699,[0.29 0.51],24.137931034482758
Innovativeness of Viewpoints,0.8099798411556297,[0.74 0.87],78.78787878787878
Integration of Interdisciplinary Perspectives,0.7978385997885586,[0.73 0.86],73.93939393939394
Clarity of Logical Structure,0.8572383274229681,[0.8 0.9],78.18181818181819
Reasonableness of Chapter Arrangement,0.8280511087714526,[0.77 0.88],78.78787878787878
Quality of Introduction and Conclusion,0.7932853741359455,[0.72 0.86],79.39393939393939
Accuracy and Completeness of Citations,0.7434598554604706,[0.66 0.82],47.72727272727273
Timeliness and Relevance of References,0.8129676422921018,[0.75 0.87],77.57575757575758
Avoidance of Plagiarism and Appropriate Citation,0.2465704821845122,[0.16 0.36],29.411764705882355
Critical Analysis of Existing Research,0.8415177251938307,[0.78 0.89],78.78787878787878
Proposal of New Research Directions or Questions,0.8248451734617208,[0.76 0.88],75.625
Potential Contribution to the Field,0.8002544823418658,[0.73 0.86],78.78787878787878
Clarity of Research Method Description,0.7954042238727052,[0.73 0.86],76.96969696969697
Rationality of Method Selection,0.8007442667418065,[0.73 0.86],77.57575757575758
Rigor of Research Design,0.753219895891733,[0.68 0.83],78.18181818181819
Inclusion of Latest Research Results,0.8117012876875237,[0.75 0.87],77.57575757575758
Reflection of Current Research Hotspots,0.8350621660608449,[0.78 0.89],77.57575757575758
Fluency of Language Expression,0.7283499075720601,[0.65 0.81],78.18181818181819
Appropriateness of Professional Terminology Use,0.7192610472716497,[0.64 0.8 ],80.0
Conciseness of Expression,0.6998779369213167,[0.61 0.78],78.78787878787878
Practical Application Potential of Research Results,0.7864229595222124,[0.71 0.85],76.36363636363637
Feasibility of Proposed Suggestions,0.6691560168094208,[0.58 0.76],75.79617834394905
Logic of Argumentation,0.8183747798357489,[0.76 0.88],78.78787878787878
Multi-angle Analysis of Problems,0.8389257386618242,[0.78 0.89],77.57575757575758
Identification and Discussion of Research Limitations,0.7727500474562288,[0.7  0.84],77.57575757575758
