Subcategory,ICC (Intraclass Correlation Coefficient),ICC 95% Confidence Interval,Transitivity Consistency Ratio (%)
Topic Relevance,0.4913312745460038,[0.39 0.61],51.724137931034484
Comprehensiveness of Information,0.8064465360887184,[0.74 0.87],83.03030303030303
Accuracy of Information,0.5666095080932003,[0.47 0.67],58.69565217391305
Innovativeness of Viewpoints,0.5928009910754057,[0.49 0.7 ],84.0
Integration of Interdisciplinary Perspectives,0.7333692821977672,[0.65 0.81],80.0
Clarity of Logical Structure,0.5657091416313363,[0.46 0.68],78.78787878787878
Reasonableness of Chapter Arrangement,0.5612253977553772,[0.46 0.67],78.0
Quality of Introduction and Conclusion,0.5204005671456645,[0.41 0.64],76.25
Accuracy and Completeness of Citations,0.5995195769517242,[0.5 0.7],71.81818181818181
Timeliness and Relevance of References,0.6801903846802505,[0.59 0.77],81.0126582278481
Avoidance of Plagiarism and Appropriate Citation,0.4372076254283957,[0.34 0.56],62.5
Critical Analysis of Existing Research,0.6550606144003492,[0.56 0.75],80.89171974522293
Proposal of New Research Directions or Questions,0.5188934150428747,[0.42 0.63],85.35031847133759
Potential Contribution to the Field,0.6464806244131281,[0.55 0.74],78.66666666666666
Clarity of Research Method Description,0.5725685414963966,[0.47 0.68],84.84848484848484
Rationality of Method Selection,0.5646320873301385,[0.46 0.68],83.63636363636363
Rigor of Research Design,0.5531731132763437,[0.44 0.67],83.63636363636363
Inclusion of Latest Research Results,0.702643635322016,[0.62 0.79],81.21212121212122
Reflection of Current Research Hotspots,0.7182159620617021,[0.63 0.8 ],77.57575757575758
Fluency of Language Expression,0.43552057401226857,[0.33 0.56],78.78787878787878
Appropriateness of Professional Terminology Use,0.47650862032092867,[0.37 0.6 ],80.0
Conciseness of Expression,0.3980028303583793,[0.3  0.52],79.39393939393939
Practical Application Potential of Research Results,0.5990805904244745,[0.5 0.7],79.61783439490446
Feasibility of Proposed Suggestions,0.48753492003111093,[0.38 0.6 ],76.58227848101265
Logic of Argumentation,0.5615305333624415,[0.45 0.68],78.78787878787878
Multi-angle Analysis of Problems,0.6557706187218995,[0.56 0.75],80.0
Identification and Discussion of Research Limitations,0.5862981050213777,[0.48 0.69],81.21212121212122
