Subcategory,ICC (Intraclass Correlation Coefficient),ICC 95% Confidence Interval,Transitivity Consistency Ratio (%)
Topic Relevance,0.5163901526425444,[0.41 0.63],50.0
Comprehensiveness of Information,0.8625866640920862,[0.81 0.91],71.51515151515152
Accuracy of Information,0.44814570271644155,[0.35 0.57],47.05882352941176
Innovativeness of Viewpoints,0.7847096264137003,[0.71 0.85],74.54545454545455
Integration of Interdisciplinary Perspectives,0.847840397530529,[0.79 0.9 ],72.12121212121212
Clarity of Logical Structure,0.7602315393825514,[0.68 0.83],75.15923566878982
Reasonableness of Chapter Arrangement,0.7672494670798089,[0.69 0.84],73.93939393939394
Quality of Introduction and Conclusion,0.7162256325176276,[0.63 0.8 ],75.0
Accuracy and Completeness of Citations,0.6033426866690889,[0.51 0.71],58.06451612903226
Timeliness and Relevance of References,0.7908741380875408,[0.72 0.86],71.51515151515152
Avoidance of Plagiarism and Appropriate Citation,0.30496989317834544,[0.21 0.42],34.78260869565217
Critical Analysis of Existing Research,0.7673089274684421,[0.69 0.84],74.54545454545455
Proposal of New Research Directions or Questions,0.7137165651254154,[0.63 0.8 ],73.93939393939394
Potential Contribution to the Field,0.7661873200025343,[0.69 0.84],73.93939393939394
Clarity of Research Method Description,0.717966250361096,[0.63 0.8 ],73.93939393939394
Rationality of Method Selection,0.7267550975714862,[0.64 0.81],73.93939393939394
Rigor of Research Design,0.6975303712590272,[0.61 0.78],73.93939393939394
Inclusion of Latest Research Results,0.7908368950883216,[0.72 0.86],71.51515151515152
Reflection of Current Research Hotspots,0.7704301108249859,[0.69 0.84],70.9090909090909
Fluency of Language Expression,0.6693299432412066,[0.58 0.76],73.93939393939394
Appropriateness of Professional Terminology Use,0.6260655482212191,[0.53 0.72],72.12121212121212
Conciseness of Expression,0.6454243749120139,[0.55 0.74],73.93939393939394
Practical Application Potential of Research Results,0.747973285548601,[0.67 0.82],74.54545454545455
Feasibility of Proposed Suggestions,0.7201183561101197,[0.64 0.8 ],74.54545454545455
Logic of Argumentation,0.7425420300958911,[0.66 0.82],73.93939393939394
Multi-angle Analysis of Problems,0.7581397758685325,[0.68 0.83],70.625
Identification and Discussion of Research Limitations,0.7262335454263448,[0.64 0.81],70.625
