Subcategory,ICC (Intraclass Correlation Coefficient),ICC 95% Confidence Interval,Transitivity Consistency Ratio (%)
Topic Relevance,0.6439470308278871,[0.55 0.74],29.411764705882355
Comprehensiveness of Information,0.8163716801406783,[0.75 0.87],73.93939393939394
Accuracy of Information,0.5392386588827592,[0.44 0.65],24.137931034482758
Innovativeness of Viewpoints,0.7424874169068579,[0.66 0.82],70.9090909090909
Integration of Interdisciplinary Perspectives,0.7921938846392121,[0.72 0.86],73.93939393939394
Clarity of Logical Structure,0.7852041751011685,[0.71 0.85],72.72727272727273
Reasonableness of Chapter Arrangement,0.7607382563788426,[0.68 0.83],74.54545454545455
Quality of Introduction and Conclusion,0.7463447316098553,[0.67 0.82],72.12121212121212
Accuracy and Completeness of Citations,0.50629433043228,[0.4  0.62],52.94117647058824
Timeliness and Relevance of References,0.6096308319225494,[0.51 0.71],73.93939393939394
Avoidance of Plagiarism and Appropriate Citation,0.23840111098020433,[0.16 0.35],34.48275862068966
Critical Analysis of Existing Research,0.7232780261445468,[0.64 0.8 ],70.9090909090909
Proposal of New Research Directions or Questions,0.6960183972143718,[0.61 0.78],71.3375796178344
Potential Contribution to the Field,0.7122255305071584,[0.63 0.79],72.15189873417721
Clarity of Research Method Description,0.6518263743193805,[0.56 0.75],72.72727272727273
Rationality of Method Selection,0.6585179923609354,[0.57 0.75],72.72727272727273
Rigor of Research Design,0.6616526529884962,[0.57 0.75],72.72727272727273
Inclusion of Latest Research Results,0.6404812112219451,[0.55 0.74],73.93939393939394
Reflection of Current Research Hotspots,0.7039479571092536,[0.62 0.79],73.33333333333333
Fluency of Language Expression,0.6840365025551749,[0.59 0.77],72.12121212121212
Appropriateness of Professional Terminology Use,0.6626603677079778,[0.57 0.76],72.78481012658227
Conciseness of Expression,0.5897641836786672,[0.49 0.69],72.12121212121212
Practical Application Potential of Research Results,0.6741579580035881,[0.58 0.76],73.33333333333333
Feasibility of Proposed Suggestions,0.6430256166977133,[0.55 0.74],73.33333333333333
Logic of Argumentation,0.7470909790466446,[0.67 0.82],72.72727272727273
Multi-angle Analysis of Problems,0.7548646243601915,[0.68 0.83],72.72727272727273
Identification and Discussion of Research Limitations,0.6602982311403952,[0.57 0.75],72.72727272727273
