Subcategory,ICC (Intraclass Correlation Coefficient),ICC 95% Confidence Interval,Transitivity Consistency Ratio (%)
Topic Relevance,0.3448192107190245,[0.25 0.46],30.0
Comprehensiveness of Information,0.7886825783515443,[0.7  0.86],92.12121212121212
Accuracy of Information,0.36663439940603204,[0.27 0.49],0.0
Innovativeness of Viewpoints,0.7297902342444482,[0.63 0.82],91.0828025477707
Integration of Interdisciplinary Perspectives,0.7824887048192772,[0.7  0.85],92.35668789808918
Clarity of Logical Structure,0.743752517841137,[0.66 0.82],90.66666666666666
Reasonableness of Chapter Arrangement,0.7318304713109431,[0.64 0.81],92.72727272727272
Quality of Introduction and Conclusion,0.695506891578593,[0.6  0.78],92.12121212121212
Accuracy and Completeness of Citations,0.7239123309661241,[0.64 0.8 ],50.0
Timeliness and Relevance of References,0.7207176631731812,[0.64 0.8 ],92.72727272727272
Avoidance of Plagiarism and Appropriate Citation,0.22700996552758768,[0.15 0.34],30.76923076923077
Critical Analysis of Existing Research,0.7482054645517263,[0.66 0.83],91.71974522292994
Proposal of New Research Directions or Questions,0.7410682192489555,[0.65 0.82],92.12121212121212
Potential Contribution to the Field,0.7477497140265987,[0.66 0.83],92.12121212121212
Clarity of Research Method Description,0.6739944372398783,[0.58 0.77],91.33333333333333
Rationality of Method Selection,0.6830054908840034,[0.59 0.77],92.72727272727272
Rigor of Research Design,0.6414295199400468,[0.54 0.74],91.77215189873418
Inclusion of Latest Research Results,0.7358189939054164,[0.65 0.81],92.72727272727272
Reflection of Current Research Hotspots,0.7489889576428082,[0.67 0.82],92.72727272727272
Fluency of Language Expression,0.5699384289714474,[0.47 0.68],90.14084507042254
Appropriateness of Professional Terminology Use,0.5659374215100793,[0.46 0.67],87.90322580645162
Conciseness of Expression,0.5296256747180706,[0.43 0.64],89.86486486486487
Practical Application Potential of Research Results,0.7318837995228208,[0.64 0.81],92.72727272727272
Feasibility of Proposed Suggestions,0.5554054462447743,[0.45 0.67],87.5776397515528
Logic of Argumentation,0.7281015559646052,[0.64 0.81],91.71974522292994
Multi-angle Analysis of Problems,0.7531673617467296,[0.67 0.83],92.72727272727272
Identification and Discussion of Research Limitations,0.6126200851767294,[0.51 0.71],92.72727272727272
