Subcategory,ICC (Intraclass Correlation Coefficient),ICC 95% Confidence Interval,Transitivity Consistency Ratio (%)
Topic Relevance,0.5823424390654044,[0.46 0.7 ],59.67741935483871
Comprehensiveness of Information,0.792565380431696,[0.72 0.86],81.21212121212122
Accuracy of Information,0.5127863015632661,[0.41 0.63],50.0
Innovativeness of Viewpoints,0.7172229458267255,[0.62 0.8 ],76.10062893081762
Integration of Interdisciplinary Perspectives,0.7763963342379574,[0.7  0.84],81.21212121212122
Clarity of Logical Structure,0.7891350415760238,[0.72 0.85],85.45454545454545
Reasonableness of Chapter Arrangement,0.7562878753843171,[0.68 0.83],85.45454545454545
Quality of Introduction and Conclusion,0.7089982195702262,[0.62 0.79],85.45454545454545
Accuracy and Completeness of Citations,0.6513534859625972,[0.56 0.75],55.172413793103445
Timeliness and Relevance of References,0.6970727881658557,[0.61 0.78],79.87421383647799
Avoidance of Plagiarism and Appropriate Citation,0.4322740438673305,[0.33 0.55],46.666666666666664
Critical Analysis of Existing Research,0.7240152906393118,[0.63 0.81],77.35849056603774
Proposal of New Research Directions or Questions,0.7256715959064415,[0.64 0.81],76.96969696969697
Potential Contribution to the Field,0.7107578916720426,[0.62 0.8 ],75.47169811320755
Clarity of Research Method Description,0.6883631571818859,[0.6  0.78],81.52866242038218
Rationality of Method Selection,0.686242277245686,[0.6  0.77],81.21212121212122
Rigor of Research Design,0.6593863765742248,[0.57 0.75],81.21212121212122
Inclusion of Latest Research Results,0.695245324310137,[0.61 0.78],81.81818181818183
Reflection of Current Research Hotspots,0.7297751599457135,[0.65 0.81],79.87421383647799
Fluency of Language Expression,0.7007874799875733,[0.61 0.79],85.45454545454545
Appropriateness of Professional Terminology Use,0.6475863009009206,[0.55 0.74],81.52866242038218
Conciseness of Expression,0.6652321255166103,[0.57 0.76],84.17721518987342
Practical Application Potential of Research Results,0.6883874267223579,[0.59 0.78],78.78787878787878
Feasibility of Proposed Suggestions,0.5964083618950363,[0.5 0.7],78.78787878787878
Logic of Argumentation,0.7213163821593995,[0.64 0.8 ],85.45454545454545
Multi-angle Analysis of Problems,0.7152859541181057,[0.63 0.8 ],81.21212121212122
Identification and Discussion of Research Limitations,0.6475490985523029,[0.55 0.74],80.60606060606061
