Subcategory,ICC (Intraclass Correlation Coefficient),ICC 95% Confidence Interval,Transitivity Consistency Ratio (%)
Topic Relevance,0.6576857532890941,[0.56 0.75],50.847457627118644
Comprehensiveness of Information,0.8832906232496729,[0.84 0.92],79.39393939393939
Accuracy of Information,0.5178165906320371,[0.42 0.63],52.083333333333336
Innovativeness of Viewpoints,0.7968205070149734,[0.73 0.86],80.0
Integration of Interdisciplinary Perspectives,0.8556414423758677,[0.8 0.9],79.39393939393939
Clarity of Logical Structure,0.8041666982624627,[0.74 0.86],78.84615384615384
Reasonableness of Chapter Arrangement,0.817428086227485,[0.75 0.87],76.3975155279503
Quality of Introduction and Conclusion,0.7291937445338649,[0.65 0.81],81.81818181818183
Accuracy and Completeness of Citations,0.7110999811375613,[0.63 0.79],54.6875
Timeliness and Relevance of References,0.7793099736668394,[0.71 0.85],78.84615384615384
Avoidance of Plagiarism and Appropriate Citation,0.5461614548456014,[0.45 0.66],55.81395348837209
Critical Analysis of Existing Research,0.7948203920028457,[0.73 0.86],78.78787878787878
Proposal of New Research Directions or Questions,0.7723454063402679,[0.7  0.84],83.63636363636363
Potential Contribution to the Field,0.8031630321966979,[0.74 0.86],78.78787878787878
Clarity of Research Method Description,0.7892386952009284,[0.72 0.85],79.39393939393939
Rationality of Method Selection,0.7920737835145271,[0.72 0.86],79.39393939393939
Rigor of Research Design,0.7802026991810317,[0.71 0.85],79.39393939393939
Inclusion of Latest Research Results,0.8052688271285173,[0.74 0.87],79.39393939393939
Reflection of Current Research Hotspots,0.7800868002003833,[0.71 0.85],79.39393939393939
Fluency of Language Expression,0.6481760621945527,[0.55 0.74],81.81818181818183
Appropriateness of Professional Terminology Use,0.6756202251487483,[0.59 0.77],79.39393939393939
Conciseness of Expression,0.5761226249147706,[0.48 0.68],80.0
Practical Application Potential of Research Results,0.7972980073941984,[0.73 0.86],79.39393939393939
Feasibility of Proposed Suggestions,0.6618241044815614,[0.57 0.75],81.81818181818183
Logic of Argumentation,0.7758276124733481,[0.7  0.84],79.39393939393939
Multi-angle Analysis of Problems,0.8001469210306188,[0.73 0.86],79.39393939393939
Identification and Discussion of Research Limitations,0.7216863326461735,[0.64 0.8 ],79.39393939393939
