Subcategory,ICC (Intraclass Correlation Coefficient),ICC 95% Confidence Interval,Transitivity Consistency Ratio (%)
Topic Relevance,0.5835287943961642,[0.48 0.69],4.545454545454546
Comprehensiveness of Information,0.6802971747141644,[0.51 0.8 ],90.9090909090909
Accuracy of Information,0.38082615418599525,[0.28 0.5 ],37.5
Innovativeness of Viewpoints,0.41491771995375726,[0.3  0.54],92.72727272727272
Integration of Interdisciplinary Perspectives,0.5793717258560597,[0.48 0.69],82.01438848920863
Clarity of Logical Structure,0.4098711874093404,[0.31 0.53],83.03030303030303
Reasonableness of Chapter Arrangement,0.5367423039680063,[0.43 0.65],85.45454545454545
Quality of Introduction and Conclusion,0.2656884717106761,[0.18 0.38],87.26114649681529
Accuracy and Completeness of Citations,0.641035453793111,[0.55 0.74],66.66666666666666
Timeliness and Relevance of References,0.5264356208545915,[0.42 0.64],89.171974522293
Avoidance of Plagiarism and Appropriate Citation,0.4631562547251627,[0.36 0.58],0.0
Critical Analysis of Existing Research,0.40485873997429367,[0.29 0.53],93.93939393939394
Proposal of New Research Directions or Questions,0.5916676924197858,[0.49 0.7 ],92.12121212121212
Potential Contribution to the Field,0.5398667615522857,[0.43 0.66],94.23076923076923
Clarity of Research Method Description,0.35333864759161826,[0.26 0.47],83.80281690140845
Rationality of Method Selection,0.3595417315806532,[0.26 0.48],82.89473684210526
Rigor of Research Design,0.3697240805399893,[0.27 0.49],83.82352941176471
Inclusion of Latest Research Results,0.49130783234599623,[0.39 0.61],90.44585987261146
Reflection of Current Research Hotspots,0.368149734291211,[0.27 0.49],83.63636363636363
Fluency of Language Expression,0.2669141601636487,[0.18 0.38],91.54929577464789
Appropriateness of Professional Terminology Use,0.16184097616107493,[0.1  0.26],88.88888888888889
Conciseness of Expression,0.26794796205653837,[0.18 0.38],91.33333333333333
Practical Application Potential of Research Results,0.547892865049039,[0.44 0.66],91.51515151515152
Feasibility of Proposed Suggestions,0.34019801997462096,[0.25 0.46],91.51515151515152
Logic of Argumentation,0.31301388120568935,[0.22 0.43],83.03030303030303
Multi-angle Analysis of Problems,0.2882709360265246,[0.2  0.41],86.62420382165605
Identification and Discussion of Research Limitations,0.2940086223674996,[0.2  0.41],86.66666666666667
