Subcategory,ICC (Intraclass Correlation Coefficient),ICC 95% Confidence Interval,Transitivity Consistency Ratio (%)
Topic Relevance,0.6787976715868864,[0.59 0.77],66.0377358490566
Comprehensiveness of Information,0.803552157341294,[0.73 0.87],90.30303030303031
Accuracy of Information,0.6249009031218787,[0.53 0.72],57.446808510638306
Innovativeness of Viewpoints,0.7428524019304571,[0.66 0.82],90.30303030303031
Integration of Interdisciplinary Perspectives,0.7993031653963055,[0.72 0.87],85.45454545454545
Clarity of Logical Structure,0.7684359825333351,[0.69 0.84],92.35668789808918
Reasonableness of Chapter Arrangement,0.7599169571874076,[0.68 0.83],89.80891719745223
Quality of Introduction and Conclusion,0.708835608399325,[0.62 0.79],90.30303030303031
Accuracy and Completeness of Citations,0.7250082290084066,[0.64 0.8 ],65.0
Timeliness and Relevance of References,0.7227302118580001,[0.64 0.8 ],90.30303030303031
Avoidance of Plagiarism and Appropriate Citation,0.5197626897694518,[0.42 0.63],57.446808510638306
Critical Analysis of Existing Research,0.7350590357457444,[0.65 0.81],87.87878787878788
Proposal of New Research Directions or Questions,0.7315997229548308,[0.65 0.81],86.66666666666667
Potential Contribution to the Field,0.729812436689834,[0.65 0.81],85.45454545454545
Clarity of Research Method Description,0.7430186031952296,[0.66 0.82],90.30303030303031
Rationality of Method Selection,0.7388606404742566,[0.66 0.82],90.30303030303031
Rigor of Research Design,0.6812414916299393,[0.59 0.77],90.30303030303031
Inclusion of Latest Research Results,0.7345676280965387,[0.65 0.81],90.30303030303031
Reflection of Current Research Hotspots,0.7273115080021608,[0.64 0.81],90.30303030303031
Fluency of Language Expression,0.6447339602076806,[0.55 0.74],87.89808917197452
Appropriateness of Professional Terminology Use,0.6592509607485294,[0.57 0.75],86.06060606060606
Conciseness of Expression,0.6083158385725849,[0.51 0.71],87.89808917197452
Practical Application Potential of Research Results,0.7118529778271784,[0.63 0.79],84.24242424242424
Feasibility of Proposed Suggestions,0.6619658802040437,[0.57 0.75],85.25641025641025
Logic of Argumentation,0.7076013466782063,[0.62 0.79],90.30303030303031
Multi-angle Analysis of Problems,0.6987342739724417,[0.61 0.78],92.12121212121212
Identification and Discussion of Research Limitations,0.6532145007607062,[0.56 0.75],89.0909090909091
