Subcategory,ICC (Intraclass Correlation Coefficient),ICC 95% Confidence Interval,Transitivity Consistency Ratio (%)
Topic Relevance,0.5821195783374907,[0.48 0.69],53.84615384615385
Comprehensiveness of Information,0.8399409539136189,[0.78 0.89],71.51515151515152
Accuracy of Information,0.4219352982081463,[0.32 0.54],51.162790697674424
Innovativeness of Viewpoints,0.8349392677534485,[0.77 0.89],71.51515151515152
Integration of Interdisciplinary Perspectives,0.8383539050142625,[0.78 0.89],69.50354609929079
Clarity of Logical Structure,0.7809250717738417,[0.7  0.85],69.02654867256636
Reasonableness of Chapter Arrangement,0.8029325730537719,[0.73 0.87],71.51515151515152
Quality of Introduction and Conclusion,0.7480036271758953,[0.66 0.83],71.51515151515152
Accuracy and Completeness of Citations,0.5964945103270091,[0.5 0.7],43.90243902439025
Timeliness and Relevance of References,0.6227411057546067,[0.53 0.72],69.50354609929079
Avoidance of Plagiarism and Appropriate Citation,0.31903996337336016,[0.23 0.44],46.42857142857143
Critical Analysis of Existing Research,0.7660799304673341,[0.69 0.84],71.51515151515152
Proposal of New Research Directions or Questions,0.7327223013672867,[0.65 0.81],71.51515151515152
Potential Contribution to the Field,0.7501559579291577,[0.67 0.83],71.51515151515152
Clarity of Research Method Description,0.6144941033568136,[0.52 0.72],65.97938144329896
Rationality of Method Selection,0.6398768203816101,[0.54 0.74],70.2127659574468
Rigor of Research Design,0.6159771524186267,[0.52 0.72],70.2127659574468
Inclusion of Latest Research Results,0.6339537368324734,[0.54 0.73],69.50354609929079
Reflection of Current Research Hotspots,0.6623983781857468,[0.57 0.76],71.51515151515152
Fluency of Language Expression,0.6799074084176759,[0.59 0.77],67.5925925925926
Appropriateness of Professional Terminology Use,0.6621010463131087,[0.57 0.76],69.53125
Conciseness of Expression,0.6322599675065089,[0.54 0.73],73.33333333333333
Practical Application Potential of Research Results,0.7203841412316934,[0.63 0.8 ],71.51515151515152
Feasibility of Proposed Suggestions,0.596340148695288,[0.5 0.7],71.51515151515152
Logic of Argumentation,0.733955478778894,[0.64 0.82],71.51515151515152
Multi-angle Analysis of Problems,0.7638359654235166,[0.68 0.84],71.51515151515152
Identification and Discussion of Research Limitations,0.6077046807916335,[0.5  0.71],71.51515151515152
