Subcategory,ICC (Intraclass Correlation Coefficient),ICC 95% Confidence Interval,Transitivity Consistency Ratio (%)
Topic Relevance,0.42963735977041484,[0.33 0.55],25.0
Comprehensiveness of Information,0.886429782575158,[0.84 0.92],74.54545454545455
Accuracy of Information,0.3455859321577779,[0.25 0.46],25.0
Innovativeness of Viewpoints,0.8353332105958473,[0.78 0.89],73.33333333333333
Integration of Interdisciplinary Perspectives,0.8446404021265358,[0.79 0.89],75.75757575757575
Clarity of Logical Structure,0.703644838194438,[0.62 0.79],74.54545454545455
Reasonableness of Chapter Arrangement,0.694328334783582,[0.61 0.78],73.41772151898735
Quality of Introduction and Conclusion,0.6976211586164528,[0.61 0.78],74.54545454545455
Accuracy and Completeness of Citations,0.6754064130869237,[0.58 0.77],18.181818181818183
Timeliness and Relevance of References,0.8180492729242762,[0.75 0.88],75.75757575757575
Avoidance of Plagiarism and Appropriate Citation,0.17363592937263364,[0.1  0.27],16.666666666666664
Critical Analysis of Existing Research,0.8256045460408972,[0.76 0.88],75.0
Proposal of New Research Directions or Questions,0.8395313724138794,[0.78 0.89],75.15151515151514
Potential Contribution to the Field,0.8434587682809345,[0.79 0.89],75.15151515151514
Clarity of Research Method Description,0.706903865497009,[0.62 0.79],75.15151515151514
Rationality of Method Selection,0.7170842341380885,[0.63 0.8 ],75.15151515151514
Rigor of Research Design,0.7138295177046198,[0.63 0.8 ],75.15151515151514
Inclusion of Latest Research Results,0.8227332013827449,[0.76 0.88],75.75757575757575
Reflection of Current Research Hotspots,0.8143042657695236,[0.75 0.87],75.75757575757575
Fluency of Language Expression,0.647262587547565,[0.55 0.74],75.15151515151514
Appropriateness of Professional Terminology Use,0.6297970834485189,[0.53 0.73],74.21383647798741
Conciseness of Expression,0.6194177470557667,[0.52 0.72],75.15151515151514
Practical Application Potential of Research Results,0.7979721364688698,[0.73 0.86],73.93939393939394
Feasibility of Proposed Suggestions,0.6269649562911006,[0.53 0.73],73.93939393939394
Logic of Argumentation,0.7051930758988015,[0.62 0.79],74.54545454545455
Multi-angle Analysis of Problems,0.8465876859902641,[0.79 0.9 ],74.54545454545455
Identification and Discussion of Research Limitations,0.7981109930211375,[0.73 0.86],74.54545454545455
