Subcategory,ICC (Intraclass Correlation Coefficient),ICC 95% Confidence Interval,Transitivity Consistency Ratio (%)
Topic Relevance,0.3601319810345964,[0.26 0.48],
Comprehensiveness of Information,0.9100259752224161,[0.87 0.94],76.36363636363637
Accuracy of Information,0.336260908639406,[0.24 0.45],100.0
Innovativeness of Viewpoints,0.8780784359444205,[0.83 0.92],78.18181818181819
Integration of Interdisciplinary Perspectives,0.8962929517050955,[0.86 0.93],73.07692307692307
Clarity of Logical Structure,0.9006281012175581,[0.86 0.93],76.36363636363637
Reasonableness of Chapter Arrangement,0.8806672992285023,[0.84 0.92],76.36363636363637
Quality of Introduction and Conclusion,0.8600521520231292,[0.81 0.91],76.36363636363637
Accuracy and Completeness of Citations,0.6958797458728909,[0.61 0.78],46.15384615384615
Timeliness and Relevance of References,0.7523197278944358,[0.67 0.83],75.31645569620254
Avoidance of Plagiarism and Appropriate Citation,0.3372553506490115,[0.24 0.46],28.57142857142857
Critical Analysis of Existing Research,0.8750431601386027,[0.83 0.92],76.36363636363637
Proposal of New Research Directions or Questions,0.8347453364933226,[0.78 0.89],76.36363636363637
Potential Contribution to the Field,0.8488447035171158,[0.79 0.9 ],76.36363636363637
Clarity of Research Method Description,0.7825163665481457,[0.71 0.85],71.71052631578947
Rationality of Method Selection,0.793676822194725,[0.72 0.86],75.31645569620254
Rigor of Research Design,0.7872062528567493,[0.72 0.85],71.71052631578947
Inclusion of Latest Research Results,0.7671323594986531,[0.69 0.84],75.31645569620254
Reflection of Current Research Hotspots,0.8320313109359759,[0.77 0.89],76.36363636363637
Fluency of Language Expression,0.7640844972860348,[0.69 0.83],76.36363636363637
Appropriateness of Professional Terminology Use,0.7100139620401867,[0.62 0.79],70.66666666666667
Conciseness of Expression,0.7462081915227877,[0.67 0.82],73.58490566037736
Practical Application Potential of Research Results,0.8253958561597459,[0.76 0.88],76.36363636363637
Feasibility of Proposed Suggestions,0.7463096145224828,[0.67 0.82],76.36363636363637
Logic of Argumentation,0.8529933114711732,[0.8 0.9],76.36363636363637
Multi-angle Analysis of Problems,0.8618648707858229,[0.81 0.91],76.36363636363637
Identification and Discussion of Research Limitations,0.7583091707807683,[0.68 0.83],76.36363636363637
