Subcategory,ICC (Intraclass Correlation Coefficient),ICC 95% Confidence Interval,Transitivity Consistency Ratio (%)
Topic Relevance,0.5288263500289879,[0.42 0.65],50.0
Comprehensiveness of Information,0.7919295687709307,[0.69 0.87],79.64601769911505
Accuracy of Information,0.5152411008192724,[0.41 0.63],50.0
Innovativeness of Viewpoints,0.6039593130977347,[0.49 0.71],85.45454545454545
Integration of Interdisciplinary Perspectives,0.7848441139307952,[0.71 0.85],68.47826086956522
Clarity of Logical Structure,0.8007247564241967,[0.73 0.86],60.56338028169014
Reasonableness of Chapter Arrangement,0.7531134392942292,[0.66 0.83],73.68421052631578
Quality of Introduction and Conclusion,0.5914014826164868,[0.48 0.7 ],82.64462809917356
Accuracy and Completeness of Citations,0.6106894045417826,[0.51 0.71],50.0
Timeliness and Relevance of References,0.5721664210124244,[0.47 0.68],75.21367521367522
Avoidance of Plagiarism and Appropriate Citation,0.3672498903316493,[0.27 0.49],55.55555555555556
Critical Analysis of Existing Research,0.7065850324161068,[0.61 0.8 ],82.23684210526315
Proposal of New Research Directions or Questions,0.6357096122565448,[0.53 0.74],85.45454545454545
Potential Contribution to the Field,0.6986268679646188,[0.6  0.79],82.5
Clarity of Research Method Description,0.6126894949431461,[0.51 0.72],59.01639344262295
Rationality of Method Selection,0.6041394819683896,[0.5  0.71],75.20661157024794
Rigor of Research Design,0.5776618378525578,[0.48 0.69],72.64957264957265
Inclusion of Latest Research Results,0.5765425792854698,[0.48 0.68],76.61290322580645
Reflection of Current Research Hotspots,0.6627367916809364,[0.57 0.76],75.0
Fluency of Language Expression,0.5645023401558071,[0.46 0.67],75.34246575342466
Appropriateness of Professional Terminology Use,0.6435993186422156,[0.55 0.74],66.66666666666666
Conciseness of Expression,0.5099940279957874,[0.41 0.63],80.64516129032258
Practical Application Potential of Research Results,0.6795629654281512,[0.58 0.77],80.55555555555556
Feasibility of Proposed Suggestions,0.514749435139001,[0.41 0.63],85.53459119496856
Logic of Argumentation,0.6759323153812155,[0.58 0.77],70.08547008547008
Multi-angle Analysis of Problems,0.7104977443899725,[0.62 0.8 ],77.63157894736842
Identification and Discussion of Research Limitations,0.5834175838395524,[0.48 0.69],74.63768115942028
