Subcategory,ICC (Intraclass Correlation Coefficient),ICC 95% Confidence Interval,Transitivity Consistency Ratio (%)
Topic Relevance,0.5783610786486343,[0.48 0.68],57.57575757575758
Comprehensiveness of Information,0.9069337430846882,[0.87 0.94],73.33333333333333
Accuracy of Information,0.45497711625876186,[0.35 0.57],51.61290322580645
Innovativeness of Viewpoints,0.8551881147313608,[0.8 0.9],73.93939393939394
Integration of Interdisciplinary Perspectives,0.847782982129761,[0.79 0.9 ],73.24840764331209
Clarity of Logical Structure,0.8279106549161762,[0.77 0.88],72.72727272727273
Reasonableness of Chapter Arrangement,0.8206495230316726,[0.76 0.88],72.12121212121212
Quality of Introduction and Conclusion,0.8041474184446317,[0.74 0.86],72.72727272727273
Accuracy and Completeness of Citations,0.6771473847555554,[0.59 0.77],53.333333333333336
Timeliness and Relevance of References,0.7146702452510282,[0.63 0.8 ],71.51515151515152
Avoidance of Plagiarism and Appropriate Citation,0.37934211742360285,[0.28 0.5 ],50.847457627118644
Critical Analysis of Existing Research,0.8241633143423499,[0.76 0.88],72.04968944099379
Proposal of New Research Directions or Questions,0.8119052054705268,[0.75 0.87],73.93939393939394
Potential Contribution to the Field,0.8364674444198268,[0.78 0.89],73.33333333333333
Clarity of Research Method Description,0.6556609626981956,[0.56 0.75],69.56521739130434
Rationality of Method Selection,0.6482258201141494,[0.55 0.74],69.56521739130434
Rigor of Research Design,0.6421288309575508,[0.55 0.74],69.56521739130434
Inclusion of Latest Research Results,0.747073991734421,[0.67 0.82],71.51515151515152
Reflection of Current Research Hotspots,0.7894759781576904,[0.72 0.85],69.56521739130434
Fluency of Language Expression,0.728986131325835,[0.65 0.81],72.72727272727273
Appropriateness of Professional Terminology Use,0.7635770156114349,[0.69 0.83],72.12121212121212
Conciseness of Expression,0.6826053337930016,[0.59 0.77],73.93939393939394
Practical Application Potential of Research Results,0.8040934158939124,[0.74 0.86],72.04968944099379
Feasibility of Proposed Suggestions,0.5303195834209993,[0.43 0.64],76.3975155279503
Logic of Argumentation,0.7960852801124545,[0.73 0.86],72.72727272727273
Multi-angle Analysis of Problems,0.8229266569927781,[0.76 0.88],73.93939393939394
Identification and Discussion of Research Limitations,0.6525382397743645,[0.56 0.75],73.93939393939394
