Subcategory,ICC (Intraclass Correlation Coefficient),ICC 95% Confidence Interval,Transitivity Consistency Ratio (%)
Topic Relevance,0.8609072860748973,[0.8  0.91],24.137931034482758
Comprehensiveness of Information,0.8535039292678651,[0.8 0.9],78.78787878787878
Accuracy of Information,0.6890864520649095,[0.6  0.78],24.137931034482758
Innovativeness of Viewpoints,0.7876079288317415,[0.71 0.86],81.21212121212122
Integration of Interdisciplinary Perspectives,0.8329857895978852,[0.77 0.89],75.15151515151514
Clarity of Logical Structure,0.8165788136372419,[0.75 0.87],79.39393939393939
Reasonableness of Chapter Arrangement,0.8126259330074987,[0.75 0.87],77.57575757575758
Quality of Introduction and Conclusion,0.7824916657957433,[0.71 0.85],79.39393939393939
Accuracy and Completeness of Citations,0.7155599198068822,[0.63 0.8 ],26.666666666666668
Timeliness and Relevance of References,0.7562457456016292,[0.68 0.83],78.78787878787878
Avoidance of Plagiarism and Appropriate Citation,0.507111865256061,[0.41 0.62],24.137931034482758
Critical Analysis of Existing Research,0.775690178723814,[0.69 0.85],81.21212121212122
Proposal of New Research Directions or Questions,0.7812929483366094,[0.71 0.85],80.0
Potential Contribution to the Field,0.775791751196031,[0.7  0.85],80.0
Clarity of Research Method Description,0.75140264614475,[0.67 0.83],78.78787878787878
Rationality of Method Selection,0.7501708345047641,[0.67 0.82],78.78787878787878
Rigor of Research Design,0.7232964479526135,[0.64 0.8 ],78.78787878787878
Inclusion of Latest Research Results,0.7654240626686892,[0.69 0.84],78.78787878787878
Reflection of Current Research Hotspots,0.7382526755074704,[0.66 0.82],77.57575757575758
Fluency of Language Expression,0.6558418062450168,[0.56 0.75],79.39393939393939
Appropriateness of Professional Terminology Use,0.6466009250947434,[0.55 0.74],78.78787878787878
Conciseness of Expression,0.6470177559936375,[0.55 0.74],79.39393939393939
Practical Application Potential of Research Results,0.7671514237661659,[0.69 0.84],79.39393939393939
Feasibility of Proposed Suggestions,0.7071173429604728,[0.62 0.79],79.39393939393939
Logic of Argumentation,0.7650086199074494,[0.69 0.84],76.28205128205127
Multi-angle Analysis of Problems,0.771834078981416,[0.7  0.84],76.28205128205127
Identification and Discussion of Research Limitations,0.7163502004495916,[0.63 0.8 ],75.75757575757575
