Subcategory,ICC (Intraclass Correlation Coefficient),ICC 95% Confidence Interval,Transitivity Consistency Ratio (%)
Topic Relevance,0.6314952459143491,[0.53 0.73],30.0
Comprehensiveness of Information,0.8706940698805503,[0.82 0.91],76.36363636363637
Accuracy of Information,0.6356418121648252,[0.54 0.73],23.076923076923077
Innovativeness of Viewpoints,0.8218839998908806,[0.76 0.88],76.96969696969697
Integration of Interdisciplinary Perspectives,0.8440987363703822,[0.79 0.89],75.75757575757575
Clarity of Logical Structure,0.8620396874508395,[0.81 0.91],75.75757575757575
Reasonableness of Chapter Arrangement,0.8440897459793502,[0.79 0.89],76.36363636363637
Quality of Introduction and Conclusion,0.8192751712124656,[0.76 0.88],75.75757575757575
Accuracy and Completeness of Citations,0.7497351135062845,[0.67 0.82],52.94117647058824
Timeliness and Relevance of References,0.7892841831748819,[0.72 0.85],76.96969696969697
Avoidance of Plagiarism and Appropriate Citation,0.4017682011848269,[0.3  0.52],31.03448275862069
Critical Analysis of Existing Research,0.8249988107537789,[0.76 0.88],76.96969696969697
Proposal of New Research Directions or Questions,0.7871768495565833,[0.71 0.85],76.36363636363637
Potential Contribution to the Field,0.8136997261989126,[0.75 0.87],76.36363636363637
Clarity of Research Method Description,0.7947962742122869,[0.73 0.86],76.36363636363637
Rationality of Method Selection,0.7947691887485403,[0.73 0.86],75.75757575757575
Rigor of Research Design,0.7767324455608823,[0.7  0.84],75.75757575757575
Inclusion of Latest Research Results,0.8112982295627854,[0.75 0.87],76.96969696969697
Reflection of Current Research Hotspots,0.8184919999884791,[0.76 0.88],76.96969696969697
Fluency of Language Expression,0.7388271042370297,[0.66 0.82],75.75757575757575
Appropriateness of Professional Terminology Use,0.739903931791362,[0.66 0.82],75.75757575757575
Conciseness of Expression,0.7211917929598599,[0.64 0.8 ],75.75757575757575
Practical Application Potential of Research Results,0.8030215925023247,[0.73 0.86],76.36363636363637
Feasibility of Proposed Suggestions,0.6555746128316231,[0.56 0.75],76.36363636363637
Logic of Argumentation,0.8285285559020367,[0.77 0.88],75.75757575757575
Multi-angle Analysis of Problems,0.8338797754384905,[0.77 0.89],76.36363636363637
Identification and Discussion of Research Limitations,0.7332990136653452,[0.65 0.81],76.36363636363637
