Subcategory,ICC (Intraclass Correlation Coefficient),ICC 95% Confidence Interval,Transitivity Consistency Ratio (%)
Topic Relevance,0.7003312235702022,[0.61 0.79],29.03225806451613
Comprehensiveness of Information,0.8152579888135796,[0.73 0.88],87.26114649681529
Accuracy of Information,0.5092976576245966,[0.41 0.62],24.137931034482758
Innovativeness of Viewpoints,0.7317398729919898,[0.59 0.83],90.9090909090909
Integration of Interdisciplinary Perspectives,0.7794642235999756,[0.7  0.85],88.14814814814815
Clarity of Logical Structure,0.7288403408407984,[0.64 0.81],87.26114649681529
Reasonableness of Chapter Arrangement,0.7215791303631086,[0.63 0.8 ],87.26114649681529
Quality of Introduction and Conclusion,0.6494176233007609,[0.55 0.75],89.6969696969697
Accuracy and Completeness of Citations,0.6585939126230516,[0.57 0.75],24.137931034482758
Timeliness and Relevance of References,0.6203455025288398,[0.52 0.72],86.61971830985915
Avoidance of Plagiarism and Appropriate Citation,0.4919338725307577,[0.39 0.61],24.137931034482758
Critical Analysis of Existing Research,0.7340210554624693,[0.61 0.83],90.9090909090909
Proposal of New Research Directions or Questions,0.7716730651036829,[0.67 0.85],90.9090909090909
Potential Contribution to the Field,0.7280527383982127,[0.61 0.82],90.9090909090909
Clarity of Research Method Description,0.6489153852940364,[0.55 0.75],86.11111111111111
Rationality of Method Selection,0.6522394878143152,[0.55 0.75],86.11111111111111
Rigor of Research Design,0.6228297844099545,[0.52 0.73],86.11111111111111
Inclusion of Latest Research Results,0.6444271672107876,[0.55 0.74],86.66666666666667
Reflection of Current Research Hotspots,0.6766425762784329,[0.58 0.77],85.98726114649682
Fluency of Language Expression,0.5244525859457289,[0.42 0.64],88.66666666666667
Appropriateness of Professional Terminology Use,0.5738024399229511,[0.46 0.69],88.88888888888889
Conciseness of Expression,0.4962622098270676,[0.39 0.61],88.53503184713377
Practical Application Potential of Research Results,0.7053035368874863,[0.59 0.8 ],90.9090909090909
Feasibility of Proposed Suggestions,0.6160100885940668,[0.5  0.72],90.9090909090909
Logic of Argumentation,0.7061613244253591,[0.6 0.8],89.80891719745223
Multi-angle Analysis of Problems,0.7214475503389632,[0.61 0.81],90.9090909090909
Identification and Discussion of Research Limitations,0.6165963263004732,[0.5  0.73],90.9090909090909
