Subcategory,ICC (Intraclass Correlation Coefficient),ICC 95% Confidence Interval,Transitivity Consistency Ratio (%)
Topic Relevance,0.7550060655339079,[0.68 0.83],24.137931034482758
Comprehensiveness of Information,0.9011752384794036,[0.86 0.93],73.33333333333333
Accuracy of Information,0.6106611403184642,[0.51 0.71],24.137931034482758
Innovativeness of Viewpoints,0.8600226344986396,[0.81 0.91],73.33333333333333
Integration of Interdisciplinary Perspectives,0.864817907220052,[0.81 0.91],73.33333333333333
Clarity of Logical Structure,0.8680699700563193,[0.82 0.91],75.15151515151514
Reasonableness of Chapter Arrangement,0.8566227008308197,[0.8 0.9],75.15151515151514
Quality of Introduction and Conclusion,0.812057478051989,[0.75 0.87],75.15151515151514
Accuracy and Completeness of Citations,0.7181016873003195,[0.63 0.8 ],60.78431372549019
Timeliness and Relevance of References,0.7245194912161746,[0.64 0.8 ],73.33333333333333
Avoidance of Plagiarism and Appropriate Citation,0.46143249011249443,[0.36 0.58],23.076923076923077
Critical Analysis of Existing Research,0.8552436998166881,[0.8 0.9],73.33333333333333
Proposal of New Research Directions or Questions,0.8163178199265493,[0.75 0.87],73.33333333333333
Potential Contribution to the Field,0.8306195252490954,[0.77 0.88],73.33333333333333
Clarity of Research Method Description,0.7220650863130736,[0.64 0.8 ],75.15151515151514
Rationality of Method Selection,0.7332618454534346,[0.65 0.81],75.15151515151514
Rigor of Research Design,0.7086849663079562,[0.62 0.79],75.15151515151514
Inclusion of Latest Research Results,0.7389805326500201,[0.66 0.82],73.33333333333333
Reflection of Current Research Hotspots,0.784511292322281,[0.71 0.85],73.33333333333333
Fluency of Language Expression,0.7597990897103989,[0.68 0.83],75.15151515151514
Appropriateness of Professional Terminology Use,0.7600653846698001,[0.68 0.83],73.33333333333333
Conciseness of Expression,0.7532235752740316,[0.68 0.83],72.95597484276729
Practical Application Potential of Research Results,0.8192810894492075,[0.76 0.88],73.33333333333333
Feasibility of Proposed Suggestions,0.6838403917455472,[0.59 0.77],73.33333333333333
Logic of Argumentation,0.8364314703100808,[0.78 0.89],75.15151515151514
Multi-angle Analysis of Problems,0.8517214737371129,[0.8 0.9],73.33333333333333
Identification and Discussion of Research Limitations,0.6995599953814602,[0.61 0.78],73.33333333333333
