Subcategory,ICC (Intraclass Correlation Coefficient),ICC 95% Confidence Interval,Transitivity Consistency Ratio (%)
Topic Relevance,0.6628621716153539,[0.57 0.76],29.03225806451613
Comprehensiveness of Information,0.832485048224483,[0.77 0.89],74.54545454545455
Accuracy of Information,0.5610498649339272,[0.46 0.67],29.03225806451613
Innovativeness of Viewpoints,0.7606679703670006,[0.68 0.83],71.51515151515152
Integration of Interdisciplinary Perspectives,0.7730978565289516,[0.69 0.84],76.36363636363637
Clarity of Logical Structure,0.7489474014643199,[0.67 0.82],72.12121212121212
Reasonableness of Chapter Arrangement,0.7344955531348575,[0.65 0.81],71.69811320754717
Quality of Introduction and Conclusion,0.6982650158133883,[0.61 0.78],70.9090909090909
Accuracy and Completeness of Citations,0.6671934434562098,[0.58 0.76],49.2063492063492
Timeliness and Relevance of References,0.6778626667027949,[0.59 0.77],72.72727272727273
Avoidance of Plagiarism and Appropriate Citation,0.427729377772077,[0.33 0.55],28.57142857142857
Critical Analysis of Existing Research,0.7555454704635847,[0.68 0.83],70.9090909090909
Proposal of New Research Directions or Questions,0.6721069842522086,[0.58 0.76],70.9090909090909
Potential Contribution to the Field,0.7439293600071518,[0.66 0.82],70.9090909090909
Clarity of Research Method Description,0.7039702220216997,[0.62 0.79],72.72727272727273
Rationality of Method Selection,0.6991152524132823,[0.61 0.78],72.72727272727273
Rigor of Research Design,0.6954191495495232,[0.61 0.78],72.72727272727273
Inclusion of Latest Research Results,0.7110121006087856,[0.63 0.79],72.72727272727273
Reflection of Current Research Hotspots,0.7076431848638227,[0.62 0.79],71.3375796178344
Fluency of Language Expression,0.6260193961693659,[0.53 0.73],72.72727272727273
Appropriateness of Professional Terminology Use,0.6395659686070134,[0.54 0.74],74.54545454545455
Conciseness of Expression,0.5607218610828067,[0.46 0.67],72.72727272727273
Practical Application Potential of Research Results,0.7273142309641579,[0.64 0.81],70.9090909090909
Feasibility of Proposed Suggestions,0.6314571865787109,[0.54 0.73],70.44025157232704
Logic of Argumentation,0.7359250054789748,[0.65 0.81],72.72727272727273
Multi-angle Analysis of Problems,0.7368915006940102,[0.66 0.81],73.58490566037736
Identification and Discussion of Research Limitations,0.6748529814329426,[0.58 0.76],72.72727272727273
