Subcategory,ICC (Intraclass Correlation Coefficient),ICC 95% Confidence Interval,Transitivity Consistency Ratio (%)
Topic Relevance,0.5676648999174454,[0.47 0.68],48.0
Comprehensiveness of Information,0.770619010617035,[0.68 0.84],80.0
Accuracy of Information,0.6100946729907972,[0.51 0.71],33.33333333333333
Innovativeness of Viewpoints,0.7631374067881188,[0.69 0.83],78.98089171974523
Integration of Interdisciplinary Perspectives,0.7308866498352324,[0.64 0.81],78.18181818181819
Clarity of Logical Structure,0.6457356086623192,[0.54 0.75],72.72727272727273
Reasonableness of Chapter Arrangement,0.6283947212159509,[0.53 0.73],76.96969696969697
Quality of Introduction and Conclusion,0.6306883764875358,[0.53 0.73],76.96969696969697
Accuracy and Completeness of Citations,0.5930244636374256,[0.49 0.7 ],48.484848484848484
Timeliness and Relevance of References,0.5594918653979966,[0.45 0.67],80.0
Avoidance of Plagiarism and Appropriate Citation,0.24226993156178797,[0.16 0.35],33.33333333333333
Critical Analysis of Existing Research,0.757253655892403,[0.68 0.83],83.63636363636363
Proposal of New Research Directions or Questions,0.6902015175455725,[0.6  0.78],77.56410256410257
Potential Contribution to the Field,0.7392402383197572,[0.66 0.82],83.63636363636363
Clarity of Research Method Description,0.5888811464877024,[0.49 0.69],75.92592592592592
Rationality of Method Selection,0.6076270139211433,[0.51 0.71],80.0
Rigor of Research Design,0.5994100832329122,[0.5 0.7],80.0
Inclusion of Latest Research Results,0.5592006697805585,[0.45 0.67],81.81818181818183
Reflection of Current Research Hotspots,0.6105814138260814,[0.5  0.72],83.03030303030303
Fluency of Language Expression,0.5618610786646128,[0.46 0.67],76.96969696969697
Appropriateness of Professional Terminology Use,0.6361081111671799,[0.54 0.73],74.12587412587412
Conciseness of Expression,0.507967264516078,[0.4  0.62],80.0
Practical Application Potential of Research Results,0.7224891320024311,[0.64 0.8 ],83.63636363636363
Feasibility of Proposed Suggestions,0.45732595978861995,[0.36 0.58],82.42424242424242
Logic of Argumentation,0.6761793148029462,[0.58 0.77],78.78787878787878
Multi-angle Analysis of Problems,0.7240785689311491,[0.64 0.81],81.21212121212122
Identification and Discussion of Research Limitations,0.5267827884207805,[0.43 0.64],81.21212121212122
