Subcategory,ICC (Intraclass Correlation Coefficient),ICC 95% Confidence Interval,Transitivity Consistency Ratio (%)
Topic Relevance,0.7391499574670359,[0.66 0.82],23.52941176470588
Comprehensiveness of Information,0.9062199631455927,[0.87 0.94],68.0
Accuracy of Information,0.6054153059632773,[0.51 0.71],26.923076923076923
Innovativeness of Viewpoints,0.7640163914246904,[0.69 0.83],69.5945945945946
Integration of Interdisciplinary Perspectives,0.835194936941828,[0.78 0.89],64.86486486486487
Clarity of Logical Structure,0.7865698709494386,[0.72 0.85],64.28571428571429
Reasonableness of Chapter Arrangement,0.7930963914450277,[0.72 0.86],66.66666666666666
Quality of Introduction and Conclusion,0.7937467789836101,[0.72 0.86],65.73426573426573
Accuracy and Completeness of Citations,0.5288982353549863,[0.43 0.64],40.476190476190474
Timeliness and Relevance of References,0.6666644692730206,[0.57 0.76],62.4113475177305
Avoidance of Plagiarism and Appropriate Citation,0.31940697221422354,[0.23 0.44],29.166666666666668
Critical Analysis of Existing Research,0.8055649299702374,[0.74 0.87],67.33333333333333
Proposal of New Research Directions or Questions,0.7495289983063707,[0.67 0.82],69.5945945945946
Potential Contribution to the Field,0.7838787101991791,[0.71 0.85],66.66666666666666
Clarity of Research Method Description,0.7353544236004121,[0.65 0.81],63.758389261744966
Rationality of Method Selection,0.7313547420515633,[0.65 0.81],66.90140845070422
Rigor of Research Design,0.75037574364116,[0.67 0.82],63.758389261744966
Inclusion of Latest Research Results,0.6812037518354297,[0.59 0.77],63.6986301369863
Reflection of Current Research Hotspots,0.7272551294373422,[0.64 0.81],66.8918918918919
Fluency of Language Expression,0.7237208601469701,[0.64 0.8 ],65.03496503496503
Appropriateness of Professional Terminology Use,0.7299871465001132,[0.65 0.81],58.18181818181818
Conciseness of Expression,0.7496732174138584,[0.67 0.82],66.66666666666666
Practical Application Potential of Research Results,0.7982000246057226,[0.73 0.86],66.66666666666666
Feasibility of Proposed Suggestions,0.7037927475938316,[0.62 0.79],66.66666666666666
Logic of Argumentation,0.7953221711120393,[0.73 0.86],66.66666666666666
Multi-angle Analysis of Problems,0.814128841905015,[0.75 0.87],66.19718309859155
Identification and Discussion of Research Limitations,0.7267076118893852,[0.64 0.81],63.758389261744966
