Subcategory,ICC (Intraclass Correlation Coefficient),ICC 95% Confidence Interval,Transitivity Consistency Ratio (%)
Topic Relevance,0.4988713919841715,[0.4  0.61],52.5
Comprehensiveness of Information,0.8347865207284296,[0.77 0.89],86.06060606060606
Accuracy of Information,0.4598600472268615,[0.36 0.58],44.44444444444444
Innovativeness of Viewpoints,0.8248228835929291,[0.76 0.88],85.45454545454545
Integration of Interdisciplinary Perspectives,0.8450405179657151,[0.79 0.89],84.07643312101911
Clarity of Logical Structure,0.7609440480867242,[0.68 0.83],84.84848484848484
Reasonableness of Chapter Arrangement,0.774429831903629,[0.7  0.84],86.66666666666667
Quality of Introduction and Conclusion,0.691427101784726,[0.6  0.78],84.84848484848484
Accuracy and Completeness of Citations,0.6256228453854725,[0.53 0.72],53.44827586206896
Timeliness and Relevance of References,0.7270596498559128,[0.64 0.81],86.06060606060606
Avoidance of Plagiarism and Appropriate Citation,0.22266704367071946,[0.14 0.33],39.39393939393939
Critical Analysis of Existing Research,0.8135332247537239,[0.74 0.87],86.06060606060606
Proposal of New Research Directions or Questions,0.8127393014498681,[0.75 0.87],86.66666666666667
Potential Contribution to the Field,0.8170029515263486,[0.75 0.88],86.06060606060606
Clarity of Research Method Description,0.6173045749323871,[0.52 0.72],86.66666666666667
Rationality of Method Selection,0.625283729457441,[0.53 0.72],86.66666666666667
Rigor of Research Design,0.6233858219775654,[0.53 0.72],86.66666666666667
Inclusion of Latest Research Results,0.7469880615681043,[0.67 0.82],86.06060606060606
Reflection of Current Research Hotspots,0.8222963885443635,[0.76 0.88],86.06060606060606
Fluency of Language Expression,0.6365256342472413,[0.54 0.74],84.84848484848484
Appropriateness of Professional Terminology Use,0.5854782789320345,[0.48 0.69],86.66666666666667
Conciseness of Expression,0.6145214996311478,[0.52 0.72],86.66666666666667
Practical Application Potential of Research Results,0.8022209735614352,[0.73 0.86],86.66666666666667
Feasibility of Proposed Suggestions,0.643760732963566,[0.55 0.74],86.66666666666667
Logic of Argumentation,0.749168997980452,[0.67 0.83],84.84848484848484
Multi-angle Analysis of Problems,0.790024433299517,[0.72 0.85],86.06060606060606
Identification and Discussion of Research Limitations,0.6936726678376103,[0.61 0.78],86.06060606060606
