Subcategory,ICC (Intraclass Correlation Coefficient),ICC 95% Confidence Interval,Transitivity Consistency Ratio (%)
Topic Relevance,0.588209590354938,[0.49 0.69],13.333333333333334
Comprehensiveness of Information,0.9381563311841271,[0.91 0.96],77.56410256410257
Accuracy of Information,0.5453154413283986,[0.44 0.66],19.230769230769234
Innovativeness of Viewpoints,0.7782783142236099,[0.71 0.85],84.24242424242424
Integration of Interdisciplinary Perspectives,0.8214195039720312,[0.76 0.88],72.43589743589743
Clarity of Logical Structure,0.8490282777129935,[0.79 0.9 ],74.46808510638297
Reasonableness of Chapter Arrangement,0.8753637384434785,[0.83 0.92],75.0
Quality of Introduction and Conclusion,0.7841173831715311,[0.71 0.85],78.37837837837837
Accuracy and Completeness of Citations,0.6707407557082238,[0.58 0.76],45.45454545454545
Timeliness and Relevance of References,0.7702030850699826,[0.7  0.84],73.07692307692307
Avoidance of Plagiarism and Appropriate Citation,0.23891510441048597,[0.16 0.35],21.052631578947366
Critical Analysis of Existing Research,0.792734135015205,[0.72 0.86],83.63636363636363
Proposal of New Research Directions or Questions,0.7304159090276396,[0.65 0.81],83.97435897435898
Potential Contribution to the Field,0.77849703055717,[0.71 0.85],83.63636363636363
Clarity of Research Method Description,0.8717666295411757,[0.82 0.91],72.02797202797203
Rationality of Method Selection,0.866152173357688,[0.82 0.91],75.0
Rigor of Research Design,0.8478986463551663,[0.79 0.9 ],73.64864864864865
Inclusion of Latest Research Results,0.7827186116384072,[0.71 0.85],73.07692307692307
Reflection of Current Research Hotspots,0.8285200787305848,[0.77 0.88],73.33333333333333
Fluency of Language Expression,0.7904562662462058,[0.72 0.85],75.64102564102564
Appropriateness of Professional Terminology Use,0.8226879374871819,[0.76 0.88],76.35135135135135
Conciseness of Expression,0.7971758698832506,[0.73 0.86],76.35135135135135
Practical Application Potential of Research Results,0.8066703841037958,[0.74 0.87],84.24242424242424
Feasibility of Proposed Suggestions,0.6798300757035928,[0.59 0.77],81.0126582278481
Logic of Argumentation,0.8340920670813389,[0.78 0.89],78.37837837837837
Multi-angle Analysis of Problems,0.816664143281151,[0.75 0.87],75.64102564102564
Identification and Discussion of Research Limitations,0.7621532746470081,[0.69 0.83],73.07692307692307
