Subcategory,ICC (Intraclass Correlation Coefficient),ICC 95% Confidence Interval,Transitivity Consistency Ratio (%)
Topic Relevance,0.6732696777779169,[0.57 0.77],80.6896551724138
Comprehensiveness of Information,0.8360121274867356,[0.77 0.89],81.21212121212122
Accuracy of Information,0.5650352018967894,[0.46 0.68],68.42105263157895
Innovativeness of Viewpoints,0.8035287832010755,[0.73 0.87],81.21212121212122
Integration of Interdisciplinary Perspectives,0.7982840245305828,[0.73 0.86],81.21212121212122
Clarity of Logical Structure,0.7661265358270529,[0.69 0.84],81.21212121212122
Reasonableness of Chapter Arrangement,0.760591043282124,[0.68 0.83],81.21212121212122
Quality of Introduction and Conclusion,0.7640001587094652,[0.69 0.83],81.21212121212122
Accuracy and Completeness of Citations,0.6321988326645147,[0.54 0.73],65.55555555555556
Timeliness and Relevance of References,0.7081156583318102,[0.62 0.79],81.21212121212122
Avoidance of Plagiarism and Appropriate Citation,0.4428017711769797,[0.34 0.56],68.42105263157895
Critical Analysis of Existing Research,0.8045204625317316,[0.73 0.87],81.21212121212122
Proposal of New Research Directions or Questions,0.7961645588496381,[0.73 0.86],81.21212121212122
Potential Contribution to the Field,0.7959085398670283,[0.72 0.86],81.21212121212122
Clarity of Research Method Description,0.7261919417099265,[0.64 0.81],81.21212121212122
Rationality of Method Selection,0.7424339822130104,[0.66 0.82],81.21212121212122
Rigor of Research Design,0.7373857089107607,[0.65 0.82],81.21212121212122
Inclusion of Latest Research Results,0.7229188979647049,[0.64 0.8 ],81.21212121212122
Reflection of Current Research Hotspots,0.8010455681213399,[0.73 0.86],81.21212121212122
Fluency of Language Expression,0.6817891803632908,[0.59 0.77],81.21212121212122
Appropriateness of Professional Terminology Use,0.6857865408771415,[0.6  0.77],81.21212121212122
Conciseness of Expression,0.6235501506798357,[0.53 0.72],80.60606060606061
Practical Application Potential of Research Results,0.761204413445678,[0.68 0.83],81.21212121212122
Feasibility of Proposed Suggestions,0.745965827110371,[0.66 0.82],81.21212121212122
Logic of Argumentation,0.7852963034136073,[0.71 0.85],81.21212121212122
Multi-angle Analysis of Problems,0.788385123231007,[0.72 0.85],81.21212121212122
Identification and Discussion of Research Limitations,0.7347861493616044,[0.65 0.81],81.21212121212122
