Subcategory,ICC (Intraclass Correlation Coefficient),ICC 95% Confidence Interval,Transitivity Consistency Ratio (%)
Topic Relevance,0.6984185169401127,[0.61 0.78],21.428571428571427
Comprehensiveness of Information,0.8599134257794914,[0.81 0.91],75.15151515151514
Accuracy of Information,0.5069934740481614,[0.4  0.62],19.230769230769234
Innovativeness of Viewpoints,0.8207004151582585,[0.76 0.88],76.36363636363637
Integration of Interdisciplinary Perspectives,0.8242415148325011,[0.76 0.88],71.7948717948718
Clarity of Logical Structure,0.7913998497994396,[0.72 0.86],75.0
Reasonableness of Chapter Arrangement,0.7933775693345391,[0.72 0.86],75.75757575757575
Quality of Introduction and Conclusion,0.7896192247758341,[0.72 0.85],75.75757575757575
Accuracy and Completeness of Citations,0.6984583562063547,[0.61 0.78],39.473684210526315
Timeliness and Relevance of References,0.7905815235091773,[0.72 0.85],73.93939393939394
Avoidance of Plagiarism and Appropriate Citation,0.49754239293649966,[0.4  0.61],19.230769230769234
Critical Analysis of Existing Research,0.8064050900566159,[0.74 0.87],79.39393939393939
Proposal of New Research Directions or Questions,0.8599934813354149,[0.81 0.91],71.15384615384616
Potential Contribution to the Field,0.8152780649793582,[0.75 0.87],71.7948717948718
Clarity of Research Method Description,0.7916803180819106,[0.72 0.86],73.93939393939394
Rationality of Method Selection,0.805000865549312,[0.74 0.87],73.93939393939394
Rigor of Research Design,0.7709756494010683,[0.7  0.84],73.93939393939394
Inclusion of Latest Research Results,0.8154952960943774,[0.75 0.87],73.93939393939394
Reflection of Current Research Hotspots,0.810713023662603,[0.75 0.87],73.93939393939394
Fluency of Language Expression,0.6698016767402515,[0.58 0.76],75.0
Appropriateness of Professional Terminology Use,0.6146850564890735,[0.52 0.72],67.36111111111111
Conciseness of Expression,0.5391738029309139,[0.44 0.65],73.79310344827587
Practical Application Potential of Research Results,0.7987471880431223,[0.73 0.86],71.33333333333334
Feasibility of Proposed Suggestions,0.7459609045620095,[0.67 0.82],71.7948717948718
Logic of Argumentation,0.7915917760217998,[0.72 0.86],73.125
Multi-angle Analysis of Problems,0.8121406710197115,[0.75 0.87],73.93939393939394
Identification and Discussion of Research Limitations,0.7657117380476154,[0.69 0.84],73.125
