Subcategory,ICC (Intraclass Correlation Coefficient),ICC 95% Confidence Interval,Transitivity Consistency Ratio (%)
Topic Relevance,0.4762136588187886,[0.37 0.59],29.629629629629626
Comprehensiveness of Information,0.8332495848800717,[0.77 0.89],80.66666666666666
Accuracy of Information,0.4022992829434581,[0.3  0.52],28.125
Innovativeness of Viewpoints,0.8186767892308178,[0.75 0.88],79.39393939393939
Integration of Interdisciplinary Perspectives,0.8364701504210399,[0.78 0.89],76.98412698412699
Clarity of Logical Structure,0.72311708630859,[0.64 0.8 ],77.33333333333333
Reasonableness of Chapter Arrangement,0.7507522711682532,[0.67 0.82],78.0
Quality of Introduction and Conclusion,0.7332254343333497,[0.65 0.81],77.55102040816327
Accuracy and Completeness of Citations,0.5451034647047238,[0.44 0.66],50.0
Timeliness and Relevance of References,0.7811675606294867,[0.71 0.85],81.11888111888112
Avoidance of Plagiarism and Appropriate Citation,0.28908929665760086,[0.2  0.41],28.125
Critical Analysis of Existing Research,0.7855292404469854,[0.71 0.85],79.39393939393939
Proposal of New Research Directions or Questions,0.7619472916931156,[0.69 0.83],79.48717948717949
Potential Contribution to the Field,0.7981031414191753,[0.73 0.86],79.39393939393939
Clarity of Research Method Description,0.7816068672395506,[0.71 0.85],77.20588235294117
Rationality of Method Selection,0.7790151202889739,[0.71 0.85],78.26086956521739
Rigor of Research Design,0.7720293700832946,[0.7  0.84],79.02097902097903
Inclusion of Latest Research Results,0.7858647630164697,[0.71 0.85],81.11888111888112
Reflection of Current Research Hotspots,0.7929785817651607,[0.72 0.86],79.3103448275862
Fluency of Language Expression,0.6626183291177279,[0.57 0.76],75.36231884057972
Appropriateness of Professional Terminology Use,0.6867666092268147,[0.6  0.77],79.41176470588235
Conciseness of Expression,0.6371165310458888,[0.54 0.73],75.73529411764706
Practical Application Potential of Research Results,0.7719155682198408,[0.7  0.84],79.39393939393939
Feasibility of Proposed Suggestions,0.6676961647009734,[0.58 0.76],79.48717948717949
Logic of Argumentation,0.739681617965628,[0.66 0.82],77.30496453900709
Multi-angle Analysis of Problems,0.7853580722230409,[0.71 0.85],79.48717948717949
Identification and Discussion of Research Limitations,0.7107643056418624,[0.63 0.79],79.48717948717949
