Subcategory,ICC (Intraclass Correlation Coefficient),ICC 95% Confidence Interval,Transitivity Consistency Ratio (%)
Topic Relevance,0.5137340658168432,[0.41 0.63],
Comprehensiveness of Information,0.8050253601244285,[0.73 0.87],70.9090909090909
Accuracy of Information,0.2717333223724774,[0.19 0.39],20.0
Innovativeness of Viewpoints,0.7866139435752784,[0.72 0.85],75.15151515151514
Integration of Interdisciplinary Perspectives,0.7639203814379225,[0.69 0.83],66.3716814159292
Clarity of Logical Structure,0.7471710720251544,[0.67 0.82],67.61904761904762
Reasonableness of Chapter Arrangement,0.7379257361554282,[0.66 0.82],73.6
Quality of Introduction and Conclusion,0.7461084242917592,[0.67 0.82],73.33333333333333
Accuracy and Completeness of Citations,0.7743025534619511,[0.7  0.84],48.0
Timeliness and Relevance of References,0.769369759480118,[0.69 0.84],70.3125
Avoidance of Plagiarism and Appropriate Citation,0.24884568978487412,[0.17 0.36],0.0
Critical Analysis of Existing Research,0.7542892730143131,[0.68 0.83],75.15151515151514
Proposal of New Research Directions or Questions,0.7528205586577297,[0.67 0.83],75.15151515151514
Potential Contribution to the Field,0.7614853971513137,[0.69 0.83],75.15151515151514
Clarity of Research Method Description,0.6814661657159867,[0.59 0.77],63.63636363636363
Rationality of Method Selection,0.6755714127005007,[0.59 0.77],71.96969696969697
Rigor of Research Design,0.68100991054201,[0.59 0.77],67.71653543307087
Inclusion of Latest Research Results,0.7593227540397327,[0.68 0.83],70.3125
Reflection of Current Research Hotspots,0.7440642319889372,[0.66 0.82],75.0
Fluency of Language Expression,0.6293927942186592,[0.53 0.73],67.61904761904762
Appropriateness of Professional Terminology Use,0.5992626614268615,[0.5 0.7],70.52631578947368
Conciseness of Expression,0.6371067632826826,[0.54 0.73],70.22900763358778
Practical Application Potential of Research Results,0.7407850554518971,[0.66 0.82],75.15151515151514
Feasibility of Proposed Suggestions,0.6971423404971152,[0.61 0.78],75.15151515151514
Logic of Argumentation,0.7341771946200628,[0.65 0.81],69.40298507462687
Multi-angle Analysis of Problems,0.71867781338665,[0.63 0.8 ],75.0
Identification and Discussion of Research Limitations,0.6860832323246442,[0.6  0.77],75.15151515151514
