Subcategory,ICC (Intraclass Correlation Coefficient),ICC 95% Confidence Interval,Transitivity Consistency Ratio (%)
Topic Relevance,0.594086113609848,[0.49 0.7 ],42.5531914893617
Comprehensiveness of Information,0.8463277578453932,[0.79 0.9 ],78.18181818181819
Accuracy of Information,0.4411351097443916,[0.34 0.56],39.39393939393939
Innovativeness of Viewpoints,0.7525492568116166,[0.67 0.83],75.47169811320755
Integration of Interdisciplinary Perspectives,0.8130951577763041,[0.75 0.87],78.18181818181819
Clarity of Logical Structure,0.8002930792695896,[0.73 0.86],80.60606060606061
Reasonableness of Chapter Arrangement,0.8019807846110559,[0.73 0.86],80.60606060606061
Quality of Introduction and Conclusion,0.744157472988429,[0.66 0.82],78.61635220125787
Accuracy and Completeness of Citations,0.6774129678297092,[0.59 0.77],51.21951219512195
Timeliness and Relevance of References,0.6543533572155691,[0.56 0.75],78.18181818181819
Avoidance of Plagiarism and Appropriate Citation,0.4706446455457204,[0.37 0.59],48.484848484848484
Critical Analysis of Existing Research,0.7402786304645111,[0.66 0.82],73.33333333333333
Proposal of New Research Directions or Questions,0.7506258950910405,[0.67 0.82],77.57575757575758
Potential Contribution to the Field,0.7310265214302626,[0.65 0.81],73.58490566037736
Clarity of Research Method Description,0.6572061473190338,[0.56 0.75],78.18181818181819
Rationality of Method Selection,0.661205585846572,[0.57 0.75],78.18181818181819
Rigor of Research Design,0.6405962588878201,[0.55 0.74],78.18181818181819
Inclusion of Latest Research Results,0.66369517051781,[0.57 0.76],78.18181818181819
Reflection of Current Research Hotspots,0.6990598465199563,[0.61 0.78],78.18181818181819
Fluency of Language Expression,0.71496345415519,[0.63 0.8 ],80.60606060606061
Appropriateness of Professional Terminology Use,0.7227142106104659,[0.64 0.8 ],78.18181818181819
Conciseness of Expression,0.6661619308379524,[0.57 0.76],80.0
Practical Application Potential of Research Results,0.7087432008050317,[0.62 0.79],75.75757575757575
Feasibility of Proposed Suggestions,0.5515221872199407,[0.45 0.66],75.75757575757575
Logic of Argumentation,0.7795134580489402,[0.71 0.85],80.60606060606061
Multi-angle Analysis of Problems,0.7467033804834624,[0.67 0.82],78.18181818181819
Identification and Discussion of Research Limitations,0.6152792936511852,[0.52 0.72],78.18181818181819
