Subcategory,ICC (Intraclass Correlation Coefficient),ICC 95% Confidence Interval,Transitivity Consistency Ratio (%)
Topic Relevance,0.6388470844723312,[0.54 0.74],84.84848484848484
Comprehensiveness of Information,0.7539062436215844,[0.67 0.83],77.57575757575758
Accuracy of Information,0.636192971345785,[0.54 0.73],83.03030303030303
Innovativeness of Viewpoints,0.6290196223392357,[0.53 0.73],79.39393939393939
Integration of Interdisciplinary Perspectives,0.7422982618200776,[0.65 0.82],78.78787878787878
Clarity of Logical Structure,0.7441461480203495,[0.66 0.82],77.57575757575758
Reasonableness of Chapter Arrangement,0.7230843742639871,[0.64 0.8 ],76.96969696969697
Quality of Introduction and Conclusion,0.6121550948529312,[0.51 0.71],76.36363636363637
Accuracy and Completeness of Citations,0.3883792798663216,[0.29 0.51],81.21212121212122
Timeliness and Relevance of References,0.5272686116355724,[0.42 0.64],81.21212121212122
Avoidance of Plagiarism and Appropriate Citation,0.2931526149611082,[0.2  0.41],84.24242424242424
Critical Analysis of Existing Research,0.6169528643302932,[0.52 0.72],78.78787878787878
Proposal of New Research Directions or Questions,0.536233706338073,[0.43 0.65],83.03030303030303
Potential Contribution to the Field,0.5808136289349128,[0.48 0.69],81.21212121212122
Clarity of Research Method Description,0.7471033568071958,[0.67 0.82],77.57575757575758
Rationality of Method Selection,0.6994173012478813,[0.61 0.78],77.57575757575758
Rigor of Research Design,0.6855989848309532,[0.6  0.77],77.57575757575758
Inclusion of Latest Research Results,0.5225701538427402,[0.41 0.64],81.21212121212122
Reflection of Current Research Hotspots,0.5409838919666146,[0.43 0.66],87.27272727272727
Fluency of Language Expression,0.6651737270331316,[0.57 0.76],75.15151515151514
Appropriateness of Professional Terminology Use,0.6912295811181427,[0.6  0.78],75.15151515151514
Conciseness of Expression,0.6395855164388151,[0.54 0.74],78.18181818181819
Practical Application Potential of Research Results,0.6101719748873967,[0.51 0.71],80.60606060606061
Feasibility of Proposed Suggestions,0.542378355477408,[0.44 0.65],82.42424242424242
Logic of Argumentation,0.6627430680590567,[0.57 0.76],76.96969696969697
Multi-angle Analysis of Problems,0.6426224849414522,[0.55 0.74],80.0
Identification and Discussion of Research Limitations,0.600336956311182,[0.5 0.7],76.96969696969697
