Subcategory,ICC (Intraclass Correlation Coefficient),ICC 95% Confidence Interval,Transitivity Consistency Ratio (%)
Topic Relevance,0.5099421523540961,[0.4  0.63],61.86440677966102
Comprehensiveness of Information,0.7603434125745483,[0.68 0.83],73.33333333333333
Accuracy of Information,0.29616325704706364,[0.21 0.41],53.42465753424658
Innovativeness of Viewpoints,0.6943947483000457,[0.61 0.78],75.75757575757575
Integration of Interdisciplinary Perspectives,0.7056521896104753,[0.62 0.79],70.625
Clarity of Logical Structure,0.7489465266633305,[0.67 0.82],72.72727272727273
Reasonableness of Chapter Arrangement,0.7428480581571043,[0.66 0.82],72.72727272727273
Quality of Introduction and Conclusion,0.7234157025286886,[0.64 0.8 ],73.33333333333333
Accuracy and Completeness of Citations,0.5321822318665516,[0.43 0.64],64.34108527131784
Timeliness and Relevance of References,0.6666156059787718,[0.57 0.76],72.72727272727273
Avoidance of Plagiarism and Appropriate Citation,0.25042212689104504,[0.17 0.36],42.25352112676056
Critical Analysis of Existing Research,0.7130733830807788,[0.63 0.8 ],76.36363636363637
Proposal of New Research Directions or Questions,0.5084438684679419,[0.41 0.62],74.54545454545455
Potential Contribution to the Field,0.709470343411951,[0.62 0.79],73.93939393939394
Clarity of Research Method Description,0.6680644960433577,[0.58 0.76],75.0
Rationality of Method Selection,0.6598164681766955,[0.57 0.75],73.93939393939394
Rigor of Research Design,0.6705323572700221,[0.58 0.76],76.36363636363637
Inclusion of Latest Research Results,0.6854955235762769,[0.6  0.77],72.72727272727273
Reflection of Current Research Hotspots,0.6825900994765214,[0.59 0.77],72.72727272727273
Fluency of Language Expression,0.6848328631396969,[0.6  0.77],72.72727272727273
Appropriateness of Professional Terminology Use,0.6834351245090244,[0.59 0.77],73.33333333333333
Conciseness of Expression,0.6524808234937423,[0.56 0.75],73.33333333333333
Practical Application Potential of Research Results,0.6691387005443775,[0.58 0.76],76.36363636363637
Feasibility of Proposed Suggestions,0.6338025098256438,[0.54 0.73],76.36363636363637
Logic of Argumentation,0.7281017476734547,[0.64 0.81],73.33333333333333
Multi-angle Analysis of Problems,0.7205623356229056,[0.64 0.8 ],71.25
Identification and Discussion of Research Limitations,0.6550293311146949,[0.56 0.75],73.33333333333333
