Subcategory,ICC (Intraclass Correlation Coefficient),ICC 95% Confidence Interval,Transitivity Consistency Ratio (%)
Topic Relevance,0.6645474016964296,[0.57 0.76],86.06060606060606
Comprehensiveness of Information,0.8518994710198936,[0.8 0.9],70.9090909090909
Accuracy of Information,0.576288493577686,[0.48 0.68],82.42424242424242
Innovativeness of Viewpoints,0.5815067622582489,[0.48 0.69],75.75757575757575
Integration of Interdisciplinary Perspectives,0.803810496464749,[0.74 0.86],72.12121212121212
Clarity of Logical Structure,0.8174173152170946,[0.75 0.88],74.54545454545455
Reasonableness of Chapter Arrangement,0.7921025746879657,[0.72 0.86],74.54545454545455
Quality of Introduction and Conclusion,0.7300351685112719,[0.65 0.81],74.54545454545455
Accuracy and Completeness of Citations,0.6510433935952852,[0.56 0.75],83.03030303030303
Timeliness and Relevance of References,0.6506705392001721,[0.56 0.75],73.93939393939394
Avoidance of Plagiarism and Appropriate Citation,0.36092740830282033,[0.26 0.48],84.84848484848484
Critical Analysis of Existing Research,0.7253616914568499,[0.64 0.8 ],81.21212121212122
Proposal of New Research Directions or Questions,0.5689973270947994,[0.47 0.68],73.93939393939394
Potential Contribution to the Field,0.6667469208869202,[0.58 0.76],75.15151515151514
Clarity of Research Method Description,0.6295091922999119,[0.53 0.73],73.33333333333333
Rationality of Method Selection,0.625547649285957,[0.53 0.72],75.15151515151514
Rigor of Research Design,0.6268831313867201,[0.53 0.73],75.15151515151514
Inclusion of Latest Research Results,0.6490964439475528,[0.55 0.75],72.12121212121212
Reflection of Current Research Hotspots,0.6424517316020257,[0.54 0.74],76.36363636363637
Fluency of Language Expression,0.6857838130436769,[0.59 0.78],73.33333333333333
Appropriateness of Professional Terminology Use,0.6649790158484099,[0.57 0.76],71.51515151515152
Conciseness of Expression,0.6436883272770263,[0.55 0.74],74.54545454545455
Practical Application Potential of Research Results,0.6843199284834102,[0.59 0.77],70.9090909090909
Feasibility of Proposed Suggestions,0.36238610311530767,[0.27 0.48],70.9090909090909
Logic of Argumentation,0.6920216165171249,[0.6  0.78],76.36363636363637
Multi-angle Analysis of Problems,0.7364442467747354,[0.66 0.81],73.93939393939394
Identification and Discussion of Research Limitations,0.5842893975118371,[0.49 0.69],76.36363636363637
