Subcategory,ICC (Intraclass Correlation Coefficient),ICC 95% Confidence Interval,Transitivity Consistency Ratio (%)
Topic Relevance,0.48159715781422885,[0.38 0.6 ],11.11111111111111
Comprehensiveness of Information,0.8909358820990925,[0.85 0.93],83.03030303030303
Accuracy of Information,0.36998235649514494,[0.27 0.49],7.6923076923076925
Innovativeness of Viewpoints,0.799634136743545,[0.73 0.86],81.81818181818183
Integration of Interdisciplinary Perspectives,0.831225965276808,[0.76 0.89],84.24242424242424
Clarity of Logical Structure,0.8640645354331853,[0.81 0.91],82.42424242424242
Reasonableness of Chapter Arrangement,0.8468030494194069,[0.79 0.9 ],84.24242424242424
Quality of Introduction and Conclusion,0.8141795072068553,[0.75 0.87],82.42424242424242
Accuracy and Completeness of Citations,0.6155009369862454,[0.52 0.72],32.35294117647059
Timeliness and Relevance of References,0.7762269634132936,[0.7  0.84],89.0909090909091
Avoidance of Plagiarism and Appropriate Citation,0.3823577069451934,[0.28 0.5 ],13.333333333333334
Critical Analysis of Existing Research,0.8313192472479919,[0.77 0.88],81.21212121212122
Proposal of New Research Directions or Questions,0.7850903261036724,[0.71 0.85],80.60606060606061
Potential Contribution to the Field,0.8222077295418512,[0.76 0.88],80.60606060606061
Clarity of Research Method Description,0.8041575473279305,[0.74 0.86],82.42424242424242
Rationality of Method Selection,0.8153214678407569,[0.75 0.87],82.42424242424242
Rigor of Research Design,0.7826807356551552,[0.71 0.85],82.42424242424242
Inclusion of Latest Research Results,0.7812841882201145,[0.71 0.85],89.0909090909091
Reflection of Current Research Hotspots,0.8180789747613123,[0.75 0.87],86.06060606060606
Fluency of Language Expression,0.7459858092333094,[0.67 0.82],82.42424242424242
Appropriateness of Professional Terminology Use,0.7620829856045793,[0.69 0.83],82.42424242424242
Conciseness of Expression,0.7213126586709928,[0.64 0.8 ],82.42424242424242
Practical Application Potential of Research Results,0.8264247388843717,[0.77 0.88],80.60606060606061
Feasibility of Proposed Suggestions,0.7498892965114036,[0.67 0.82],80.60606060606061
Logic of Argumentation,0.8009778466950058,[0.73 0.86],82.42424242424242
Multi-angle Analysis of Problems,0.8276474779837829,[0.77 0.88],82.42424242424242
Identification and Discussion of Research Limitations,0.7508938413205895,[0.67 0.82],82.42424242424242
