Subcategory,ICC (Intraclass Correlation Coefficient),ICC 95% Confidence Interval,Transitivity Consistency Ratio (%)
Topic Relevance,0.6861792668542331,[0.59 0.78],69.2982456140351
Comprehensiveness of Information,0.7914447053151712,[0.65 0.88],75.75757575757575
Accuracy of Information,0.7366229003242025,[0.64 0.82],57.14285714285714
Innovativeness of Viewpoints,0.80841587340251,[0.74 0.87],84.24242424242424
Integration of Interdisciplinary Perspectives,0.652491494283861,[0.55 0.75],77.04918032786885
Clarity of Logical Structure,0.5793736213174173,[0.43 0.71],82.42424242424242
Reasonableness of Chapter Arrangement,0.6204489380021043,[0.49 0.74],82.01438848920863
Quality of Introduction and Conclusion,0.7328078955695875,[0.65 0.81],83.03030303030303
Accuracy and Completeness of Citations,0.8192502782127092,[0.74 0.88],72.35772357723577
Timeliness and Relevance of References,0.734545417527,[0.65 0.81],72.88135593220339
Avoidance of Plagiarism and Appropriate Citation,0.7462639579939614,[0.66 0.82],40.0
Critical Analysis of Existing Research,0.7388503782141727,[0.64 0.82],84.24242424242424
Proposal of New Research Directions or Questions,0.8843752768410087,[0.84 0.92],80.60606060606061
Potential Contribution to the Field,0.5980628669936164,[0.49 0.71],84.07643312101911
Clarity of Research Method Description,0.782405422847372,[0.71 0.85],50.0
Rationality of Method Selection,0.6009544886714987,[0.5 0.7],19.230769230769234
Rigor of Research Design,0.6605861644157965,[0.57 0.75],48.888888888888886
Inclusion of Latest Research Results,0.7376833412532093,[0.65 0.82],68.96551724137932
Reflection of Current Research Hotspots,0.4582906158215945,[0.33 0.59],71.53284671532847
Fluency of Language Expression,0.5543504099819795,[0.44 0.67],85.36585365853658
Appropriateness of Professional Terminology Use,0.6132555414894199,[0.51 0.72],54.71698113207547
Conciseness of Expression,0.5858900511711089,[0.47 0.7 ],88.66666666666667
Practical Application Potential of Research Results,0.5476325772029084,[0.44 0.66],80.60606060606061
Feasibility of Proposed Suggestions,0.833822466706977,[0.77 0.89],81.41025641025641
Logic of Argumentation,0.5591581831264664,[0.43 0.68],76.19047619047619
Multi-angle Analysis of Problems,0.6687531422566023,[0.56 0.77],80.12820512820514
Identification and Discussion of Research Limitations,0.8078831907655923,[0.74 0.87],63.366336633663366
