Subcategory,ICC (Intraclass Correlation Coefficient),ICC 95% Confidence Interval,Transitivity Consistency Ratio (%)
Topic Relevance,0.7062052739927455,[0.61 0.8 ],74.33628318584071
Comprehensiveness of Information,0.8728231600011583,[0.79 0.92],84.84848484848484
Accuracy of Information,0.84424255118605,[0.79 0.89],55.769230769230774
Innovativeness of Viewpoints,0.7916604000139332,[0.71 0.86],81.21212121212122
Integration of Interdisciplinary Perspectives,0.6182388071651185,[0.5  0.73],76.47058823529412
Clarity of Logical Structure,0.7272349883216216,[0.6  0.82],85.23489932885906
Reasonableness of Chapter Arrangement,0.8080780290403882,[0.71 0.88],80.1526717557252
Quality of Introduction and Conclusion,0.48509245300433784,[0.36 0.61],83.63636363636363
Accuracy and Completeness of Citations,0.9078139359265408,[0.87 0.94],62.96296296296296
Timeliness and Relevance of References,0.8064875567219612,[0.73 0.87],62.5
Avoidance of Plagiarism and Appropriate Citation,0.8164677534778548,[0.75 0.87],40.0
Critical Analysis of Existing Research,0.7474325744532918,[0.64 0.83],78.78787878787878
Proposal of New Research Directions or Questions,0.8601530409485043,[0.79 0.91],81.21212121212122
Potential Contribution to the Field,0.6679269898474213,[0.54 0.78],84.89208633093526
Clarity of Research Method Description,0.8700978213048997,[0.82 0.91],36.36363636363637
Rationality of Method Selection,0.654593961604346,[0.56 0.75],14.285714285714285
Rigor of Research Design,0.742648576735457,[0.66 0.82],53.333333333333336
Inclusion of Latest Research Results,0.7683014625196203,[0.67 0.85],77.88461538461539
Reflection of Current Research Hotspots,0.5026323595291659,[0.36 0.64],79.0909090909091
Fluency of Language Expression,0.14410421396664905,[0.08 0.24],78.125
Appropriateness of Professional Terminology Use,0.6060871735292166,[0.5  0.71],48.888888888888886
Conciseness of Expression,0.6885917869670332,[0.59 0.78],88.65248226950354
Practical Application Potential of Research Results,0.7593177902305447,[0.65 0.84],82.22222222222221
Feasibility of Proposed Suggestions,0.7951873187548189,[0.71 0.86],80.89171974522293
Logic of Argumentation,0.6686664317991909,[0.54 0.78],82.83582089552239
Multi-angle Analysis of Problems,0.5002506746754364,[0.36 0.63],81.81818181818183
Identification and Discussion of Research Limitations,0.399697697335225,[0.29 0.53],80.0
