Subcategory,ICC (Intraclass Correlation Coefficient),ICC 95% Confidence Interval,Transitivity Consistency Ratio (%)
Topic Relevance,0.5254397129962695,[0.42 0.64],77.88461538461539
Comprehensiveness of Information,0.7287815779226794,[0.63 0.81],81.21212121212122
Accuracy of Information,0.14477759472817142,[0.08 0.24],77.77777777777779
Innovativeness of Viewpoints,0.7305513123274823,[0.64 0.81],79.87421383647799
Integration of Interdisciplinary Perspectives,0.7601234792782101,[0.68 0.83],80.0
Clarity of Logical Structure,0.6924303096372013,[0.58 0.79],87.87878787878788
Reasonableness of Chapter Arrangement,0.6658646160745055,[0.56 0.76],81.41025641025641
Quality of Introduction and Conclusion,0.6537031134114228,[0.55 0.75],81.52866242038218
Accuracy and Completeness of Citations,0.5814995076932826,[0.48 0.69],73.68421052631578
Timeliness and Relevance of References,0.5637888067352705,[0.46 0.67],80.0
Avoidance of Plagiarism and Appropriate Citation,0.26245739955384273,[0.18 0.38],55.55555555555556
Critical Analysis of Existing Research,0.700287743604394,[0.6  0.79],82.42424242424242
Proposal of New Research Directions or Questions,0.7324259799620463,[0.65 0.81],79.48717948717949
Potential Contribution to the Field,0.691261182316292,[0.59 0.78],82.42424242424242
Clarity of Research Method Description,0.53963736651349,[0.42 0.66],89.30817610062893
Rationality of Method Selection,0.5602833099952395,[0.45 0.67],84.61538461538461
Rigor of Research Design,0.5308572833021679,[0.41 0.65],86.53846153846155
Inclusion of Latest Research Results,0.590564104077694,[0.49 0.7 ],80.0
Reflection of Current Research Hotspots,0.6521606547204698,[0.56 0.75],79.39393939393939
Fluency of Language Expression,0.5063360268278414,[0.38 0.63],87.83783783783784
Appropriateness of Professional Terminology Use,0.46938224027145514,[0.34 0.6 ],85.45454545454545
Conciseness of Expression,0.43662289459887926,[0.33 0.56],85.8974358974359
Practical Application Potential of Research Results,0.6630479494175764,[0.56 0.76],82.42424242424242
Feasibility of Proposed Suggestions,0.6232114165621506,[0.52 0.73],80.60606060606061
Logic of Argumentation,0.6133052811754424,[0.5  0.72],81.64556962025317
Multi-angle Analysis of Problems,0.6827235927681155,[0.59 0.77],80.0
Identification and Discussion of Research Limitations,0.5849396920347391,[0.48 0.69],79.39393939393939
