Subcategory,ICC (Intraclass Correlation Coefficient),ICC 95% Confidence Interval,Transitivity Consistency Ratio (%)
Topic Relevance,0.5725034647616114,[0.45 0.69],74.54545454545455
Comprehensiveness of Information,0.8383423935471138,[0.77 0.89],71.51515151515152
Accuracy of Information,0.7187726993744123,[0.62 0.81],58.333333333333336
Innovativeness of Viewpoints,0.6888979238357895,[0.6  0.78],81.21212121212122
Integration of Interdisciplinary Perspectives,0.7716671626994102,[0.69 0.84],70.58823529411765
Clarity of Logical Structure,0.5196747405917158,[0.33 0.68],89.6969696969697
Reasonableness of Chapter Arrangement,0.6606923316149617,[0.53 0.77],84.17721518987342
Quality of Introduction and Conclusion,0.5377766730521921,[0.41 0.67],83.03030303030303
Accuracy and Completeness of Citations,0.8947530308532429,[0.85 0.93],63.23529411764706
Timeliness and Relevance of References,0.8700225297304245,[0.82 0.91],38.70967741935484
Avoidance of Plagiarism and Appropriate Citation,0.8459211529933873,[0.79 0.89],40.909090909090914
Critical Analysis of Existing Research,0.7531107946111011,[0.65 0.84],71.51515151515152
Proposal of New Research Directions or Questions,0.8184112694394662,[0.75 0.88],80.60606060606061
Potential Contribution to the Field,0.7241006396805153,[0.62 0.81],75.75757575757575
Clarity of Research Method Description,0.7751881353694495,[0.7  0.84],50.0
Rationality of Method Selection,0.7509447687005317,[0.67 0.82],37.83783783783784
Rigor of Research Design,0.760154589107725,[0.68 0.83],48.0
Inclusion of Latest Research Results,0.8474251199101567,[0.79 0.9 ],58.2089552238806
Reflection of Current Research Hotspots,0.5702192713182705,[0.45 0.69],71.7948717948718
Fluency of Language Expression,0.1835346130392131,[0.1 0.3],96.22641509433963
Appropriateness of Professional Terminology Use,0.5691331616895555,[0.46 0.68],34.375
Conciseness of Expression,0.28252217892380377,[0.18 0.41],92.12121212121212
Practical Application Potential of Research Results,0.7564719808383058,[0.66 0.84],72.72727272727273
Feasibility of Proposed Suggestions,0.8007332678540827,[0.73 0.86],74.54545454545455
Logic of Argumentation,0.6206943452201794,[0.46 0.75],89.6969696969697
Multi-angle Analysis of Problems,0.8178927597633009,[0.75 0.87],82.42424242424242
Identification and Discussion of Research Limitations,0.8532365569486947,[0.8 0.9],73.93939393939394
