Subcategory,ICC (Intraclass Correlation Coefficient),ICC 95% Confidence Interval,Transitivity Consistency Ratio (%)
Topic Relevance,0.42795416150184545,[0.33 0.55],44.11764705882353
Comprehensiveness of Information,0.6822443964865115,[0.58 0.78],75.92592592592592
Accuracy of Information,0.464737606229698,[0.36 0.58],23.076923076923077
Innovativeness of Viewpoints,0.48744201068897797,[0.38 0.6 ],75.51020408163265
Integration of Interdisciplinary Perspectives,0.5822754890123943,[0.48 0.69],75.70093457943925
Clarity of Logical Structure,0.7143589222714867,[0.63 0.8 ],62.857142857142854
Reasonableness of Chapter Arrangement,0.6220023862977384,[0.52 0.72],71.42857142857143
Quality of Introduction and Conclusion,0.5018368920183913,[0.39 0.62],73.45132743362832
Accuracy and Completeness of Citations,0.547009040621786,[0.45 0.66],40.816326530612244
Timeliness and Relevance of References,0.566126100669614,[0.47 0.67],69.44444444444444
Avoidance of Plagiarism and Appropriate Citation,0.35178221589640024,[0.26 0.47],36.0
Critical Analysis of Existing Research,0.6440506838808162,[0.54 0.75],75.51020408163265
Proposal of New Research Directions or Questions,0.41496693293160924,[0.31 0.53],73.28767123287672
Potential Contribution to the Field,0.5933635979930407,[0.49 0.7 ],74.28571428571429
Clarity of Research Method Description,0.5996552413927656,[0.5 0.7],50.0
Rationality of Method Selection,0.5524433849172996,[0.45 0.66],73.33333333333333
Rigor of Research Design,0.5366771187505569,[0.44 0.65],70.40816326530613
Inclusion of Latest Research Results,0.6009549004441678,[0.5 0.7],69.44444444444444
Reflection of Current Research Hotspots,0.5705102404011798,[0.47 0.68],76.19047619047619
Fluency of Language Expression,0.47728439476928686,[0.38 0.59],57.14285714285714
Appropriateness of Professional Terminology Use,0.49650166814407204,[0.39 0.61],65.15151515151516
Conciseness of Expression,0.4123565966150275,[0.31 0.53],68.86792452830188
Practical Application Potential of Research Results,0.5426519932546755,[0.44 0.65],75.57251908396947
Feasibility of Proposed Suggestions,0.42358204791115645,[0.32 0.54],78.35820895522389
Logic of Argumentation,0.5727865849441565,[0.47 0.68],71.05263157894737
Multi-angle Analysis of Problems,0.5810792000325362,[0.48 0.69],74.60317460317461
Identification and Discussion of Research Limitations,0.46404217933671404,[0.36 0.58],69.90291262135922
