Subcategory,ICC (Intraclass Correlation Coefficient),ICC 95% Confidence Interval,Transitivity Consistency Ratio (%)
Topic Relevance,0.4257742020978381,[0.33 0.54],56.57894736842105
Comprehensiveness of Information,0.8250758417053107,[0.75 0.88],80.12820512820514
Accuracy of Information,0.3165051138610445,[0.22 0.43],56.75675675675676
Innovativeness of Viewpoints,0.7495603842407997,[0.65 0.83],91.51515151515152
Integration of Interdisciplinary Perspectives,0.777901095352258,[0.71 0.85],73.33333333333333
Clarity of Logical Structure,0.7847836887540516,[0.71 0.85],77.84810126582279
Reasonableness of Chapter Arrangement,0.7698800997521406,[0.69 0.84],78.78787878787878
Quality of Introduction and Conclusion,0.720016638977333,[0.63 0.8 ],86.62420382165605
Accuracy and Completeness of Citations,0.7787988697846677,[0.71 0.85],67.56756756756756
Timeliness and Relevance of References,0.7441350172032369,[0.66 0.82],75.75757575757575
Avoidance of Plagiarism and Appropriate Citation,0.2915126286077793,[0.2  0.41],61.904761904761905
Critical Analysis of Existing Research,0.7527964179008724,[0.66 0.83],91.51515151515152
Proposal of New Research Directions or Questions,0.8017958736369343,[0.73 0.87],91.51515151515152
Potential Contribution to the Field,0.7581917179423202,[0.67 0.84],90.9090909090909
Clarity of Research Method Description,0.6392842865237202,[0.54 0.74],85.8974358974359
Rationality of Method Selection,0.6449302562605986,[0.55 0.74],78.125
Rigor of Research Design,0.6080274971434756,[0.5  0.72],82.11920529801324
Inclusion of Latest Research Results,0.7696638234970855,[0.69 0.84],75.75757575757575
Reflection of Current Research Hotspots,0.7491275254952686,[0.67 0.82],73.88535031847134
Fluency of Language Expression,0.6054539752369331,[0.5  0.71],84.24242424242424
Appropriateness of Professional Terminology Use,0.5597832718575223,[0.45 0.67],85.91549295774648
Conciseness of Expression,0.6381418445671346,[0.53 0.74],80.60606060606061
Practical Application Potential of Research Results,0.7333980926969179,[0.64 0.82],89.0909090909091
Feasibility of Proposed Suggestions,0.7065497224678146,[0.61 0.79],91.51515151515152
Logic of Argumentation,0.6867567381249743,[0.59 0.78],83.03030303030303
Multi-angle Analysis of Problems,0.717014543152142,[0.63 0.8 ],78.78787878787878
Identification and Discussion of Research Limitations,0.6575905336086039,[0.55 0.76],82.42424242424242
