Subcategory,ICC (Intraclass Correlation Coefficient),ICC 95% Confidence Interval,Transitivity Consistency Ratio (%)
Topic Relevance,0.33969033641661056,[0.25 0.46],28.000000000000004
Comprehensiveness of Information,0.7982102924760813,[0.72 0.86],76.36363636363637
Accuracy of Information,0.3060374510011652,[0.22 0.42],23.809523809523807
Innovativeness of Viewpoints,0.7653316773493191,[0.68 0.84],78.18181818181819
Integration of Interdisciplinary Perspectives,0.797035222815297,[0.73 0.86],76.36363636363637
Clarity of Logical Structure,0.7453136625614944,[0.67 0.82],71.69811320754717
Reasonableness of Chapter Arrangement,0.7467686580571662,[0.67 0.82],71.51515151515152
Quality of Introduction and Conclusion,0.7217862729034646,[0.64 0.8 ],75.15151515151514
Accuracy and Completeness of Citations,0.697933023898851,[0.61 0.78],33.33333333333333
Timeliness and Relevance of References,0.7719143740973653,[0.7  0.84],73.33333333333333
Avoidance of Plagiarism and Appropriate Citation,0.2764107335735357,[0.19 0.39],29.629629629629626
Critical Analysis of Existing Research,0.7409280275846442,[0.66 0.82],78.125
Proposal of New Research Directions or Questions,0.7108376611932125,[0.62 0.79],74.54545454545455
Potential Contribution to the Field,0.741243939891855,[0.66 0.82],78.18181818181819
Clarity of Research Method Description,0.7178332862493507,[0.63 0.8 ],75.15923566878982
Rationality of Method Selection,0.7085989595494242,[0.62 0.79],72.0
Rigor of Research Design,0.7136008155269452,[0.63 0.8 ],73.71794871794873
Inclusion of Latest Research Results,0.7689658628787444,[0.69 0.84],73.33333333333333
Reflection of Current Research Hotspots,0.7560931585666335,[0.68 0.83],73.33333333333333
Fluency of Language Expression,0.6942527364023923,[0.61 0.78],72.15189873417721
Appropriateness of Professional Terminology Use,0.6328605398140468,[0.54 0.73],75.67567567567568
Conciseness of Expression,0.6677291030207535,[0.58 0.76],72.15189873417721
Practical Application Potential of Research Results,0.7030423130591296,[0.61 0.79],76.36363636363637
Feasibility of Proposed Suggestions,0.707492459267506,[0.62 0.79],76.36363636363637
Logic of Argumentation,0.7408482398746618,[0.66 0.82],75.75757575757575
Multi-angle Analysis of Problems,0.7418573831921225,[0.66 0.82],77.57575757575758
Identification and Discussion of Research Limitations,0.7149472735072473,[0.63 0.8 ],76.92307692307693
