Subcategory,ICC (Intraclass Correlation Coefficient),ICC 95% Confidence Interval,Transitivity Consistency Ratio (%)
Topic Relevance,0.09179371363884681,[0.04 0.17],46.666666666666664
Comprehensiveness of Information,0.07514872986985183,[0.03 0.15],52.17391304347826
Accuracy of Information,0.05892872205820331,[0.01 0.13],47.82608695652174
Innovativeness of Viewpoints,0.10749961948947909,[0.05 0.19],61.05263157894737
Integration of Interdisciplinary Perspectives,0.03814325214718978,[-0.   0.1],59.45945945945946
Clarity of Logical Structure,0.03518265413112232,[0.   0.09],96.2406015037594
Reasonableness of Chapter Arrangement,0.03707059120785837,[-0.   0.1],90.9090909090909
Quality of Introduction and Conclusion,0.054953730198255356,[0.01 0.13],73.46938775510205
Accuracy and Completeness of Citations,0.048853551093385565,[0.01 0.11],84.84848484848484
Timeliness and Relevance of References,0.09089429094247965,[0.04 0.17],77.14285714285715
Avoidance of Plagiarism and Appropriate Citation,0.06200260753867842,[0.02 0.13],68.81720430107528
Critical Analysis of Existing Research,0.11600617814138782,[0.06 0.21],76.42276422764228
Proposal of New Research Directions or Questions,0.0897265392761039,[0.04 0.17],73.68421052631578
Potential Contribution to the Field,0.08824040374507479,[0.03 0.17],71.56862745098039
Clarity of Research Method Description,0.04626895230873778,[0.   0.11],90.625
Rationality of Method Selection,0.07101619569256731,[0.02 0.14],90.78014184397163
Rigor of Research Design,0.06558420495572426,[0.02 0.14],86.0655737704918
Inclusion of Latest Research Results,0.0907040968947862,[0.04 0.17],83.92857142857143
Reflection of Current Research Hotspots,0.10149640069343367,[0.05 0.19],82.08955223880598
Fluency of Language Expression,0.05571430031026177,[0.01 0.13],80.18018018018019
Appropriateness of Professional Terminology Use,0.05593118945976598,[0.01 0.13],72.32142857142857
Conciseness of Expression,0.06273712970027782,[0.02 0.14],77.5
Practical Application Potential of Research Results,0.10284319588970207,[0.05 0.19],83.33333333333334
Feasibility of Proposed Suggestions,0.08717153575385703,[0.03 0.17],81.14754098360656
Logic of Argumentation,0.08710812301639224,[0.03 0.17],74.78260869565217
Multi-angle Analysis of Problems,0.10218026359958672,[0.05 0.19],77.04918032786885
Identification and Discussion of Research Limitations,0.09654264609545013,[0.04 0.18],79.38931297709924
