Subcategory,ICC (Intraclass Correlation Coefficient),ICC 95% Confidence Interval,Transitivity Consistency Ratio (%)
Topic Relevance,0.46495956665922894,[0.36 0.58],90.9090909090909
Comprehensiveness of Information,0.8292120878062711,[0.77 0.88],75.15151515151514
Accuracy of Information,0.3890792965577442,[0.29 0.51],90.9090909090909
Innovativeness of Viewpoints,0.7783304608783048,[0.7  0.85],76.36363636363637
Integration of Interdisciplinary Perspectives,0.8340522127517872,[0.78 0.89],78.18181818181819
Clarity of Logical Structure,0.8457255606212498,[0.79 0.89],77.57575757575758
Reasonableness of Chapter Arrangement,0.8166049074804597,[0.75 0.87],76.96969696969697
Quality of Introduction and Conclusion,0.7807246204169311,[0.71 0.85],76.96969696969697
Accuracy and Completeness of Citations,0.4262205948094247,[0.33 0.55],80.60606060606061
Timeliness and Relevance of References,0.5310664007701156,[0.43 0.64],81.81818181818183
Avoidance of Plagiarism and Appropriate Citation,0.2340647943734319,[0.15 0.34],90.9090909090909
Critical Analysis of Existing Research,0.7550586876242404,[0.68 0.83],76.96969696969697
Proposal of New Research Directions or Questions,0.6352743359842642,[0.54 0.73],75.15151515151514
Potential Contribution to the Field,0.7569057080010797,[0.68 0.83],76.96969696969697
Clarity of Research Method Description,0.7119583249205508,[0.63 0.79],80.60606060606061
Rationality of Method Selection,0.7101247736036016,[0.62 0.79],77.57575757575758
Rigor of Research Design,0.7100007520929879,[0.62 0.79],83.63636363636363
Inclusion of Latest Research Results,0.5744677398074046,[0.47 0.68],81.81818181818183
Reflection of Current Research Hotspots,0.6487827173065769,[0.55 0.74],80.0
Fluency of Language Expression,0.6917768024810791,[0.6  0.78],75.75757575757575
Appropriateness of Professional Terminology Use,0.6523945649833747,[0.56 0.75],75.75757575757575
Conciseness of Expression,0.6475450318556725,[0.55 0.74],76.36363636363637
Practical Application Potential of Research Results,0.757227924068289,[0.68 0.83],75.75757575757575
Feasibility of Proposed Suggestions,0.6672875414756055,[0.57 0.76],75.75757575757575
Logic of Argumentation,0.7435429505973392,[0.66 0.82],74.54545454545455
Multi-angle Analysis of Problems,0.7628009228687558,[0.69 0.83],75.15151515151514
Identification and Discussion of Research Limitations,0.7009905050482684,[0.61 0.79],76.96969696969697
