Subcategory,ICC (Intraclass Correlation Coefficient),ICC 95% Confidence Interval,Transitivity Consistency Ratio (%)
Topic Relevance,0.5625327981043373,[0.44 0.68],72.54901960784314
Comprehensiveness of Information,0.8361119832214357,[0.73 0.9 ],74.54545454545455
Accuracy of Information,0.7511842068108657,[0.66 0.83],68.62745098039215
Innovativeness of Viewpoints,0.7720482320442561,[0.7  0.84],82.80254777070064
Integration of Interdisciplinary Perspectives,0.6478774502416772,[0.55 0.74],70.54263565891473
Clarity of Logical Structure,0.6472348725508634,[0.46 0.78],84.24242424242424
Reasonableness of Chapter Arrangement,0.6561567640034961,[0.51 0.77],84.24242424242424
Quality of Introduction and Conclusion,0.7713280449947513,[0.7  0.84],74.67532467532467
Accuracy and Completeness of Citations,0.9168807860363896,[0.88 0.95],82.91139240506328
Timeliness and Relevance of References,0.8721832743604608,[0.82 0.92],69.66292134831461
Avoidance of Plagiarism and Appropriate Citation,0.8853829198716366,[0.84 0.92],40.0
Critical Analysis of Existing Research,0.7826543371557021,[0.69 0.86],76.96969696969697
Proposal of New Research Directions or Questions,0.9091181379970613,[0.87 0.94],77.84810126582279
Potential Contribution to the Field,0.7421804489138447,[0.65 0.82],70.625
Clarity of Research Method Description,0.6026953077111085,[0.5  0.71],38.70967741935484
Rationality of Method Selection,0.6594235393262768,[0.57 0.75],42.857142857142854
Rigor of Research Design,0.561174958095179,[0.46 0.67],71.1864406779661
Inclusion of Latest Research Results,0.8555805496868623,[0.79 0.91],78.94736842105263
Reflection of Current Research Hotspots,0.6649656380107064,[0.55 0.77],71.63120567375887
Fluency of Language Expression,0.5078591967349968,[0.37 0.64],91.66666666666666
Appropriateness of Professional Terminology Use,0.5404269421120174,[0.43 0.66],58.97435897435898
Conciseness of Expression,0.6346826023226969,[0.51 0.75],88.48484848484848
Practical Application Potential of Research Results,0.6245923640618171,[0.5  0.74],77.57575757575758
Feasibility of Proposed Suggestions,0.8208239625437402,[0.76 0.88],80.0
Logic of Argumentation,0.6982837184300296,[0.56 0.8 ],80.60606060606061
Multi-angle Analysis of Problems,0.694558039914705,[0.6  0.78],71.15384615384616
Identification and Discussion of Research Limitations,0.7331265900476649,[0.65 0.81],78.4
