Subcategory,ICC (Intraclass Correlation Coefficient),ICC 95% Confidence Interval,Transitivity Consistency Ratio (%)
Topic Relevance,0.5936310265077387,[0.49 0.7 ],63.85542168674698
Comprehensiveness of Information,0.8143142563075578,[0.75 0.87],80.98159509202453
Accuracy of Information,0.5388806354442451,[0.44 0.65],64.19753086419753
Innovativeness of Viewpoints,0.8256929591563978,[0.76 0.88],83.03030303030303
Integration of Interdisciplinary Perspectives,0.8431177749369823,[0.79 0.89],83.63636363636363
Clarity of Logical Structure,0.802809419213182,[0.74 0.86],85.45454545454545
Reasonableness of Chapter Arrangement,0.7943220152537402,[0.73 0.86],85.45454545454545
Quality of Introduction and Conclusion,0.7499946854694557,[0.67 0.82],85.45454545454545
Accuracy and Completeness of Citations,0.6785509107848241,[0.59 0.77],76.78571428571429
Timeliness and Relevance of References,0.7803075928015694,[0.71 0.85],85.45454545454545
Avoidance of Plagiarism and Appropriate Citation,0.443483623361165,[0.34 0.56],66.66666666666666
Critical Analysis of Existing Research,0.8182829416695754,[0.75 0.88],82.42424242424242
Proposal of New Research Directions or Questions,0.7625535166165271,[0.69 0.83],88.48484848484848
Potential Contribution to the Field,0.8140466700933281,[0.75 0.87],83.63636363636363
Clarity of Research Method Description,0.7844506454412098,[0.71 0.85],84.84848484848484
Rationality of Method Selection,0.7845239297454664,[0.71 0.85],85.45454545454545
Rigor of Research Design,0.7679086957317725,[0.69 0.84],85.45454545454545
Inclusion of Latest Research Results,0.7848185212113837,[0.71 0.85],85.45454545454545
Reflection of Current Research Hotspots,0.8258448609807822,[0.76 0.88],85.45454545454545
Fluency of Language Expression,0.701246492807165,[0.61 0.79],85.45454545454545
Appropriateness of Professional Terminology Use,0.7347119326747356,[0.65 0.81],81.48148148148148
Conciseness of Expression,0.6942565677566003,[0.61 0.78],85.45454545454545
Practical Application Potential of Research Results,0.7993670047620053,[0.73 0.86],84.24242424242424
Feasibility of Proposed Suggestions,0.7057752912657206,[0.62 0.79],83.03030303030303
Logic of Argumentation,0.7961223077934353,[0.73 0.86],83.63636363636363
Multi-angle Analysis of Problems,0.8076494020618155,[0.74 0.87],83.63636363636363
Identification and Discussion of Research Limitations,0.7648995949301376,[0.69 0.84],83.63636363636363
