Subcategory,ICC (Intraclass Correlation Coefficient),ICC 95% Confidence Interval,Transitivity Consistency Ratio (%)
Topic Relevance,0.4550423528612501,[0.35 0.58],0.0
Comprehensiveness of Information,0.8834169627471844,[0.84 0.92],74.53416149068323
Accuracy of Information,0.3938336735914663,[0.3  0.51],11.11111111111111
Innovativeness of Viewpoints,0.7725386329876693,[0.7  0.84],81.41025641025641
Integration of Interdisciplinary Perspectives,0.854285813304025,[0.8 0.9],74.375
Clarity of Logical Structure,0.8726812945568778,[0.82 0.91],77.57575757575758
Reasonableness of Chapter Arrangement,0.8594715542379863,[0.81 0.9 ],77.57575757575758
Quality of Introduction and Conclusion,0.805278672310983,[0.74 0.87],76.36363636363637
Accuracy and Completeness of Citations,0.5764085069749199,[0.48 0.68],28.125
Timeliness and Relevance of References,0.7474676162246331,[0.67 0.82],73.75
Avoidance of Plagiarism and Appropriate Citation,0.31284015722669656,[0.22 0.43],0.0
Critical Analysis of Existing Research,0.8196580231187806,[0.76 0.88],77.57575757575758
Proposal of New Research Directions or Questions,0.7092809957770703,[0.62 0.79],78.18181818181819
Potential Contribution to the Field,0.8094213291832508,[0.74 0.87],77.57575757575758
Clarity of Research Method Description,0.7515961596953147,[0.67 0.83],75.0
Rationality of Method Selection,0.7521455950140579,[0.67 0.83],76.36363636363637
Rigor of Research Design,0.7358202246827038,[0.65 0.81],76.36363636363637
Inclusion of Latest Research Results,0.7785000953120983,[0.71 0.85],76.96969696969697
Reflection of Current Research Hotspots,0.8365177967496026,[0.78 0.89],76.96969696969697
Fluency of Language Expression,0.7740248427194175,[0.7  0.84],77.57575757575758
Appropriateness of Professional Terminology Use,0.7416783206222152,[0.66 0.82],72.66666666666667
Conciseness of Expression,0.6980872847461936,[0.61 0.78],77.57575757575758
Practical Application Potential of Research Results,0.7780152677306603,[0.71 0.85],77.57575757575758
Feasibility of Proposed Suggestions,0.6009405489947924,[0.5 0.7],77.57575757575758
Logic of Argumentation,0.820787668575243,[0.76 0.88],75.625
Multi-angle Analysis of Problems,0.8256662285349327,[0.76 0.88],75.75757575757575
Identification and Discussion of Research Limitations,0.7499892689780695,[0.67 0.82],75.75757575757575
