Subcategory,ICC (Intraclass Correlation Coefficient),ICC 95% Confidence Interval,Transitivity Consistency Ratio (%)
Topic Relevance,0.19923444375593188,[0.12 0.3 ],31.818181818181817
Comprehensiveness of Information,0.24506161880623284,[0.16 0.36],35.13513513513514
Accuracy of Information,0.16733396706731546,[0.1  0.27],0.0
Innovativeness of Viewpoints,0.24764725486914002,[0.16 0.36],57.971014492753625
Integration of Interdisciplinary Perspectives,0.24637551566399554,[0.16 0.36],62.31884057971014
Clarity of Logical Structure,0.0989849338692583,[0.05 0.18],97.6
Reasonableness of Chapter Arrangement,0.11796106774015507,[0.06 0.2 ],98.18181818181819
Quality of Introduction and Conclusion,0.10282565296834284,[0.05 0.19],73.10924369747899
Accuracy and Completeness of Citations,0.13903206755976624,[0.08 0.23],81.08108108108108
Timeliness and Relevance of References,0.18285445767928685,[0.11 0.29],74.48979591836735
Avoidance of Plagiarism and Appropriate Citation,0.09819776253173203,[0.04 0.18],78.50467289719626
Critical Analysis of Existing Research,0.18416609459691516,[0.11 0.29],80.9090909090909
Proposal of New Research Directions or Questions,0.14983464735215493,[0.08 0.25],83.60655737704919
Potential Contribution to the Field,0.18615676298517211,[0.11 0.29],86.61417322834646
Clarity of Research Method Description,0.1064078490934327,[0.05 0.19],87.28813559322035
Rationality of Method Selection,0.09433046803694714,[0.04 0.17],88.23529411764706
Rigor of Research Design,0.08992801324275998,[0.04 0.17],85.0
Inclusion of Latest Research Results,0.1269100093308169,[0.07 0.22],85.0
Reflection of Current Research Hotspots,0.13878454356878486,[0.08 0.23],83.5820895522388
Fluency of Language Expression,0.07842355502601621,[0.03 0.16],78.2258064516129
Appropriateness of Professional Terminology Use,0.08790301244507624,[0.04 0.17],87.31343283582089
Conciseness of Expression,0.08974089608246655,[0.04 0.17],86.71875
Practical Application Potential of Research Results,0.11644500937382969,[0.06 0.2 ],79.36507936507937
Feasibility of Proposed Suggestions,0.12932788645512885,[0.07 0.22],77.23577235772358
Logic of Argumentation,0.10782817091566334,[0.05 0.19],87.28813559322035
Multi-angle Analysis of Problems,0.10225815564305467,[0.05 0.19],86.46616541353383
Identification and Discussion of Research Limitations,0.09573995078518331,[0.04 0.18],86.4406779661017
