Subcategory,ICC (Intraclass Correlation Coefficient),ICC 95% Confidence Interval,Transitivity Consistency Ratio (%)
Topic Relevance,0.10108187932662713,[0.04 0.19],53.73134328358209
Comprehensiveness of Information,0.17177869806591115,[0.1  0.27],55.81395348837209
Accuracy of Information,0.07731079536732229,[0.03 0.16],41.509433962264154
Innovativeness of Viewpoints,0.08546575503194635,[0.03 0.16],72.27722772277228
Integration of Interdisciplinary Perspectives,0.07486089868677809,[0.02 0.15],63.26530612244898
Clarity of Logical Structure,0.043424716757290024,[0.01 0.1 ],79.6875
Reasonableness of Chapter Arrangement,0.057085150053297354,[0.01 0.12],76.29629629629629
Quality of Introduction and Conclusion,0.08289227171155059,[0.03 0.16],66.10169491525424
Accuracy and Completeness of Citations,0.07323104692437392,[0.03 0.14],76.13636363636364
Timeliness and Relevance of References,0.15441945278747954,[0.09 0.25],65.0
Avoidance of Plagiarism and Appropriate Citation,0.1071448924791689,[0.05 0.19],71.42857142857143
Critical Analysis of Existing Research,0.11921360098626682,[0.06 0.21],73.94366197183099
Proposal of New Research Directions or Questions,0.12096748255653925,[0.06 0.21],71.91780821917808
Potential Contribution to the Field,0.10382779278883067,[0.05 0.19],73.61111111111111
Clarity of Research Method Description,0.07521513180250068,[0.03 0.15],66.94214876033058
Rationality of Method Selection,0.10479916340911404,[0.05 0.19],72.5925925925926
Rigor of Research Design,0.09676337781637208,[0.04 0.18],66.07142857142857
Inclusion of Latest Research Results,0.15420127074228765,[0.09 0.25],74.26470588235294
Reflection of Current Research Hotspots,0.12508159907510152,[0.06 0.22],65.83333333333333
Fluency of Language Expression,0.10526899023868487,[0.05 0.19],75.96899224806202
Appropriateness of Professional Terminology Use,0.11273341454049822,[0.05 0.2 ],75.0
Conciseness of Expression,0.08260033366361344,[0.03 0.16],79.1044776119403
Practical Application Potential of Research Results,0.12242993934456875,[0.06 0.21],72.26277372262774
Feasibility of Proposed Suggestions,0.1408060418070001,[0.08 0.24],68.33333333333333
Logic of Argumentation,0.11145566354279456,[0.05 0.2 ],66.36363636363637
Multi-angle Analysis of Problems,0.1152603577033107,[0.06 0.2 ],64.95726495726495
Identification and Discussion of Research Limitations,0.09364792700577837,[0.04 0.18],65.09433962264151
