Subcategory,ICC (Intraclass Correlation Coefficient),ICC 95% Confidence Interval,Transitivity Consistency Ratio (%)
Topic Relevance,0.4155415028025659,[0.32 0.53],60.37735849056604
Comprehensiveness of Information,0.4075989505395527,[0.31 0.53],58.92857142857143
Accuracy of Information,0.10836216996812072,[0.05 0.19],45.45454545454545
Innovativeness of Viewpoints,0.4095811608756866,[0.31 0.53],66.26506024096386
Integration of Interdisciplinary Perspectives,0.38497679179498245,[0.29 0.5 ],67.94871794871796
Clarity of Logical Structure,0.1997772848718351,[0.12 0.3 ],82.57575757575758
Reasonableness of Chapter Arrangement,0.19915192724435363,[0.12 0.3 ],78.51851851851852
Quality of Introduction and Conclusion,0.2229245937514934,[0.14 0.33],72.38095238095238
Accuracy and Completeness of Citations,0.11430674470696588,[0.06 0.2 ],70.1492537313433
Timeliness and Relevance of References,0.18570985565202552,[0.11 0.29],66.26506024096386
Avoidance of Plagiarism and Appropriate Citation,0.10606394390706438,[0.05 0.19],57.77777777777777
Critical Analysis of Existing Research,0.4105977913865185,[0.31 0.53],66.66666666666666
Proposal of New Research Directions or Questions,0.33240343092038316,[0.24 0.45],74.80314960629921
Potential Contribution to the Field,0.34777041553979066,[0.25 0.47],68.22429906542055
Clarity of Research Method Description,0.15208943200157196,[0.09 0.25],76.03305785123968
Rationality of Method Selection,0.15308003254257213,[0.09 0.25],72.97297297297297
Rigor of Research Design,0.13794529768626967,[0.08 0.23],70.64220183486239
Inclusion of Latest Research Results,0.17262878224512498,[0.1  0.27],77.23577235772358
Reflection of Current Research Hotspots,0.22806651667298936,[0.15 0.34],72.58064516129032
Fluency of Language Expression,0.17613030233612786,[0.11 0.28],68.31683168316832
Appropriateness of Professional Terminology Use,0.1768836635191726,[0.11 0.28],68.08510638297872
Conciseness of Expression,0.1623952385022075,[0.09 0.26],74.48979591836735
Practical Application Potential of Research Results,0.29215134479578564,[0.2  0.41],70.10309278350515
Feasibility of Proposed Suggestions,0.2831048938310793,[0.19 0.4 ],68.22429906542055
Logic of Argumentation,0.23831150911901575,[0.16 0.35],64.28571428571429
Multi-angle Analysis of Problems,0.27223842807537174,[0.19 0.39],63.63636363636363
Identification and Discussion of Research Limitations,0.24105624956159646,[0.16 0.35],69.0
