Subcategory,ICC (Intraclass Correlation Coefficient),ICC 95% Confidence Interval,Transitivity Consistency Ratio (%)
Topic Relevance,0.07023581733180045,[0.02 0.14],66.66666666666666
Comprehensiveness of Information,0.043501436933617965,[0.   0.11],62.06896551724138
Accuracy of Information,0.001623235852974658,[-0.03  0.05],38.88888888888889
Innovativeness of Viewpoints,0.07608994591443828,[0.03 0.15],76.72413793103449
Integration of Interdisciplinary Perspectives,0.013513215836976348,[-0.02  0.07],75.0
Clarity of Logical Structure,0.036557332518134165,[-0.   0.1],84.82142857142857
Reasonableness of Chapter Arrangement,0.010302656170306743,[-0.02  0.06],75.71428571428571
Quality of Introduction and Conclusion,0.02741870183948013,[-0.01  0.09],66.37931034482759
Accuracy and Completeness of Citations,0.016093129700271804,[-0.02  0.07],77.94117647058823
Timeliness and Relevance of References,0.08601487047297078,[0.03 0.17],76.10619469026548
Avoidance of Plagiarism and Appropriate Citation,0.015145159083774671,[-0.02  0.07],73.80952380952381
Critical Analysis of Existing Research,0.12966836927261732,[0.07 0.22],69.38775510204081
Proposal of New Research Directions or Questions,0.07652808373125593,[0.03 0.15],75.83892617449665
Potential Contribution to the Field,0.11640398652317274,[0.06 0.21],75.23809523809524
Clarity of Research Method Description,0.007194415963316663,[-0.03  0.06],67.9245283018868
Rationality of Method Selection,0.018114151822610718,[-0.02  0.08],71.68141592920354
Rigor of Research Design,0.028495791085410446,[-0.01  0.09],73.27586206896551
Inclusion of Latest Research Results,0.09677111088688345,[0.04 0.18],78.32167832167832
Reflection of Current Research Hotspots,0.12506556049609902,[0.06 0.22],76.33587786259542
Fluency of Language Expression,0.08553427325175507,[0.03 0.17],67.3469387755102
Appropriateness of Professional Terminology Use,0.07876534811842134,[0.03 0.16],67.02127659574468
Conciseness of Expression,0.09678626520998249,[0.04 0.18],64.55696202531645
Practical Application Potential of Research Results,0.13960173304034262,[0.08 0.23],75.96899224806202
Feasibility of Proposed Suggestions,0.11066935916736857,[0.05 0.2 ],77.77777777777779
Logic of Argumentation,0.08120101545456954,[0.03 0.16],68.51851851851852
Multi-angle Analysis of Problems,0.12549736301416134,[0.06 0.22],71.55963302752293
Identification and Discussion of Research Limitations,0.09965250356487987,[0.04 0.18],77.77777777777779
