Subcategory,ICC (Intraclass Correlation Coefficient),ICC 95% Confidence Interval,Transitivity Consistency Ratio (%)
Topic Relevance,0.06873589283119924,[0.02 0.14],46.93877551020408
Comprehensiveness of Information,0.1315959504061116,[0.07 0.22],56.00000000000001
Accuracy of Information,0.09999384274367334,[0.04 0.18],54.761904761904766
Innovativeness of Viewpoints,0.16669072203401375,[0.1  0.27],68.26923076923077
Integration of Interdisciplinary Perspectives,0.08281592209552704,[0.03 0.16],56.17977528089888
Clarity of Logical Structure,0.05767916258996662,[0.02 0.12],91.52542372881356
Reasonableness of Chapter Arrangement,0.069852225575724,[0.02 0.14],87.17948717948718
Quality of Introduction and Conclusion,0.0739143750844543,[0.02 0.15],78.51851851851852
Accuracy and Completeness of Citations,0.09885637544060547,[0.05 0.18],72.97297297297297
Timeliness and Relevance of References,0.11970649715184663,[0.06 0.21],66.10169491525424
Avoidance of Plagiarism and Appropriate Citation,0.07686808626295925,[0.03 0.15],57.14285714285714
Critical Analysis of Existing Research,0.20765747944964613,[0.13 0.32],75.177304964539
Proposal of New Research Directions or Questions,0.24794495518705287,[0.16 0.36],79.02097902097903
Potential Contribution to the Field,0.20049374811118573,[0.12 0.31],79.8507462686567
Clarity of Research Method Description,0.05740659480417143,[0.01 0.13],83.6734693877551
Rationality of Method Selection,0.0628425750496313,[0.02 0.13],85.2112676056338
Rigor of Research Design,0.05449673358771292,[0.01 0.12],75.2
Inclusion of Latest Research Results,0.1282778780670005,[0.07 0.22],78.28947368421053
Reflection of Current Research Hotspots,0.11660652169605991,[0.06 0.21],72.38805970149254
Fluency of Language Expression,0.06625787155668508,[0.02 0.14],70.17543859649122
Appropriateness of Professional Terminology Use,0.07813741200788324,[0.03 0.16],75.22123893805309
Conciseness of Expression,0.04445613254075234,[0.   0.11],76.47058823529412
Practical Application Potential of Research Results,0.09014715753438815,[0.04 0.17],81.25
Feasibility of Proposed Suggestions,0.10828873995447773,[0.05 0.2 ],83.33333333333334
Logic of Argumentation,0.07949207413756933,[0.03 0.16],80.0
Multi-angle Analysis of Problems,0.11081329640189795,[0.05 0.2 ],76.29629629629629
Identification and Discussion of Research Limitations,0.0811131685694561,[0.03 0.16],81.34328358208955
