Subcategory,ICC (Intraclass Correlation Coefficient),ICC 95% Confidence Interval,Transitivity Consistency Ratio (%)
Topic Relevance,0.19974068131786132,[0.13 0.3 ],75.75757575757575
Comprehensiveness of Information,0.18880941842219615,[0.12 0.29],67.85714285714286
Accuracy of Information,0.02217832199574629,[-0.02  0.08],53.57142857142857
Innovativeness of Viewpoints,0.22766318168974292,[0.15 0.34],82.35294117647058
Integration of Interdisciplinary Perspectives,0.21478142790659127,[0.14 0.32],79.7752808988764
Clarity of Logical Structure,0.08113345312610272,[0.03 0.15],74.3421052631579
Reasonableness of Chapter Arrangement,0.07630805558764206,[0.03 0.15],76.71232876712328
Quality of Introduction and Conclusion,0.1030042790867851,[0.05 0.19],81.25
Accuracy and Completeness of Citations,0.032484276788791934,[-0.01  0.09],67.10526315789474
Timeliness and Relevance of References,0.13602911248823674,[0.07 0.23],75.39682539682539
Avoidance of Plagiarism and Appropriate Citation,0.07110756595170756,[0.02 0.15],71.9298245614035
Critical Analysis of Existing Research,0.21625778464268697,[0.14 0.33],81.81818181818183
Proposal of New Research Directions or Questions,0.23290005245217113,[0.15 0.34],73.94366197183099
Potential Contribution to the Field,0.23458112191569971,[0.15 0.35],77.94117647058823
Clarity of Research Method Description,0.05392623310922884,[0.01 0.12],79.03225806451613
Rationality of Method Selection,0.08110032052109575,[0.03 0.16],75.36231884057972
Rigor of Research Design,0.0813650344487728,[0.03 0.16],73.52941176470588
Inclusion of Latest Research Results,0.12612892261578992,[0.06 0.22],70.6896551724138
Reflection of Current Research Hotspots,0.1631688828743714,[0.09 0.26],74.80314960629921
Fluency of Language Expression,0.10712765413735935,[0.05 0.19],82.06896551724138
Appropriateness of Professional Terminology Use,0.07145674719372418,[0.02 0.15],77.27272727272727
Conciseness of Expression,0.07418761098032578,[0.02 0.15],73.38129496402878
Practical Application Potential of Research Results,0.1355208257547902,[0.07 0.23],76.06837606837607
Feasibility of Proposed Suggestions,0.16207971809298766,[0.09 0.26],77.6923076923077
Logic of Argumentation,0.12591024779695423,[0.06 0.22],70.99236641221374
Multi-angle Analysis of Problems,0.13532183597718142,[0.07 0.23],70.76923076923077
Identification and Discussion of Research Limitations,0.15212012787533533,[0.09 0.25],71.1864406779661
