Subcategory,ICC (Intraclass Correlation Coefficient),ICC 95% Confidence Interval,Transitivity Consistency Ratio (%)
Topic Relevance,0.15663057109654,[0.09 0.25],55.172413793103445
Comprehensiveness of Information,0.24303102663546913,[0.16 0.35],64.63414634146342
Accuracy of Information,0.07567116482374128,[0.02 0.15],50.0
Innovativeness of Viewpoints,0.27496737854311093,[0.19 0.39],68.0327868852459
Integration of Interdisciplinary Perspectives,0.2579750530083915,[0.17 0.37],67.79661016949152
Clarity of Logical Structure,0.10804421120226934,[0.05 0.19],84.84848484848484
Reasonableness of Chapter Arrangement,0.13459105244798955,[0.07 0.22],77.03703703703704
Quality of Introduction and Conclusion,0.09543102246352449,[0.04 0.18],74.79674796747967
Accuracy and Completeness of Citations,0.07765710589302831,[0.03 0.15],81.52173913043478
Timeliness and Relevance of References,0.20446659148072507,[0.13 0.31],68.14159292035397
Avoidance of Plagiarism and Appropriate Citation,0.12391924207775237,[0.06 0.21],67.2566371681416
Critical Analysis of Existing Research,0.20346550005843467,[0.13 0.31],69.84126984126983
Proposal of New Research Directions or Questions,0.20303369951729175,[0.13 0.31],77.18120805369128
Potential Contribution to the Field,0.21875727911277393,[0.14 0.33],70.96774193548387
Clarity of Research Method Description,0.15190795279880664,[0.09 0.25],84.32835820895522
Rationality of Method Selection,0.1274802517586514,[0.07 0.22],84.32835820895522
Rigor of Research Design,0.12819374948580442,[0.07 0.22],80.76923076923077
Inclusion of Latest Research Results,0.17465219167648258,[0.1  0.28],80.27210884353741
Reflection of Current Research Hotspots,0.19638265046298267,[0.12 0.3 ],74.64788732394366
Fluency of Language Expression,0.10545866982817065,[0.05 0.19],73.83177570093457
Appropriateness of Professional Terminology Use,0.12144717009935775,[0.06 0.21],75.92592592592592
Conciseness of Expression,0.10088171571121439,[0.05 0.19],74.03846153846155
Practical Application Potential of Research Results,0.17408368138477756,[0.1  0.28],81.67938931297711
Feasibility of Proposed Suggestions,0.1816871394955565,[0.11 0.29],76.61290322580645
Logic of Argumentation,0.13621496478234962,[0.07 0.23],83.62068965517241
Multi-angle Analysis of Problems,0.16486722364037923,[0.09 0.27],81.08108108108108
Identification and Discussion of Research Limitations,0.1563005426281433,[0.09 0.26],83.9622641509434
