Subcategory,ICC (Intraclass Correlation Coefficient),ICC 95% Confidence Interval,Transitivity Consistency Ratio (%)
Topic Relevance,0.09392914152619791,[0.04 0.17],68.68686868686868
Comprehensiveness of Information,0.0814339929730958,[0.03 0.16],65.68627450980392
Accuracy of Information,0.06312732644873482,[0.02 0.14],53.62318840579711
Innovativeness of Viewpoints,0.11425623157014347,[0.06 0.2 ],72.89719626168224
Integration of Interdisciplinary Perspectives,0.05042245193881014,[0.01 0.12],70.22900763358778
Clarity of Logical Structure,-0.012392911903237392,[-0.04  0.03],84.7328244274809
Reasonableness of Chapter Arrangement,-0.005859310479782328,[-0.03  0.04],78.33333333333333
Quality of Introduction and Conclusion,0.021424770425879803,[-0.02  0.08],76.14678899082568
Accuracy and Completeness of Citations,0.00015842176352736707,[-0.03  0.05],85.24590163934425
Timeliness and Relevance of References,0.00882819266922017,[-0.03  0.06],75.63025210084034
Avoidance of Plagiarism and Appropriate Citation,0.057407688220094455,[0.01 0.13],72.26277372262774
Critical Analysis of Existing Research,0.07585867514551602,[0.03 0.15],78.50467289719626
Proposal of New Research Directions or Questions,0.10247764590117268,[0.05 0.19],79.52755905511812
Potential Contribution to the Field,0.09647809481790183,[0.04 0.18],69.44444444444444
Clarity of Research Method Description,0.0023703460142153613,[-0.03  0.05],80.80000000000001
Rationality of Method Selection,0.01347124223609911,[-0.02  0.07],83.72093023255815
Rigor of Research Design,0.01767703622129157,[-0.02  0.07],80.71428571428572
Inclusion of Latest Research Results,0.008111347835036668,[-0.02  0.06],82.45614035087719
Reflection of Current Research Hotspots,0.009179429434714366,[-0.02  0.06],75.32467532467533
Fluency of Language Expression,0.006828217963057914,[-0.03  0.06],75.39682539682539
Appropriateness of Professional Terminology Use,0.016343417582688997,[-0.02  0.07],79.1044776119403
Conciseness of Expression,0.022503308217191268,[-0.01  0.08],77.8688524590164
Practical Application Potential of Research Results,0.020143786319592974,[-0.02  0.08],76.8
Feasibility of Proposed Suggestions,0.039090896926838904,[-0.   0.1],78.28947368421053
Logic of Argumentation,0.03524705712632522,[-0.01  0.1 ],76.86567164179104
Multi-angle Analysis of Problems,0.02530162735462384,[-0.01  0.09],76.19047619047619
Identification and Discussion of Research Limitations,0.03428794156853916,[-0.01  0.1 ],77.96610169491525
