Subcategory,ICC (Intraclass Correlation Coefficient),ICC 95% Confidence Interval,Transitivity Consistency Ratio (%)
Topic Relevance,0.14013361657787152,[0.08 0.23],69.81132075471697
Comprehensiveness of Information,0.21274633455674766,[0.14 0.32],68.25396825396825
Accuracy of Information,0.12312525975536517,[0.06 0.21],41.17647058823529
Innovativeness of Viewpoints,0.18142668666563166,[0.11 0.28],75.40983606557377
Integration of Interdisciplinary Perspectives,0.23322244068617734,[0.15 0.34],71.42857142857143
Clarity of Logical Structure,0.07424829971407666,[0.03 0.14],82.35294117647058
Reasonableness of Chapter Arrangement,0.08528384700820217,[0.04 0.16],76.19047619047619
Quality of Introduction and Conclusion,0.09548324136890228,[0.04 0.18],75.20661157024794
Accuracy and Completeness of Citations,0.08788892258009007,[0.04 0.16],77.31958762886599
Timeliness and Relevance of References,0.17241269812707752,[0.1  0.27],73.77049180327869
Avoidance of Plagiarism and Appropriate Citation,0.0890538575337948,[0.04 0.17],65.0
Critical Analysis of Existing Research,0.16964838558784667,[0.1  0.27],68.42105263157895
Proposal of New Research Directions or Questions,0.23291872291418392,[0.15 0.34],69.18238993710692
Potential Contribution to the Field,0.2170694235504489,[0.14 0.33],67.2
Clarity of Research Method Description,0.07315242948108652,[0.03 0.15],72.22222222222221
Rationality of Method Selection,0.0967234958249566,[0.04 0.18],77.53623188405797
Rigor of Research Design,0.09492529720844166,[0.04 0.18],69.84126984126983
Inclusion of Latest Research Results,0.16463852932262704,[0.1  0.26],65.15151515151516
Reflection of Current Research Hotspots,0.207490030983571,[0.13 0.32],71.23287671232876
Fluency of Language Expression,0.08139669626643291,[0.03 0.16],64.07766990291263
Appropriateness of Professional Terminology Use,0.09966915807418311,[0.05 0.18],70.45454545454545
Conciseness of Expression,0.09857549610833248,[0.04 0.18],74.60317460317461
Practical Application Potential of Research Results,0.1584020372253243,[0.09 0.26],75.177304964539
Feasibility of Proposed Suggestions,0.1545721826250011,[0.09 0.25],70.37037037037037
Logic of Argumentation,0.1277089198509306,[0.07 0.22],66.95652173913044
Multi-angle Analysis of Problems,0.17589804603360798,[0.1  0.28],67.21311475409836
Identification and Discussion of Research Limitations,0.14572120806621386,[0.08 0.24],65.97938144329896
