Subcategory,ICC (Intraclass Correlation Coefficient),ICC 95% Confidence Interval,Transitivity Consistency Ratio (%)
Topic Relevance,0.10492149349277892,[0.05 0.19],58.333333333333336
Comprehensiveness of Information,0.07129034994424988,[0.02 0.15],69.62025316455697
Accuracy of Information,0.04016875402274195,[-0.    0.11],72.72727272727273
Innovativeness of Viewpoints,0.14523137819553092,[0.08 0.24],68.42105263157895
Integration of Interdisciplinary Perspectives,0.1791165598579315,[0.11 0.28],64.8936170212766
Clarity of Logical Structure,0.038945888431770825,[0.  0.1],95.54140127388536
Reasonableness of Chapter Arrangement,0.024825155350108905,[-0.01  0.08],92.66666666666666
Quality of Introduction and Conclusion,0.02307085208039275,[-0.01  0.08],79.3103448275862
Accuracy and Completeness of Citations,0.023382403019566428,[-0.01  0.08],95.91836734693877
Timeliness and Relevance of References,0.0830436073125451,[0.03 0.16],80.0
Avoidance of Plagiarism and Appropriate Citation,0.07035078880494085,[0.02 0.14],80.17241379310344
Critical Analysis of Existing Research,0.1544843144065885,[0.09 0.25],88.43537414965986
Proposal of New Research Directions or Questions,0.2056580613123705,[0.13 0.31],83.1081081081081
Potential Contribution to the Field,0.16855106469223677,[0.1  0.27],90.44585987261146
Clarity of Research Method Description,0.023527422296532003,[-0.01  0.08],90.54054054054053
Rationality of Method Selection,0.05197231657676982,[0.01 0.12],96.12403100775194
Rigor of Research Design,0.05381602401207157,[0.01 0.12],90.37037037037037
Inclusion of Latest Research Results,0.06313150706313901,[0.02 0.13],83.22147651006712
Reflection of Current Research Hotspots,0.10156044422284058,[0.05 0.19],84.07643312101911
Fluency of Language Expression,0.029958158326515907,[-0.01  0.09],88.70967741935483
Appropriateness of Professional Terminology Use,0.06076684619934808,[0.02 0.13],87.5
Conciseness of Expression,0.04788707647836789,[0.01 0.11],87.5
Practical Application Potential of Research Results,0.06841186310301463,[0.02 0.14],93.91891891891892
Feasibility of Proposed Suggestions,0.1021913475732676,[0.05 0.19],84.28571428571429
Logic of Argumentation,0.057407504511798844,[0.01 0.13],94.44444444444444
Multi-angle Analysis of Problems,0.07679050573684985,[0.03 0.15],90.47619047619048
Identification and Discussion of Research Limitations,0.04674806883809644,[0.   0.11],86.11111111111111
