Subcategory,ICC (Intraclass Correlation Coefficient),ICC 95% Confidence Interval,Transitivity Consistency Ratio (%)
Topic Relevance,0.10647231073981574,[0.05 0.19],75.47169811320755
Comprehensiveness of Information,0.0723936770794129,[0.02 0.15],75.22123893805309
Accuracy of Information,0.008045851621091763,[-0.03  0.06],63.63636363636363
Innovativeness of Viewpoints,0.13023127067388202,[0.07 0.22],72.91666666666666
Integration of Interdisciplinary Perspectives,0.08697791684824589,[0.03 0.17],76.8
Clarity of Logical Structure,0.05700979952563988,[0.02 0.12],81.81818181818183
Reasonableness of Chapter Arrangement,0.0712629039532327,[0.02 0.14],81.20805369127517
Quality of Introduction and Conclusion,0.0725486564210326,[0.02 0.15],76.82119205298014
Accuracy and Completeness of Citations,0.03744609719463152,[-0.   0.1],79.67479674796748
Timeliness and Relevance of References,0.10292155371985552,[0.05 0.19],70.24793388429752
Avoidance of Plagiarism and Appropriate Citation,0.050788126620908446,[0.01 0.12],66.29213483146067
Critical Analysis of Existing Research,0.14841728941152393,[0.08 0.24],69.7841726618705
Proposal of New Research Directions or Questions,0.14322806092067097,[0.08 0.24],69.28104575163398
Potential Contribution to the Field,0.14710895717711364,[0.08 0.24],69.7841726618705
Clarity of Research Method Description,0.04278507090302209,[0.   0.11],78.63247863247864
Rationality of Method Selection,0.046246207042379375,[0.01 0.11],76.74418604651163
Rigor of Research Design,0.04654268833932383,[0.01 0.11],83.46456692913385
Inclusion of Latest Research Results,0.082396468274448,[0.03 0.16],77.03703703703704
Reflection of Current Research Hotspots,0.1019416888383036,[0.05 0.19],75.69444444444444
Fluency of Language Expression,0.05542013205963634,[0.01 0.13],66.38655462184873
Appropriateness of Professional Terminology Use,0.04321505985276026,[0.   0.11],73.38709677419355
Conciseness of Expression,0.06633003265160287,[0.02 0.14],74.45255474452554
Practical Application Potential of Research Results,0.08153615664495309,[0.03 0.16],78.52348993288591
Feasibility of Proposed Suggestions,0.08525540892461564,[0.03 0.16],73.33333333333333
Logic of Argumentation,0.08514403351720126,[0.03 0.16],74.50980392156863
Multi-angle Analysis of Problems,0.078264410843014,[0.03 0.16],74.68354430379746
Identification and Discussion of Research Limitations,0.079154572285777,[0.03 0.16],74.50980392156863
