Subcategory,ICC (Intraclass Correlation Coefficient),ICC 95% Confidence Interval,Transitivity Consistency Ratio (%)
Topic Relevance,0.06202354437137917,[0.02 0.13],58.536585365853654
Comprehensiveness of Information,0.02702896748490155,[-0.01  0.09],70.6896551724138
Accuracy of Information,-0.00696929741947636,[-0.04  0.04],21.428571428571427
Innovativeness of Viewpoints,0.08723661113847825,[0.04 0.17],60.67415730337079
Integration of Interdisciplinary Perspectives,0.05229511392958916,[0.01 0.12],61.111111111111114
Clarity of Logical Structure,0.03214061269429507,[-0.    0.09],91.6030534351145
Reasonableness of Chapter Arrangement,0.0348749481750756,[-0.    0.09],84.16666666666667
Quality of Introduction and Conclusion,0.003738718322535142,[-0.03  0.06],75.71428571428571
Accuracy and Completeness of Citations,0.032094026477236,[-0.    0.09],91.96428571428571
Timeliness and Relevance of References,0.08187363998049572,[0.03 0.16],71.32352941176471
Avoidance of Plagiarism and Appropriate Citation,0.024393772671020095,[-0.01  0.08],81.44329896907216
Critical Analysis of Existing Research,0.07170390396184052,[0.02 0.15],71.31147540983606
Proposal of New Research Directions or Questions,0.12070387987901686,[0.06 0.21],75.0
Potential Contribution to the Field,0.09499993162942903,[0.04 0.18],72.35772357723577
Clarity of Research Method Description,0.03920677557331301,[-0.   0.1],75.45454545454545
Rationality of Method Selection,0.01664057914049845,[-0.02  0.07],76.10619469026548
Rigor of Research Design,0.04719520601361522,[0.   0.11],72.89719626168224
Inclusion of Latest Research Results,0.08444017259501023,[0.03 0.16],77.35849056603774
Reflection of Current Research Hotspots,0.0749855542688042,[0.02 0.15],69.23076923076923
Fluency of Language Expression,0.03036269430051815,[-0.01  0.09],77.5
Appropriateness of Professional Terminology Use,0.041419216858814084,[0.   0.11],79.06976744186046
Conciseness of Expression,0.0451758033877671,[0.   0.11],76.85950413223141
Practical Application Potential of Research Results,0.05401798385475025,[0.01 0.12],82.85714285714286
Feasibility of Proposed Suggestions,0.07718683649487676,[0.03 0.15],78.74015748031496
Logic of Argumentation,0.039401323614305,[-0.   0.1],76.0
Multi-angle Analysis of Problems,0.042319242460490014,[0.   0.11],76.51515151515152
Identification and Discussion of Research Limitations,0.03922127739110447,[-0.   0.1],77.27272727272727
