Subcategory,ICC (Intraclass Correlation Coefficient),ICC 95% Confidence Interval,Transitivity Consistency Ratio (%)
Topic Relevance,0.07911554337567238,[0.03 0.15],63.1578947368421
Comprehensiveness of Information,0.0720447645045139,[0.02 0.15],69.73684210526315
Accuracy of Information,0.07969697737144012,[0.03 0.16],35.0
Innovativeness of Viewpoints,0.07717820792725552,[0.03 0.15],71.69811320754717
Integration of Interdisciplinary Perspectives,0.03565785375154566,[-0.   0.1],64.47368421052632
Clarity of Logical Structure,0.06351970577278815,[0.02 0.13],92.4812030075188
Reasonableness of Chapter Arrangement,0.03217872551204309,[-0.    0.09],89.07563025210085
Quality of Introduction and Conclusion,0.05202327285288401,[0.01 0.12],76.47058823529412
Accuracy and Completeness of Citations,0.04580005663621993,[0.01 0.11],74.28571428571429
Timeliness and Relevance of References,0.08301966399128043,[0.03 0.16],66.0
Avoidance of Plagiarism and Appropriate Citation,0.024299290323710847,[-0.01  0.08],68.75
Critical Analysis of Existing Research,0.05686064713532965,[0.01 0.13],73.23943661971832
Proposal of New Research Directions or Questions,0.07587637311063956,[0.03 0.15],72.72727272727273
Potential Contribution to the Field,0.08003728623497193,[0.03 0.16],73.20261437908496
Clarity of Research Method Description,0.04209491400932283,[0.   0.11],78.47222222222221
Rationality of Method Selection,0.02192060928447599,[-0.01  0.08],71.28712871287128
Rigor of Research Design,0.039332830687863383,[-0.   0.1],78.18181818181819
Inclusion of Latest Research Results,0.05617501274584539,[0.01 0.13],64.22018348623854
Reflection of Current Research Hotspots,0.05018511396500796,[0.01 0.12],74.77477477477478
Fluency of Language Expression,0.04095007418176023,[-0.    0.11],72.80701754385966
Appropriateness of Professional Terminology Use,0.038518740853241105,[-0.   0.1],68.25396825396825
Conciseness of Expression,0.050477580310616006,[0.01 0.12],73.72881355932203
Practical Application Potential of Research Results,0.034559951905583065,[-0.   0.1],72.14285714285714
Feasibility of Proposed Suggestions,0.03213072249111641,[-0.01  0.1 ],69.92481203007519
Logic of Argumentation,0.03659289228053199,[-0.   0.1],74.35897435897436
Multi-angle Analysis of Problems,0.041937222374912236,[-0.    0.11],72.46376811594203
Identification and Discussion of Research Limitations,0.03468106294020519,[-0.01  0.1 ],71.42857142857143
