Subcategory,ICC (Intraclass Correlation Coefficient),ICC 95% Confidence Interval,Transitivity Consistency Ratio (%)
Topic Relevance,0.11461405233347373,[0.06 0.2 ],48.717948717948715
Comprehensiveness of Information,0.1005439206996184,[0.05 0.18],46.0
Accuracy of Information,0.05220989165511724,[0.01 0.12],50.0
Innovativeness of Viewpoints,0.1797091235034559,[0.11 0.28],41.269841269841265
Integration of Interdisciplinary Perspectives,0.13551449735573612,[0.07 0.23],48.93617021276596
Clarity of Logical Structure,0.08942485931180323,[0.04 0.16],97.58064516129032
Reasonableness of Chapter Arrangement,0.05963168470056802,[0.02 0.13],86.23853211009175
Quality of Introduction and Conclusion,0.08878247354822065,[0.04 0.17],68.85245901639344
Accuracy and Completeness of Citations,0.01755733567431146,[-0.01  0.07],87.95180722891565
Timeliness and Relevance of References,0.07897947746190036,[0.03 0.16],65.9090909090909
Avoidance of Plagiarism and Appropriate Citation,0.06545718727932896,[0.02 0.14],68.68686868686868
Critical Analysis of Existing Research,0.2156261602331155,[0.14 0.33],72.22222222222221
Proposal of New Research Directions or Questions,0.1763486395894956,[0.1  0.28],72.18543046357617
Potential Contribution to the Field,0.16826435771963955,[0.1  0.27],73.33333333333333
Clarity of Research Method Description,0.08091927416661086,[0.03 0.16],78.76106194690266
Rationality of Method Selection,0.08027985393310533,[0.03 0.16],81.10236220472441
Rigor of Research Design,0.0995421784807822,[0.05 0.18],77.95275590551181
Inclusion of Latest Research Results,0.10810024691271325,[0.05 0.19],80.83333333333333
Reflection of Current Research Hotspots,0.11390625361236124,[0.06 0.2 ],74.30555555555556
Fluency of Language Expression,0.07635811121388719,[0.03 0.15],78.52348993288591
Appropriateness of Professional Terminology Use,0.06969508400746731,[0.02 0.14],83.33333333333334
Conciseness of Expression,0.06300144442369854,[0.02 0.13],84.76821192052981
Practical Application Potential of Research Results,0.09072948205819226,[0.04 0.17],81.02189781021897
Feasibility of Proposed Suggestions,0.11473604547919411,[0.06 0.2 ],77.86259541984732
Logic of Argumentation,0.12429225160940051,[0.06 0.21],82.92682926829268
Multi-angle Analysis of Problems,0.10106717527542171,[0.05 0.18],81.15942028985508
Identification and Discussion of Research Limitations,0.10220137892415922,[0.05 0.19],80.85106382978722
