Subcategory,ICC (Intraclass Correlation Coefficient),ICC 95% Confidence Interval,Transitivity Consistency Ratio (%)
Topic Relevance,0.22886671233844896,[0.15 0.34],61.33333333333333
Comprehensiveness of Information,0.23144045898673962,[0.15 0.34],71.95121951219512
Accuracy of Information,0.12081745341055723,[0.06 0.21],48.97959183673469
Innovativeness of Viewpoints,0.22821708370001748,[0.15 0.34],73.21428571428571
Integration of Interdisciplinary Perspectives,0.2512813517976799,[0.17 0.36],66.66666666666666
Clarity of Logical Structure,0.14708954320194417,[0.08 0.24],84.72222222222221
Reasonableness of Chapter Arrangement,0.11135198094361663,[0.06 0.2 ],79.38931297709924
Quality of Introduction and Conclusion,0.15700042574534093,[0.09 0.25],68.59504132231406
Accuracy and Completeness of Citations,0.11670019443865093,[0.06 0.2 ],82.05128205128204
Timeliness and Relevance of References,0.19962090338925792,[0.12 0.3 ],73.10344827586206
Avoidance of Plagiarism and Appropriate Citation,0.14649901362756185,[0.08 0.24],65.21739130434783
Critical Analysis of Existing Research,0.21807628139065002,[0.14 0.33],78.2051282051282
Proposal of New Research Directions or Questions,0.19455171093033038,[0.12 0.3 ],76.19047619047619
Potential Contribution to the Field,0.2081498120294317,[0.13 0.31],73.125
Clarity of Research Method Description,0.16022993045799094,[0.09 0.26],72.46376811594203
Rationality of Method Selection,0.13758108193952,[0.08 0.23],73.38709677419355
Rigor of Research Design,0.1512257689235245,[0.09 0.25],74.80916030534351
Inclusion of Latest Research Results,0.18213870365575185,[0.11 0.28],78.37837837837837
Reflection of Current Research Hotspots,0.17096505705177956,[0.1  0.27],77.46478873239437
Fluency of Language Expression,0.1608076268598106,[0.09 0.26],76.64233576642336
Appropriateness of Professional Terminology Use,0.15525867656177503,[0.09 0.25],75.52447552447552
Conciseness of Expression,0.15660246030678168,[0.09 0.25],79.47019867549669
Practical Application Potential of Research Results,0.2204930652162897,[0.14 0.33],78.2312925170068
Feasibility of Proposed Suggestions,0.19491169042547862,[0.12 0.3 ],76.47058823529412
Logic of Argumentation,0.1920115104865476,[0.12 0.3 ],76.36363636363637
Multi-angle Analysis of Problems,0.1997350598870975,[0.13 0.3 ],77.53623188405797
Identification and Discussion of Research Limitations,0.19979459579921363,[0.13 0.3 ],78.78787878787878
