Subcategory,ICC (Intraclass Correlation Coefficient),ICC 95% Confidence Interval,Transitivity Consistency Ratio (%)
Topic Relevance,0.3699756578095618,[0.27 0.49],43.333333333333336
Comprehensiveness of Information,0.38258526030302137,[0.28 0.5 ],47.76119402985074
Accuracy of Information,0.2709018668288997,[0.18 0.39],32.5
Innovativeness of Viewpoints,0.3396823847644388,[0.24 0.46],61.904761904761905
Integration of Interdisciplinary Perspectives,0.2869977259353806,[0.2 0.4],57.692307692307686
Clarity of Logical Structure,0.13804791438861752,[0.08 0.23],85.38461538461539
Reasonableness of Chapter Arrangement,0.11496690960109117,[0.06 0.2 ],86.66666666666667
Quality of Introduction and Conclusion,0.1627479248076031,[0.09 0.26],76.42276422764228
Accuracy and Completeness of Citations,0.16645360014825847,[0.1  0.26],79.33884297520662
Timeliness and Relevance of References,0.2747098755930511,[0.19 0.39],75.52447552447552
Avoidance of Plagiarism and Appropriate Citation,0.17906265296133142,[0.11 0.28],77.8688524590164
Critical Analysis of Existing Research,0.39073442473199416,[0.29 0.51],73.75886524822694
Proposal of New Research Directions or Questions,0.34242894073589053,[0.25 0.46],78.87323943661971
Potential Contribution to the Field,0.3453769616265651,[0.25 0.47],72.53521126760563
Clarity of Research Method Description,0.15049047683864614,[0.08 0.25],77.09923664122137
Rationality of Method Selection,0.16793801628415791,[0.1  0.27],82.14285714285714
Rigor of Research Design,0.14531088844952325,[0.08 0.24],76.63551401869158
Inclusion of Latest Research Results,0.28822925592756965,[0.2 0.4],76.2589928057554
Reflection of Current Research Hotspots,0.28009475642153164,[0.19 0.4 ],78.57142857142857
Fluency of Language Expression,0.18782446425397772,[0.11 0.29],79.1044776119403
Appropriateness of Professional Terminology Use,0.20152606554297198,[0.13 0.31],79.8507462686567
Conciseness of Expression,0.16712310948794507,[0.1  0.27],82.51748251748252
Practical Application Potential of Research Results,0.26989456858445876,[0.18 0.39],79.66101694915254
Feasibility of Proposed Suggestions,0.26201035910139453,[0.18 0.38],78.68852459016394
Logic of Argumentation,0.2063099888660788,[0.13 0.31],81.88405797101449
Multi-angle Analysis of Problems,0.21802191326367792,[0.14 0.33],79.25925925925927
Identification and Discussion of Research Limitations,0.19173893145670468,[0.12 0.3 ],81.10236220472441
