Subcategory,ICC (Intraclass Correlation Coefficient),ICC 95% Confidence Interval,Transitivity Consistency Ratio (%)
Topic Relevance,0.06631475969765191,[0.02 0.14],68.25396825396825
Comprehensiveness of Information,0.15735573496408437,[0.09 0.25],67.44186046511628
Accuracy of Information,0.13050832803641504,[0.07 0.22],51.11111111111111
Innovativeness of Viewpoints,0.22636783392101878,[0.15 0.33],79.33884297520662
Integration of Interdisciplinary Perspectives,0.17130665800841108,[0.1  0.27],77.98165137614679
Clarity of Logical Structure,0.1093027342021767,[0.05 0.19],88.65248226950354
Reasonableness of Chapter Arrangement,0.10714420087852124,[0.05 0.19],85.36585365853658
Quality of Introduction and Conclusion,0.12669787632955132,[0.07 0.22],77.03703703703704
Accuracy and Completeness of Citations,0.08001058010879841,[0.03 0.15],83.76068376068376
Timeliness and Relevance of References,0.14104979027098732,[0.08 0.24],84.9624060150376
Avoidance of Plagiarism and Appropriate Citation,0.12494992695106678,[0.06 0.21],72.72727272727273
Critical Analysis of Existing Research,0.2536582370650248,[0.17 0.37],89.87341772151899
Proposal of New Research Directions or Questions,0.2765604759213447,[0.19 0.39],86.62420382165605
Potential Contribution to the Field,0.22064694036537752,[0.14 0.33],86.8421052631579
Clarity of Research Method Description,0.1233594141698032,[0.06 0.21],84.76190476190476
Rationality of Method Selection,0.1410915396279247,[0.08 0.23],85.27131782945736
Rigor of Research Design,0.11328396419333547,[0.06 0.2 ],76.06837606837607
Inclusion of Latest Research Results,0.13402990097574977,[0.07 0.23],85.33333333333334
Reflection of Current Research Hotspots,0.173767345508827,[0.1  0.27],82.83582089552239
Fluency of Language Expression,0.11251654777953254,[0.05 0.2 ],80.13698630136986
Appropriateness of Professional Terminology Use,0.11744392158817352,[0.06 0.2 ],76.27118644067797
Conciseness of Expression,0.11679041249519082,[0.06 0.2 ],80.80000000000001
Practical Application Potential of Research Results,0.14351493488123265,[0.08 0.24],86.86131386861314
Feasibility of Proposed Suggestions,0.1863967956385654,[0.11 0.29],86.66666666666667
Logic of Argumentation,0.145955078187188,[0.08 0.24],78.51239669421489
Multi-angle Analysis of Problems,0.14351708668517982,[0.08 0.24],79.41176470588235
Identification and Discussion of Research Limitations,0.13041416502662087,[0.07 0.22],77.03703703703704
