Subcategory,ICC (Intraclass Correlation Coefficient),ICC 95% Confidence Interval,Transitivity Consistency Ratio (%)
Topic Relevance,0.10140933036441645,[0.05 0.19],56.75675675675676
Comprehensiveness of Information,0.1433160845068323,[0.08 0.24],68.25396825396825
Accuracy of Information,0.036335877862595456,[-0.   0.1],51.42857142857142
Innovativeness of Viewpoints,0.14084371304254478,[0.08 0.23],76.31578947368422
Integration of Interdisciplinary Perspectives,0.08117077674314606,[0.03 0.16],70.58823529411765
Clarity of Logical Structure,0.09289803706856463,[0.04 0.17],85.3146853146853
Reasonableness of Chapter Arrangement,0.1351021984604604,[0.07 0.23],82.01438848920863
Quality of Introduction and Conclusion,0.10128719487246034,[0.05 0.19],82.22222222222221
Accuracy and Completeness of Citations,0.09675402914096523,[0.04 0.18],76.92307692307693
Timeliness and Relevance of References,0.14312540964444492,[0.08 0.24],76.19047619047619
Avoidance of Plagiarism and Appropriate Citation,0.10048882541087484,[0.04 0.18],70.96774193548387
Critical Analysis of Existing Research,0.1468045977497203,[0.08 0.25],84.76821192052981
Proposal of New Research Directions or Questions,0.12343872147903985,[0.06 0.22],86.07594936708861
Potential Contribution to the Field,0.1263441648924294,[0.06 0.22],86.7132867132867
Clarity of Research Method Description,0.11147737328674644,[0.05 0.2 ],85.71428571428571
Rationality of Method Selection,0.08937085066001207,[0.04 0.17],89.62962962962962
Rigor of Research Design,0.09720394984902218,[0.04 0.18],77.46478873239437
Inclusion of Latest Research Results,0.1226240067853806,[0.06 0.21],84.76821192052981
Reflection of Current Research Hotspots,0.12571021208220698,[0.06 0.22],87.21804511278195
Fluency of Language Expression,0.14669107069194426,[0.08 0.24],78.98550724637681
Appropriateness of Professional Terminology Use,0.14011214152755747,[0.08 0.24],79.73856209150327
Conciseness of Expression,0.1276654154674401,[0.07 0.22],86.61971830985915
Practical Application Potential of Research Results,0.1171002047370375,[0.06 0.21],90.3448275862069
Feasibility of Proposed Suggestions,0.1123439992493197,[0.05 0.2 ],83.20610687022901
Logic of Argumentation,0.12035298480904992,[0.06 0.21],84.02777777777779
Multi-angle Analysis of Problems,0.12361679989313093,[0.06 0.22],87.41258741258741
Identification and Discussion of Research Limitations,0.10978515938762241,[0.05 0.2 ],88.02816901408451
