Subcategory,ICC (Intraclass Correlation Coefficient),ICC 95% Confidence Interval,Transitivity Consistency Ratio (%)
Topic Relevance,0.1754838919493171,[0.1  0.28],50.0
Comprehensiveness of Information,0.26706983351216296,[0.18 0.38],51.11111111111111
Accuracy of Information,0.1379162284333252,[0.07 0.23],28.57142857142857
Innovativeness of Viewpoints,0.2895448729636301,[0.2  0.41],67.6056338028169
Integration of Interdisciplinary Perspectives,0.22820880788148384,[0.15 0.34],54.54545454545454
Clarity of Logical Structure,0.108801844823991,[0.05 0.19],80.3030303030303
Reasonableness of Chapter Arrangement,0.12550897455323426,[0.07 0.21],74.63768115942028
Quality of Introduction and Conclusion,0.14314800513157638,[0.08 0.24],66.41221374045801
Accuracy and Completeness of Citations,0.06869091855145791,[0.02 0.14],85.88235294117646
Timeliness and Relevance of References,0.17311030703317765,[0.1  0.27],77.53623188405797
Avoidance of Plagiarism and Appropriate Citation,0.07059880847756292,[0.02 0.15],65.9090909090909
Critical Analysis of Existing Research,0.2535745331087165,[0.17 0.37],78.84615384615384
Proposal of New Research Directions or Questions,0.22834801614990455,[0.15 0.34],80.55555555555556
Potential Contribution to the Field,0.24094410571810648,[0.16 0.35],79.47019867549669
Clarity of Research Method Description,0.10125514144716502,[0.05 0.18],83.33333333333334
Rationality of Method Selection,0.08602506206611901,[0.04 0.16],81.29496402877699
Rigor of Research Design,0.09794210785238257,[0.04 0.18],80.66666666666666
Inclusion of Latest Research Results,0.19048927951357839,[0.12 0.3 ],81.42857142857143
Reflection of Current Research Hotspots,0.2020346163198634,[0.13 0.31],76.55172413793103
Fluency of Language Expression,0.14923999676625424,[0.08 0.25],80.8695652173913
Appropriateness of Professional Terminology Use,0.15620285014573085,[0.09 0.25],82.01438848920863
Conciseness of Expression,0.10474670226814298,[0.05 0.19],81.63265306122449
Practical Application Potential of Research Results,0.20386635608754805,[0.13 0.31],86.66666666666667
Feasibility of Proposed Suggestions,0.16916284252306704,[0.1  0.27],80.0
Logic of Argumentation,0.16643062692620622,[0.1  0.27],80.62015503875969
Multi-angle Analysis of Problems,0.1616551912934496,[0.09 0.26],78.94736842105263
Identification and Discussion of Research Limitations,0.16693598634664356,[0.1  0.27],81.56028368794325
