Subcategory,ICC (Intraclass Correlation Coefficient),ICC 95% Confidence Interval,Transitivity Consistency Ratio (%)
Topic Relevance,0.118562609682615,[0.06 0.21],66.17647058823529
Comprehensiveness of Information,0.16640433149126047,[0.1  0.27],68.25396825396825
Accuracy of Information,0.08875158625613075,[0.04 0.17],42.30769230769231
Innovativeness of Viewpoints,0.155606384060181,[0.09 0.25],73.25581395348837
Integration of Interdisciplinary Perspectives,0.11308655521105447,[0.05 0.2 ],70.83333333333334
Clarity of Logical Structure,0.03421290538779457,[-0.    0.09],82.25806451612904
Reasonableness of Chapter Arrangement,0.03489793159261282,[-0.   0.1],87.73584905660378
Quality of Introduction and Conclusion,0.06051829562907031,[0.01 0.13],81.53846153846153
Accuracy and Completeness of Citations,0.01888156671555767,[-0.01  0.07],70.0
Timeliness and Relevance of References,0.09913142597533495,[0.04 0.18],73.64864864864865
Avoidance of Plagiarism and Appropriate Citation,0.05248595920780373,[0.01 0.12],71.42857142857143
Critical Analysis of Existing Research,0.1563290726167414,[0.09 0.25],74.31192660550458
Proposal of New Research Directions or Questions,0.15669450320975067,[0.09 0.26],71.17117117117117
Potential Contribution to the Field,0.13339827198155116,[0.07 0.23],72.09302325581395
Clarity of Research Method Description,0.06117383186374323,[0.02 0.13],79.03225806451613
Rationality of Method Selection,0.08159582782452394,[0.03 0.16],76.19047619047619
Rigor of Research Design,0.09520958951944529,[0.04 0.18],70.53571428571429
Inclusion of Latest Research Results,0.09475938364198896,[0.04 0.18],72.46376811594203
Reflection of Current Research Hotspots,0.10449216397299768,[0.05 0.19],72.72727272727273
Fluency of Language Expression,0.06471212131634912,[0.02 0.14],74.50980392156863
Appropriateness of Professional Terminology Use,0.06035606208080412,[0.01 0.13],66.66666666666666
Conciseness of Expression,0.06892454186326892,[0.02 0.14],72.56637168141593
Practical Application Potential of Research Results,0.0763313705997304,[0.03 0.15],81.45161290322581
Feasibility of Proposed Suggestions,0.0922072001815656,[0.04 0.17],77.5
Logic of Argumentation,0.08267625726010393,[0.03 0.16],66.95652173913044
Multi-angle Analysis of Problems,0.06598204979121997,[0.02 0.14],70.6896551724138
Identification and Discussion of Research Limitations,0.07701309454531836,[0.03 0.15],70.83333333333334
