Subcategory,ICC (Intraclass Correlation Coefficient),ICC 95% Confidence Interval,Transitivity Consistency Ratio (%)
Topic Relevance,0.11369411375205202,[0.06 0.2 ],58.620689655172406
Comprehensiveness of Information,0.16838102799970378,[0.1  0.27],65.51724137931035
Accuracy of Information,0.12195710096604703,[0.06 0.21],48.0
Innovativeness of Viewpoints,0.16076781678389965,[0.09 0.26],74.12587412587412
Integration of Interdisciplinary Perspectives,0.14161598247874438,[0.08 0.24],66.3265306122449
Clarity of Logical Structure,0.09782115051512745,[0.05 0.18],89.1156462585034
Reasonableness of Chapter Arrangement,0.0900832532785111,[0.04 0.17],82.99319727891157
Quality of Introduction and Conclusion,0.08333403225274882,[0.03 0.16],75.0
Accuracy and Completeness of Citations,0.12141314565835597,[0.06 0.21],91.66666666666666
Timeliness and Relevance of References,0.16089032755735094,[0.09 0.26],73.87387387387388
Avoidance of Plagiarism and Appropriate Citation,0.07892665774551941,[0.03 0.16],80.50847457627118
Critical Analysis of Existing Research,0.18435132141400734,[0.11 0.29],71.32867132867133
Proposal of New Research Directions or Questions,0.19794073113704366,[0.12 0.3 ],72.02797202797203
Potential Contribution to the Field,0.16450473529834894,[0.09 0.26],70.08547008547008
Clarity of Research Method Description,0.051077287044590906,[0.01 0.12],79.28571428571428
Rationality of Method Selection,0.07073137081308169,[0.02 0.14],84.17266187050359
Rigor of Research Design,0.046255908786593906,[0.   0.11],80.16528925619835
Inclusion of Latest Research Results,0.12472492371310027,[0.06 0.22],78.26086956521739
Reflection of Current Research Hotspots,0.16039348873272957,[0.09 0.26],76.97841726618705
Fluency of Language Expression,0.08409225499368499,[0.03 0.16],76.69172932330827
Appropriateness of Professional Terminology Use,0.07225498591502882,[0.02 0.15],82.39999999999999
Conciseness of Expression,0.061759363313039196,[0.02 0.13],79.52755905511812
Practical Application Potential of Research Results,0.10323336130827668,[0.05 0.19],82.97872340425532
Feasibility of Proposed Suggestions,0.103582746567709,[0.05 0.19],79.25925925925927
Logic of Argumentation,0.07739717845512811,[0.03 0.16],83.1081081081081
Multi-angle Analysis of Problems,0.08590654412178021,[0.03 0.17],79.50819672131148
Identification and Discussion of Research Limitations,0.0694748755008289,[0.02 0.14],81.06060606060606
