Subcategory,ICC (Intraclass Correlation Coefficient),ICC 95% Confidence Interval,Transitivity Consistency Ratio (%)
Topic Relevance,0.1997930455709852,[0.13 0.3 ],32.142857142857146
Comprehensiveness of Information,0.29077595133130446,[0.2  0.41],40.0
Accuracy of Information,0.1484681003925507,[0.08 0.24],18.75
Innovativeness of Viewpoints,0.32406516865193213,[0.23 0.44],69.79166666666666
Integration of Interdisciplinary Perspectives,0.310845273801106,[0.22 0.43],63.013698630136986
Clarity of Logical Structure,0.18603047128573724,[0.11 0.29],83.33333333333334
Reasonableness of Chapter Arrangement,0.1855079894166429,[0.11 0.29],75.93984962406014
Quality of Introduction and Conclusion,0.18780181937615698,[0.11 0.29],68.9922480620155
Accuracy and Completeness of Citations,0.14929071052730838,[0.08 0.24],82.97872340425532
Timeliness and Relevance of References,0.3053385132284117,[0.21 0.42],75.80645161290323
Avoidance of Plagiarism and Appropriate Citation,0.12901968258368568,[0.07 0.22],78.74015748031496
Critical Analysis of Existing Research,0.32442635164914757,[0.23 0.44],67.74193548387096
Proposal of New Research Directions or Questions,0.30280414977710346,[0.21 0.42],67.76859504132231
Potential Contribution to the Field,0.34810505640251255,[0.25 0.47],70.22900763358778
Clarity of Research Method Description,0.10722469807648205,[0.05 0.19],75.0
Rationality of Method Selection,0.17939498899698847,[0.11 0.28],73.55371900826447
Rigor of Research Design,0.1742708025412271,[0.1  0.28],74.61538461538461
Inclusion of Latest Research Results,0.2580410550887175,[0.17 0.37],78.41726618705036
Reflection of Current Research Hotspots,0.27418506435655116,[0.19 0.39],71.09375
Fluency of Language Expression,0.18633416297446953,[0.11 0.29],69.04761904761905
Appropriateness of Professional Terminology Use,0.15276251929035942,[0.09 0.25],68.0327868852459
Conciseness of Expression,0.1825080549552358,[0.11 0.28],70.22900763358778
Practical Application Potential of Research Results,0.27541462493812163,[0.19 0.39],75.91240875912408
Feasibility of Proposed Suggestions,0.2802305232169702,[0.19 0.4 ],75.69444444444444
Logic of Argumentation,0.20134190784308614,[0.13 0.31],73.64341085271317
Multi-angle Analysis of Problems,0.2265426684402828,[0.15 0.34],73.52941176470588
Identification and Discussion of Research Limitations,0.2342817587299705,[0.15 0.35],72.51908396946564
