Subcategory,ICC (Intraclass Correlation Coefficient),ICC 95% Confidence Interval,Transitivity Consistency Ratio (%)
Topic Relevance,0.13807396752091455,[0.08 0.23],55.072463768115945
Comprehensiveness of Information,0.15060279520373976,[0.08 0.25],54.43037974683544
Accuracy of Information,0.0702138255369299,[0.02 0.15],43.47826086956522
Innovativeness of Viewpoints,0.1219146915845732,[0.06 0.21],73.50427350427351
Integration of Interdisciplinary Perspectives,0.12659607656029212,[0.07 0.22],74.50980392156863
Clarity of Logical Structure,0.043352281038873744,[0.01 0.1 ],80.13698630136986
Reasonableness of Chapter Arrangement,0.057976812660748306,[0.02 0.12],74.07407407407408
Quality of Introduction and Conclusion,0.08499893462928329,[0.03 0.16],73.88059701492537
Accuracy and Completeness of Citations,0.06812135013322282,[0.02 0.14],68.6046511627907
Timeliness and Relevance of References,0.16256526008706673,[0.09 0.26],71.96969696969697
Avoidance of Plagiarism and Appropriate Citation,0.08324496527473406,[0.03 0.16],69.67213114754098
Critical Analysis of Existing Research,0.08409945015679411,[0.03 0.17],76.58227848101265
Proposal of New Research Directions or Questions,0.07908907786577625,[0.03 0.16],75.9493670886076
Potential Contribution to the Field,0.09361183811790395,[0.04 0.18],73.33333333333333
Clarity of Research Method Description,0.08526333959987,[0.04 0.16],75.0
Rationality of Method Selection,0.06922970643644578,[0.02 0.14],73.4375
Rigor of Research Design,0.07805392791936738,[0.03 0.15],72.91666666666666
Inclusion of Latest Research Results,0.11647620935353799,[0.06 0.2 ],72.02797202797203
Reflection of Current Research Hotspots,0.13412988045093985,[0.07 0.23],67.79661016949152
Fluency of Language Expression,0.0941042550353623,[0.04 0.18],76.92307692307693
Appropriateness of Professional Terminology Use,0.0752115798670411,[0.03 0.15],77.03703703703704
Conciseness of Expression,0.061454593152396875,[0.02 0.13],79.86577181208054
Practical Application Potential of Research Results,0.11545501366823822,[0.06 0.2 ],72.53521126760563
Feasibility of Proposed Suggestions,0.10315866747564184,[0.05 0.19],74.6268656716418
Logic of Argumentation,0.09040556729054751,[0.04 0.17],74.0
Multi-angle Analysis of Problems,0.0861047262267511,[0.03 0.16],74.07407407407408
Identification and Discussion of Research Limitations,0.07880575262623327,[0.03 0.16],74.64788732394366
