Subcategory,ICC (Intraclass Correlation Coefficient),ICC 95% Confidence Interval,Transitivity Consistency Ratio (%)
Topic Relevance,0.053831762307241876,[0.01 0.12],67.85714285714286
Comprehensiveness of Information,0.08410379067546035,[0.03 0.16],62.903225806451616
Accuracy of Information,0.02396385170430926,[-0.01  0.08],40.74074074074074
Innovativeness of Viewpoints,0.0840364243603102,[0.03 0.16],71.71717171717171
Integration of Interdisciplinary Perspectives,0.09734926971800881,[0.04 0.18],68.04123711340206
Clarity of Logical Structure,0.01592785976440863,[-0.01  0.06],90.0
Reasonableness of Chapter Arrangement,0.018388068417863494,[-0.01  0.07],84.44444444444444
Quality of Introduction and Conclusion,0.018049856165307403,[-0.02  0.08],75.49019607843137
Accuracy and Completeness of Citations,0.05161017428533558,[0.01 0.12],87.75510204081633
Timeliness and Relevance of References,0.0591158328356315,[0.01 0.13],86.1788617886179
Avoidance of Plagiarism and Appropriate Citation,0.046702948993798205,[0.   0.11],82.02247191011236
Critical Analysis of Existing Research,0.04767780328476082,[0.   0.12],80.76923076923077
Proposal of New Research Directions or Questions,0.12777586094311266,[0.07 0.22],81.81818181818183
Potential Contribution to the Field,0.048982553818130846,[0.   0.12],83.22147651006712
Clarity of Research Method Description,0.018153597955868767,[-0.02  0.07],84.0
Rationality of Method Selection,0.025013971323427253,[-0.01  0.08],89.79591836734694
Rigor of Research Design,0.029022947017739477,[-0.01  0.09],85.96491228070175
Inclusion of Latest Research Results,0.02132964922330421,[-0.01  0.08],90.625
Reflection of Current Research Hotspots,0.041464214267415846,[-0.    0.11],89.33333333333333
Fluency of Language Expression,0.03134761901025529,[-0.01  0.09],74.4186046511628
Appropriateness of Professional Terminology Use,0.018204534301907445,[-0.02  0.07],85.84070796460178
Conciseness of Expression,0.018239815912774595,[-0.02  0.07],84.25196850393701
Practical Application Potential of Research Results,0.03767910026253549,[-0.   0.1],91.869918699187
Feasibility of Proposed Suggestions,0.07030058452208288,[0.02 0.15],88.80597014925374
Logic of Argumentation,0.02051658774869106,[-0.01  0.08],82.83582089552239
Multi-angle Analysis of Problems,0.04181157480013774,[0.   0.11],82.73381294964028
Identification and Discussion of Research Limitations,0.03185087492089945,[-0.01  0.09],82.25806451612904
