Subcategory,ICC (Intraclass Correlation Coefficient),ICC 95% Confidence Interval,Transitivity Consistency Ratio (%)
Topic Relevance,0.09651363394991797,[0.04 0.18],50.0
Comprehensiveness of Information,0.14601745421640072,[0.08 0.24],53.333333333333336
Accuracy of Information,0.081952197309311,[0.03 0.16],33.33333333333333
Innovativeness of Viewpoints,0.16539769519901967,[0.1  0.26],75.60975609756098
Integration of Interdisciplinary Perspectives,0.12839488923887998,[0.07 0.22],66.66666666666666
Clarity of Logical Structure,0.09543950052422552,[0.04 0.17],87.90322580645162
Reasonableness of Chapter Arrangement,0.10177874362695016,[0.05 0.18],84.7457627118644
Quality of Introduction and Conclusion,0.08502276862975773,[0.03 0.16],72.35772357723577
Accuracy and Completeness of Citations,0.06240454423029691,[0.02 0.13],81.48148148148148
Timeliness and Relevance of References,0.08112033216862359,[0.03 0.16],63.2
Avoidance of Plagiarism and Appropriate Citation,0.0662335179675273,[0.02 0.14],61.29032258064516
Critical Analysis of Existing Research,0.1157660710614081,[0.06 0.2 ],73.27586206896551
Proposal of New Research Directions or Questions,0.17859523065424363,[0.11 0.28],72.5
Potential Contribution to the Field,0.14587661263378895,[0.08 0.24],73.50993377483444
Clarity of Research Method Description,0.0802051185513548,[0.03 0.15],81.81818181818183
Rationality of Method Selection,0.0943918495877294,[0.04 0.17],80.73394495412845
Rigor of Research Design,0.07335397209880704,[0.03 0.15],80.76923076923077
Inclusion of Latest Research Results,0.09549542937370227,[0.04 0.18],70.75471698113208
Reflection of Current Research Hotspots,0.09744835653750802,[0.04 0.18],68.75
Fluency of Language Expression,0.061494513678926284,[0.02 0.13],75.0
Appropriateness of Professional Terminology Use,0.060000504581013345,[0.02 0.13],75.86206896551724
Conciseness of Expression,0.057202582722496995,[0.01 0.12],76.19047619047619
Practical Application Potential of Research Results,0.0948095652409125,[0.04 0.17],85.92592592592592
Feasibility of Proposed Suggestions,0.10365564009632999,[0.05 0.19],79.69924812030075
Logic of Argumentation,0.09602912071716313,[0.04 0.18],84.61538461538461
Multi-angle Analysis of Problems,0.12212725736052119,[0.06 0.21],80.0
Identification and Discussion of Research Limitations,0.08456070117532602,[0.03 0.16],83.21678321678321
