Subcategory,ICC (Intraclass Correlation Coefficient),ICC 95% Confidence Interval,Transitivity Consistency Ratio (%)
Topic Relevance,0.13668791249761733,[0.07 0.23],83.56164383561644
Comprehensiveness of Information,0.11611685387342145,[0.06 0.2 ],86.95652173913044
Accuracy of Information,0.03252103147162968,[-0.01  0.1 ],48.0
Innovativeness of Viewpoints,0.12967371845321127,[0.07 0.22],88.88888888888889
Integration of Interdisciplinary Perspectives,0.1533669174004373,[0.09 0.25],84.88372093023256
Clarity of Logical Structure,0.1247753928916261,[0.07 0.21],74.01574803149606
Reasonableness of Chapter Arrangement,0.12756709293534885,[0.07 0.22],80.0
Quality of Introduction and Conclusion,0.12570994246523212,[0.06 0.22],80.32786885245902
Accuracy and Completeness of Citations,0.06388410576758376,[0.02 0.14],71.01449275362319
Timeliness and Relevance of References,0.11917681998230815,[0.06 0.21],81.5126050420168
Avoidance of Plagiarism and Appropriate Citation,0.07450981000700634,[0.02 0.15],75.25773195876289
Critical Analysis of Existing Research,0.13126951994994912,[0.07 0.22],86.57718120805369
Proposal of New Research Directions or Questions,0.17843755980865833,[0.11 0.28],76.51006711409396
Potential Contribution to the Field,0.17460928201930948,[0.1  0.28],74.81481481481481
Clarity of Research Method Description,0.09837927853267243,[0.04 0.18],82.25806451612904
Rationality of Method Selection,0.11583100439898353,[0.06 0.2 ],78.57142857142857
Rigor of Research Design,0.10448571100859019,[0.05 0.19],80.80000000000001
Inclusion of Latest Research Results,0.11828561200386743,[0.06 0.21],82.4074074074074
Reflection of Current Research Hotspots,0.13919731637087893,[0.07 0.23],80.0
Fluency of Language Expression,0.11421535016055016,[0.05 0.2 ],76.52173913043478
Appropriateness of Professional Terminology Use,0.13594813978555045,[0.07 0.23],76.2589928057554
Conciseness of Expression,0.12273642422066869,[0.06 0.21],77.31092436974791
Practical Application Potential of Research Results,0.1466210031010027,[0.08 0.24],79.2
Feasibility of Proposed Suggestions,0.13905592528407743,[0.07 0.23],80.64516129032258
Logic of Argumentation,0.12704272006151737,[0.06 0.22],78.70370370370371
Multi-angle Analysis of Problems,0.161794725393767,[0.09 0.26],79.0909090909091
Identification and Discussion of Research Limitations,0.13415426255527926,[0.07 0.23],80.45112781954887
