Subcategory,ICC (Intraclass Correlation Coefficient),ICC 95% Confidence Interval,Transitivity Consistency Ratio (%)
Topic Relevance,0.31634461100596145,[0.22 0.43],50.0
Comprehensiveness of Information,0.2708621803828726,[0.18 0.39],45.28301886792453
Accuracy of Information,0.20741372545022765,[0.13 0.31],33.33333333333333
Innovativeness of Viewpoints,0.19466657677093663,[0.12 0.3 ],64.93506493506493
Integration of Interdisciplinary Perspectives,0.18443229887916826,[0.11 0.29],53.84615384615385
Clarity of Logical Structure,0.17576341648196606,[0.11 0.28],90.0
Reasonableness of Chapter Arrangement,0.1636175037301745,[0.1  0.26],83.82352941176471
Quality of Introduction and Conclusion,0.16412841628048272,[0.1  0.26],74.26470588235294
Accuracy and Completeness of Citations,0.13986428832340747,[0.08 0.23],79.1044776119403
Timeliness and Relevance of References,0.129551957785502,[0.07 0.22],71.73913043478261
Avoidance of Plagiarism and Appropriate Citation,0.12962719764674085,[0.07 0.22],69.1588785046729
Critical Analysis of Existing Research,0.14033684913418026,[0.08 0.23],74.78260869565217
Proposal of New Research Directions or Questions,0.11557545620013872,[0.06 0.2 ],72.38095238095238
Potential Contribution to the Field,0.14062074132089622,[0.08 0.23],77.5
Clarity of Research Method Description,0.13319945534496966,[0.07 0.22],74.01574803149606
Rationality of Method Selection,0.11692221609413314,[0.06 0.2 ],74.03846153846155
Rigor of Research Design,0.11036559617349312,[0.05 0.2 ],75.0
Inclusion of Latest Research Results,0.12849133558903153,[0.07 0.22],73.50427350427351
Reflection of Current Research Hotspots,0.12992094532355103,[0.07 0.22],74.0506329113924
Fluency of Language Expression,0.14897552923476182,[0.08 0.24],79.02097902097903
Appropriateness of Professional Terminology Use,0.13230806122284633,[0.07 0.22],72.07207207207207
Conciseness of Expression,0.13206743087500386,[0.07 0.22],74.63768115942028
Practical Application Potential of Research Results,0.14804539965703542,[0.08 0.24],80.99173553719008
Feasibility of Proposed Suggestions,0.1502567305700774,[0.08 0.25],82.14285714285714
Logic of Argumentation,0.1610653303286309,[0.09 0.26],75.0
Multi-angle Analysis of Problems,0.17563512336823864,[0.11 0.28],73.88059701492537
Identification and Discussion of Research Limitations,0.1354711544322746,[0.07 0.23],75.16339869281046
