Subcategory,ICC (Intraclass Correlation Coefficient),ICC 95% Confidence Interval,Transitivity Consistency Ratio (%)
Topic Relevance,0.16570682032193668,[0.1  0.26],66.66666666666666
Comprehensiveness of Information,0.13835819666760196,[0.08 0.23],68.96551724137932
Accuracy of Information,0.12397471746212094,[0.06 0.21],54.347826086956516
Innovativeness of Viewpoints,0.20736791486734538,[0.13 0.31],76.19047619047619
Integration of Interdisciplinary Perspectives,0.16061057747229274,[0.09 0.26],72.35772357723577
Clarity of Logical Structure,0.09532430738506355,[0.04 0.17],78.26086956521739
Reasonableness of Chapter Arrangement,0.13546832823484006,[0.07 0.23],75.20661157024794
Quality of Introduction and Conclusion,0.10002596516650572,[0.04 0.18],78.83211678832117
Accuracy and Completeness of Citations,0.08400135204169819,[0.03 0.16],65.38461538461539
Timeliness and Relevance of References,0.1953911451643109,[0.12 0.3 ],78.0952380952381
Avoidance of Plagiarism and Appropriate Citation,0.09756602551997622,[0.04 0.18],77.6595744680851
Critical Analysis of Existing Research,0.20293829270349548,[0.13 0.31],73.93939393939394
Proposal of New Research Directions or Questions,0.186381988829359,[0.11 0.29],69.40298507462687
Potential Contribution to the Field,0.18491597495177506,[0.11 0.29],70.67669172932331
Clarity of Research Method Description,0.16554760516784267,[0.1  0.26],72.93233082706767
Rationality of Method Selection,0.15525059381080203,[0.09 0.25],75.1937984496124
Rigor of Research Design,0.1604108431224904,[0.09 0.26],69.01408450704226
Inclusion of Latest Research Results,0.1712944963687542,[0.1  0.27],77.57575757575758
Reflection of Current Research Hotspots,0.1762121890463909,[0.11 0.28],77.57575757575758
Fluency of Language Expression,0.1448423874840624,[0.08 0.24],79.59183673469387
Appropriateness of Professional Terminology Use,0.12761356570146382,[0.07 0.22],75.83892617449665
Conciseness of Expression,0.13421997341877798,[0.07 0.22],79.06976744186046
Practical Application Potential of Research Results,0.16062096066254963,[0.09 0.26],75.55555555555556
Feasibility of Proposed Suggestions,0.17443243930153005,[0.1  0.27],73.50993377483444
Logic of Argumentation,0.175265331846856,[0.1  0.28],76.92307692307693
Multi-angle Analysis of Problems,0.21663518922908576,[0.14 0.32],74.49664429530202
Identification and Discussion of Research Limitations,0.18498756463713303,[0.11 0.29],76.36363636363637
