Subcategory,ICC (Intraclass Correlation Coefficient),ICC 95% Confidence Interval,Transitivity Consistency Ratio (%)
Topic Relevance,0.23053419114024895,[0.15 0.34],67.67676767676768
Comprehensiveness of Information,0.2660503222581975,[0.18 0.38],58.87850467289719
Accuracy of Information,0.205234610889727,[0.13 0.31],42.10526315789473
Innovativeness of Viewpoints,0.2574414266353946,[0.17 0.37],65.11627906976744
Integration of Interdisciplinary Perspectives,0.18883814622035722,[0.12 0.29],61.32075471698113
Clarity of Logical Structure,0.14962977748005482,[0.09 0.24],69.0721649484536
Reasonableness of Chapter Arrangement,0.13492967481841936,[0.07 0.23],71.21212121212122
Quality of Introduction and Conclusion,0.13708970059509168,[0.07 0.23],66.38655462184873
Accuracy and Completeness of Citations,0.13588217217038628,[0.07 0.23],74.75728155339806
Timeliness and Relevance of References,0.2328506003625016,[0.15 0.34],71.14093959731544
Avoidance of Plagiarism and Appropriate Citation,0.14216423664392386,[0.08 0.24],66.37931034482759
Critical Analysis of Existing Research,0.2666172145912711,[0.18 0.38],66.14173228346458
Proposal of New Research Directions or Questions,0.2415667434405957,[0.16 0.36],67.85714285714286
Potential Contribution to the Field,0.25580889759346687,[0.17 0.37],64.60176991150442
Clarity of Research Method Description,0.15659650759202257,[0.09 0.25],71.875
Rationality of Method Selection,0.16445843608180913,[0.1  0.26],69.40298507462687
Rigor of Research Design,0.18109991042787715,[0.11 0.28],71.2
Inclusion of Latest Research Results,0.22382154502922244,[0.14 0.34],69.35483870967742
Reflection of Current Research Hotspots,0.23931088792010022,[0.16 0.35],71.72413793103448
Fluency of Language Expression,0.17622206683393762,[0.1  0.28],71.7741935483871
Appropriateness of Professional Terminology Use,0.1613683161740285,[0.09 0.26],71.73913043478261
Conciseness of Expression,0.12420087931469882,[0.06 0.22],70.45454545454545
Practical Application Potential of Research Results,0.22140909116635657,[0.14 0.33],69.42148760330579
Feasibility of Proposed Suggestions,0.23249708442124178,[0.15 0.35],70.94017094017094
Logic of Argumentation,0.1831434633036706,[0.11 0.29],71.56862745098039
Multi-angle Analysis of Problems,0.1646901947945967,[0.09 0.27],73.21428571428571
Identification and Discussion of Research Limitations,0.17232223628264165,[0.1  0.28],66.97247706422019
