Subcategory,ICC (Intraclass Correlation Coefficient),ICC 95% Confidence Interval,Transitivity Consistency Ratio (%)
Topic Relevance,0.12852075874860242,[0.07 0.22],36.666666666666664
Comprehensiveness of Information,0.1767699775393281,[0.11 0.28],54.385964912280706
Accuracy of Information,0.07472670391977479,[0.02 0.15],38.46153846153847
Innovativeness of Viewpoints,0.24942600478571533,[0.17 0.36],76.25
Integration of Interdisciplinary Perspectives,0.15552578762056588,[0.09 0.25],61.42857142857143
Clarity of Logical Structure,0.11392873645907528,[0.06 0.2 ],80.15873015873017
Reasonableness of Chapter Arrangement,0.13717061468851074,[0.08 0.23],76.66666666666667
Quality of Introduction and Conclusion,0.15121436085937842,[0.08 0.25],73.6
Accuracy and Completeness of Citations,0.06728020821792245,[0.02 0.14],82.52427184466019
Timeliness and Relevance of References,0.15667854726217814,[0.09 0.25],72.5
Avoidance of Plagiarism and Appropriate Citation,0.0943471775143283,[0.04 0.18],61.76470588235294
Critical Analysis of Existing Research,0.25758921299191295,[0.17 0.37],79.38931297709924
Proposal of New Research Directions or Questions,0.20499153066893575,[0.13 0.31],81.20805369127517
Potential Contribution to the Field,0.21262809515857237,[0.14 0.32],82.01438848920863
Clarity of Research Method Description,0.08211622670026722,[0.03 0.16],73.21428571428571
Rationality of Method Selection,0.12520893618031237,[0.07 0.21],75.51020408163265
Rigor of Research Design,0.10855747118227659,[0.05 0.19],71.9298245614035
Inclusion of Latest Research Results,0.12443182226268543,[0.07 0.21],76.11940298507463
Reflection of Current Research Hotspots,0.15374864524274234,[0.09 0.25],76.51006711409396
Fluency of Language Expression,0.12386487148102814,[0.06 0.21],77.6978417266187
Appropriateness of Professional Terminology Use,0.1287109931868073,[0.07 0.22],75.18796992481202
Conciseness of Expression,0.12353943280889869,[0.06 0.21],75.18796992481202
Practical Application Potential of Research Results,0.1619119854605074,[0.09 0.26],76.42276422764228
Feasibility of Proposed Suggestions,0.1696911542182339,[0.1  0.27],77.09923664122137
Logic of Argumentation,0.16231114094051083,[0.09 0.26],73.13432835820896
Multi-angle Analysis of Problems,0.17851406131530861,[0.11 0.28],76.42857142857142
Identification and Discussion of Research Limitations,0.14661337545076078,[0.08 0.24],73.22834645669292
