Subcategory,ICC (Intraclass Correlation Coefficient),ICC 95% Confidence Interval,Transitivity Consistency Ratio (%)
Topic Relevance,0.09794196685114495,[0.04 0.18],45.83333333333333
Comprehensiveness of Information,0.16916243102171843,[0.1  0.27],46.15384615384615
Accuracy of Information,0.11304519365353728,[0.05 0.2 ],33.33333333333333
Innovativeness of Viewpoints,0.24114934676799585,[0.16 0.35],56.33802816901409
Integration of Interdisciplinary Perspectives,0.2326598452189269,[0.15 0.34],52.94117647058824
Clarity of Logical Structure,0.08423694921503838,[0.04 0.16],86.86131386861314
Reasonableness of Chapter Arrangement,0.14766128916591795,[0.08 0.24],81.88405797101449
Quality of Introduction and Conclusion,0.13039527692212965,[0.07 0.22],71.17117117117117
Accuracy and Completeness of Citations,0.1066817176255427,[0.05 0.19],86.8421052631579
Timeliness and Relevance of References,0.20577508112017598,[0.13 0.31],82.90598290598291
Avoidance of Plagiarism and Appropriate Citation,0.11617162256292346,[0.06 0.2 ],80.80000000000001
Critical Analysis of Existing Research,0.25875353116172106,[0.17 0.37],79.25925925925927
Proposal of New Research Directions or Questions,0.2756054965667502,[0.19 0.39],84.0
Potential Contribution to the Field,0.2788396957018074,[0.19 0.39],81.48148148148148
Clarity of Research Method Description,0.1144033001926344,[0.06 0.2 ],85.92592592592592
Rationality of Method Selection,0.1061897459541729,[0.05 0.19],85.27131782945736
Rigor of Research Design,0.13222995227829543,[0.07 0.22],82.38993710691824
Inclusion of Latest Research Results,0.18057298443023628,[0.11 0.28],80.59701492537313
Reflection of Current Research Hotspots,0.20430741257906565,[0.13 0.31],78.57142857142857
Fluency of Language Expression,0.1246423584845367,[0.06 0.21],78.04878048780488
Appropriateness of Professional Terminology Use,0.09973840129592494,[0.05 0.18],83.44827586206897
Conciseness of Expression,0.09444524157265963,[0.04 0.17],77.41935483870968
Practical Application Potential of Research Results,0.18627824441471277,[0.11 0.29],84.42622950819673
Feasibility of Proposed Suggestions,0.2194940320599424,[0.14 0.33],79.16666666666666
Logic of Argumentation,0.19275672455126178,[0.12 0.3 ],80.1526717557252
Multi-angle Analysis of Problems,0.21869757216005425,[0.14 0.33],79.23076923076923
Identification and Discussion of Research Limitations,0.15310927991488013,[0.09 0.25],80.83333333333333
