Subcategory,ICC (Intraclass Correlation Coefficient),ICC 95% Confidence Interval,Transitivity Consistency Ratio (%)
Topic Relevance,0.31557034601196754,[0.22 0.43],88.48484848484848
Comprehensiveness of Information,0.6763546963082744,[0.57 0.77],84.84848484848484
Accuracy of Information,0.17706852634491188,[0.11 0.28],90.30303030303031
Innovativeness of Viewpoints,0.6681174325655825,[0.56 0.77],83.63636363636363
Integration of Interdisciplinary Perspectives,0.7611086945207796,[0.68 0.83],83.63636363636363
Clarity of Logical Structure,0.7062965510956855,[0.62 0.79],80.60606060606061
Reasonableness of Chapter Arrangement,0.7065492146020435,[0.62 0.79],81.81818181818183
Quality of Introduction and Conclusion,0.6256775878959399,[0.53 0.72],81.21212121212122
Accuracy and Completeness of Citations,0.3312630866247714,[0.24 0.45],81.81818181818183
Timeliness and Relevance of References,0.7321732038558564,[0.65 0.81],81.21212121212122
Avoidance of Plagiarism and Appropriate Citation,0.2687126023273741,[0.18 0.38],93.33333333333333
Critical Analysis of Existing Research,0.6903306552895531,[0.59 0.78],83.63636363636363
Proposal of New Research Directions or Questions,0.6521542183144547,[0.56 0.75],81.81818181818183
Potential Contribution to the Field,0.7044856032401808,[0.61 0.79],83.63636363636363
Clarity of Research Method Description,0.5381036937137852,[0.43 0.65],81.81818181818183
Rationality of Method Selection,0.5408604232414956,[0.44 0.65],80.0
Rigor of Research Design,0.5634251336167161,[0.46 0.67],81.81818181818183
Inclusion of Latest Research Results,0.7237591935125708,[0.64 0.8 ],81.21212121212122
Reflection of Current Research Hotspots,0.7209298755722818,[0.64 0.8 ],80.0
Fluency of Language Expression,0.6430664958315514,[0.55 0.74],80.0
Appropriateness of Professional Terminology Use,0.53813435586158,[0.43 0.65],80.60606060606061
Conciseness of Expression,0.6416616372517161,[0.54 0.74],80.0
Practical Application Potential of Research Results,0.6820142943825602,[0.59 0.77],83.63636363636363
Feasibility of Proposed Suggestions,0.4853075739645927,[0.38 0.6 ],81.81818181818183
Logic of Argumentation,0.6698277169657956,[0.57 0.76],81.21212121212122
Multi-angle Analysis of Problems,0.711007699630493,[0.62 0.79],85.45454545454545
Identification and Discussion of Research Limitations,0.6812361563855394,[0.59 0.77],83.63636363636363
