Subcategory,ICC (Intraclass Correlation Coefficient),ICC 95% Confidence Interval,Transitivity Consistency Ratio (%)
Topic Relevance,0.47581810969091043,[0.37 0.6 ],82.42424242424242
Comprehensiveness of Information,0.7897918519567276,[0.7  0.86],79.39393939393939
Accuracy of Information,0.5430994675769497,[0.44 0.65],84.84848484848484
Innovativeness of Viewpoints,0.5023599008567766,[0.4  0.62],75.75757575757575
Integration of Interdisciplinary Perspectives,0.79152960743254,[0.72 0.86],78.78787878787878
Clarity of Logical Structure,0.81498502266403,[0.75 0.87],81.21212121212122
Reasonableness of Chapter Arrangement,0.742475036060618,[0.65 0.82],77.57575757575758
Quality of Introduction and Conclusion,0.6266417388906808,[0.51 0.73],77.57575757575758
Accuracy and Completeness of Citations,0.35492697883728874,[0.26 0.47],84.84848484848484
Timeliness and Relevance of References,0.3611659195656291,[0.26 0.48],81.81818181818183
Avoidance of Plagiarism and Appropriate Citation,0.30241991230025617,[0.21 0.42],90.30303030303031
Critical Analysis of Existing Research,0.689995387775282,[0.59 0.78],74.54545454545455
Proposal of New Research Directions or Questions,0.3485991599329724,[0.25 0.47],75.15151515151514
Potential Contribution to the Field,0.6446111453587376,[0.55 0.74],76.36363636363637
Clarity of Research Method Description,0.7211766447167944,[0.64 0.8 ],81.21212121212122
Rationality of Method Selection,0.7058928844659995,[0.62 0.79],79.39393939393939
Rigor of Research Design,0.70675550659818,[0.62 0.79],79.39393939393939
Inclusion of Latest Research Results,0.3740919168373888,[0.28 0.49],81.81818181818183
Reflection of Current Research Hotspots,0.592742146675434,[0.49 0.7 ],78.78787878787878
Fluency of Language Expression,0.6710701266184256,[0.58 0.76],78.78787878787878
Appropriateness of Professional Terminology Use,0.6467283688830445,[0.55 0.74],83.03030303030303
Conciseness of Expression,0.5806386236714106,[0.48 0.69],80.0
Practical Application Potential of Research Results,0.6660840245089416,[0.56 0.76],78.78787878787878
Feasibility of Proposed Suggestions,0.29767808359680514,[0.21 0.41],76.96969696969697
Logic of Argumentation,0.7161624037046559,[0.63 0.8 ],79.39393939393939
Multi-angle Analysis of Problems,0.7066732935701958,[0.61 0.79],78.78787878787878
Identification and Discussion of Research Limitations,0.6667487980976662,[0.57 0.76],79.39393939393939
