Subcategory,ICC (Intraclass Correlation Coefficient),ICC 95% Confidence Interval,Transitivity Consistency Ratio (%)
Topic Relevance,0.39390491411999123,[0.3  0.51],64.40677966101694
Comprehensiveness of Information,0.7132681044154747,[0.59 0.81],84.24242424242424
Accuracy of Information,0.13733435451695644,[0.07 0.23],39.285714285714285
Innovativeness of Viewpoints,0.6252301648314315,[0.47 0.75],89.171974522293
Integration of Interdisciplinary Perspectives,0.6902513144422263,[0.59 0.78],81.21212121212122
Clarity of Logical Structure,0.6506469546181863,[0.55 0.75],86.66666666666667
Reasonableness of Chapter Arrangement,0.6507684477894081,[0.55 0.75],83.63636363636363
Quality of Introduction and Conclusion,0.6145860598426569,[0.51 0.72],87.27272727272727
Accuracy and Completeness of Citations,0.6143469885145213,[0.52 0.72],57.692307692307686
Timeliness and Relevance of References,0.6312695531617976,[0.52 0.74],84.24242424242424
Avoidance of Plagiarism and Appropriate Citation,0.21724583554453533,[0.14 0.32],54.054054054054056
Critical Analysis of Existing Research,0.6349757589572669,[0.49 0.75],91.02564102564102
Proposal of New Research Directions or Questions,0.729033551612936,[0.62 0.82],89.0909090909091
Potential Contribution to the Field,0.6480619298497012,[0.51 0.76],89.6969696969697
Clarity of Research Method Description,0.6060575653291174,[0.49 0.72],84.76821192052981
Rationality of Method Selection,0.6176673643726518,[0.5  0.73],82.38993710691824
Rigor of Research Design,0.5902270436760851,[0.47 0.71],83.33333333333334
Inclusion of Latest Research Results,0.6547025847762876,[0.54 0.76],84.24242424242424
Reflection of Current Research Hotspots,0.6352512952687568,[0.53 0.74],83.44370860927152
Fluency of Language Expression,0.47746946020838277,[0.37 0.6 ],83.63636363636363
Appropriateness of Professional Terminology Use,0.4388997362510669,[0.33 0.56],87.07482993197279
Conciseness of Expression,0.4640327157006706,[0.36 0.59],81.21212121212122
Practical Application Potential of Research Results,0.6185543537524789,[0.49 0.73],89.6969696969697
Feasibility of Proposed Suggestions,0.5978969635252733,[0.47 0.72],88.46153846153845
Logic of Argumentation,0.5924102431667256,[0.47 0.71],88.48484848484848
Multi-angle Analysis of Problems,0.6243152879000191,[0.51 0.73],84.61538461538461
Identification and Discussion of Research Limitations,0.5761320061047968,[0.45 0.69],83.55263157894737
