Subcategory,ICC (Intraclass Correlation Coefficient),ICC 95% Confidence Interval,Transitivity Consistency Ratio (%)
Topic Relevance,0.6590968049245202,[0.55 0.76],55.88235294117647
Comprehensiveness of Information,0.8219633765194422,[0.76 0.88],75.75757575757575
Accuracy of Information,0.5519322392800425,[0.45 0.66],51.515151515151516
Innovativeness of Viewpoints,0.7626162851189728,[0.68 0.84],80.0
Integration of Interdisciplinary Perspectives,0.8205428456627322,[0.76 0.88],75.75757575757575
Clarity of Logical Structure,0.7774021105613285,[0.7  0.85],80.0
Reasonableness of Chapter Arrangement,0.7457200942604383,[0.67 0.82],79.39393939393939
Quality of Introduction and Conclusion,0.7011964315498566,[0.61 0.79],80.0
Accuracy and Completeness of Citations,0.6618734152831741,[0.57 0.75],61.33333333333333
Timeliness and Relevance of References,0.7382829361557217,[0.66 0.82],75.75757575757575
Avoidance of Plagiarism and Appropriate Citation,0.410643117328354,[0.31 0.53],53.03030303030303
Critical Analysis of Existing Research,0.7590574798108252,[0.67 0.84],80.0
Proposal of New Research Directions or Questions,0.7047381818104769,[0.62 0.79],78.18181818181819
Potential Contribution to the Field,0.7479842020670848,[0.66 0.82],78.18181818181819
Clarity of Research Method Description,0.693777559981372,[0.6  0.78],77.57575757575758
Rationality of Method Selection,0.6978007634084114,[0.61 0.78],75.75757575757575
Rigor of Research Design,0.659416171374922,[0.56 0.75],77.57575757575758
Inclusion of Latest Research Results,0.746056552204405,[0.67 0.82],75.75757575757575
Reflection of Current Research Hotspots,0.7591349794613176,[0.68 0.83],75.75757575757575
Fluency of Language Expression,0.5762202568285952,[0.47 0.68],80.0
Appropriateness of Professional Terminology Use,0.5965419333452852,[0.5 0.7],76.36363636363637
Conciseness of Expression,0.5684450362140012,[0.47 0.68],78.18181818181819
Practical Application Potential of Research Results,0.7402378823829578,[0.65 0.82],78.18181818181819
Feasibility of Proposed Suggestions,0.5185312479241173,[0.41 0.63],78.18181818181819
Logic of Argumentation,0.7173913170990366,[0.63 0.8 ],78.78787878787878
Multi-angle Analysis of Problems,0.7215493658795445,[0.63 0.8 ],75.75757575757575
Identification and Discussion of Research Limitations,0.5698939894608808,[0.46 0.68],80.0
