Subcategory,ICC (Intraclass Correlation Coefficient),ICC 95% Confidence Interval,Transitivity Consistency Ratio (%)
Topic Relevance,0.5139571097130196,[0.38 0.65],72.72727272727273
Comprehensiveness of Information,0.7485832742956592,[0.6  0.85],79.39393939393939
Accuracy of Information,0.8520046505107819,[0.79 0.9 ],75.67567567567568
Innovativeness of Viewpoints,0.8009967681644479,[0.73 0.86],80.0
Integration of Interdisciplinary Perspectives,0.4179631515499334,[0.3  0.55],67.37588652482269
Clarity of Logical Structure,0.7620335586090267,[0.64 0.85],74.68354430379746
Reasonableness of Chapter Arrangement,0.7990336320625782,[0.71 0.87],73.58490566037736
Quality of Introduction and Conclusion,0.8293888904990047,[0.77 0.88],72.12121212121212
Accuracy and Completeness of Citations,0.9371511443114714,[0.91 0.96],77.07006369426752
Timeliness and Relevance of References,0.8890153141361815,[0.84 0.93],80.41237113402062
Avoidance of Plagiarism and Appropriate Citation,0.8954793768644804,[0.86 0.93],29.03225806451613
Critical Analysis of Existing Research,0.835839144752435,[0.77 0.89],80.60606060606061
Proposal of New Research Directions or Questions,0.894831283375031,[0.85 0.93],74.68354430379746
Potential Contribution to the Field,0.6367738885008067,[0.51 0.75],72.66666666666667
Clarity of Research Method Description,0.8162503893405217,[0.74 0.88],84.61538461538461
Rationality of Method Selection,0.7402178545037035,[0.66 0.82],61.42857142857143
Rigor of Research Design,0.7680387876534124,[0.69 0.84],68.08510638297872
Inclusion of Latest Research Results,0.8645988564808359,[0.8  0.91],78.78787878787878
Reflection of Current Research Hotspots,0.6291960721481936,[0.49 0.75],71.33333333333334
Fluency of Language Expression,0.6915146903610615,[0.57 0.79],77.93103448275862
Appropriateness of Professional Terminology Use,0.7578676269657368,[0.67 0.83],77.11864406779661
Conciseness of Expression,0.7049803662058104,[0.59 0.8 ],82.42424242424242
Practical Application Potential of Research Results,0.734828867749856,[0.63 0.82],76.96969696969697
Feasibility of Proposed Suggestions,0.8538282888908003,[0.8 0.9],77.57575757575758
Logic of Argumentation,0.6029324500948267,[0.47 0.72],77.21518987341773
Multi-angle Analysis of Problems,0.6148066711273401,[0.5  0.72],76.36363636363637
Identification and Discussion of Research Limitations,0.811701092741025,[0.75 0.87],81.33333333333333
