Subcategory,ICC (Intraclass Correlation Coefficient),ICC 95% Confidence Interval,Transitivity Consistency Ratio (%)
Topic Relevance,0.7591231289570467,[0.68 0.83],39.39393939393939
Comprehensiveness of Information,0.8599840278108574,[0.81 0.9 ],75.15151515151514
Accuracy of Information,0.7340897289010148,[0.65 0.81],39.39393939393939
Innovativeness of Viewpoints,0.7678784006803122,[0.69 0.84],76.36363636363637
Integration of Interdisciplinary Perspectives,0.806087701279597,[0.74 0.87],72.91666666666666
Clarity of Logical Structure,0.7603243010490831,[0.68 0.83],75.15151515151514
Reasonableness of Chapter Arrangement,0.7903493079417819,[0.72 0.85],73.33333333333333
Quality of Introduction and Conclusion,0.7512505651985522,[0.67 0.82],74.54545454545455
Accuracy and Completeness of Citations,0.7392204328230813,[0.66 0.82],45.45454545454545
Timeliness and Relevance of References,0.7587119974058824,[0.68 0.83],76.36363636363637
Avoidance of Plagiarism and Appropriate Citation,0.5322782064654393,[0.43 0.64],39.39393939393939
Critical Analysis of Existing Research,0.7731976987637121,[0.7  0.84],76.36363636363637
Proposal of New Research Directions or Questions,0.7421119090560466,[0.66 0.82],76.28205128205127
Potential Contribution to the Field,0.7703666047345623,[0.7  0.84],76.36363636363637
Clarity of Research Method Description,0.727365375478386,[0.64 0.81],73.64864864864865
Rationality of Method Selection,0.7486301510571391,[0.67 0.82],73.24840764331209
Rigor of Research Design,0.7230960371348973,[0.64 0.8 ],73.24840764331209
Inclusion of Latest Research Results,0.7835576427120138,[0.71 0.85],76.36363636363637
Reflection of Current Research Hotspots,0.7907772573320225,[0.72 0.85],76.36363636363637
Fluency of Language Expression,0.6330259873625179,[0.54 0.73],74.54545454545455
Appropriateness of Professional Terminology Use,0.6356360201791307,[0.54 0.73],72.97297297297297
Conciseness of Expression,0.592549548820441,[0.49 0.7 ],74.54545454545455
Practical Application Potential of Research Results,0.7519276707868396,[0.67 0.83],75.0
Feasibility of Proposed Suggestions,0.7014770544512617,[0.61 0.79],75.0
Logic of Argumentation,0.7540112045081563,[0.68 0.83],75.75757575757575
Multi-angle Analysis of Problems,0.7658759532386458,[0.69 0.84],75.75757575757575
Identification and Discussion of Research Limitations,0.7025948994133129,[0.62 0.79],76.96969696969697
