Subcategory,ICC (Intraclass Correlation Coefficient),ICC 95% Confidence Interval,Transitivity Consistency Ratio (%)
Topic Relevance,0.4119874539590591,[0.31 0.53],48.837209302325576
Comprehensiveness of Information,0.7311973398171794,[0.64 0.81],83.63636363636363
Accuracy of Information,0.41608207874204534,[0.32 0.54],36.84210526315789
Innovativeness of Viewpoints,0.6364259914879511,[0.53 0.74],80.89171974522293
Integration of Interdisciplinary Perspectives,0.5444810675400309,[0.44 0.65],76.28205128205127
Clarity of Logical Structure,0.6144477497754385,[0.52 0.72],78.78787878787878
Reasonableness of Chapter Arrangement,0.59990838931554,[0.5 0.7],81.81818181818183
Quality of Introduction and Conclusion,0.609825931869673,[0.51 0.71],78.84615384615384
Accuracy and Completeness of Citations,0.48013863870875817,[0.38 0.6 ],53.84615384615385
Timeliness and Relevance of References,0.5090087226717864,[0.41 0.62],81.21212121212122
Avoidance of Plagiarism and Appropriate Citation,0.1816023185817249,[0.11 0.28],42.857142857142854
Critical Analysis of Existing Research,0.6362049240646283,[0.54 0.74],74.68354430379746
Proposal of New Research Directions or Questions,0.6397596782839832,[0.54 0.74],78.343949044586
Potential Contribution to the Field,0.6110890759068248,[0.51 0.71],72.84768211920529
Clarity of Research Method Description,0.5548377822963988,[0.45 0.66],84.24242424242424
Rationality of Method Selection,0.5381230034775462,[0.44 0.65],79.39393939393939
Rigor of Research Design,0.5463662581872378,[0.44 0.66],83.03030303030303
Inclusion of Latest Research Results,0.543147923570743,[0.44 0.65],81.21212121212122
Reflection of Current Research Hotspots,0.5872397343415368,[0.49 0.69],79.39393939393939
Fluency of Language Expression,0.4562947456169078,[0.35 0.57],74.32432432432432
Appropriateness of Professional Terminology Use,0.4551947414432349,[0.35 0.57],80.76923076923077
Conciseness of Expression,0.4664968882266312,[0.36 0.58],76.96969696969697
Practical Application Potential of Research Results,0.5989101868219319,[0.5 0.7],73.79310344827587
Feasibility of Proposed Suggestions,0.5472373011500966,[0.44 0.66],72.84768211920529
Logic of Argumentation,0.58836809639029,[0.49 0.69],80.60606060606061
Multi-angle Analysis of Problems,0.5941473799443242,[0.5 0.7],78.18181818181819
Identification and Discussion of Research Limitations,0.5499777950287782,[0.44 0.66],81.0126582278481
