Subcategory,ICC (Intraclass Correlation Coefficient),ICC 95% Confidence Interval,Transitivity Consistency Ratio (%)
Topic Relevance,0.8002113498512476,[0.73 0.86],73.07692307692307
Comprehensiveness of Information,0.9178134787921799,[0.88 0.95],74.54545454545455
Accuracy of Information,0.8371081579082222,[0.78 0.89],64.60176991150442
Innovativeness of Viewpoints,0.7053831662614579,[0.62 0.79],79.39393939393939
Integration of Interdisciplinary Perspectives,0.829381464093487,[0.77 0.88],69.33333333333334
Clarity of Logical Structure,0.7562938143186089,[0.66 0.84],80.0
Reasonableness of Chapter Arrangement,0.7705616097210947,[0.69 0.84],79.39393939393939
Quality of Introduction and Conclusion,0.7629791127668045,[0.69 0.83],79.39393939393939
Accuracy and Completeness of Citations,0.9284973067371823,[0.9  0.95],80.76923076923077
Timeliness and Relevance of References,0.918098674841433,[0.89 0.95],61.111111111111114
Avoidance of Plagiarism and Appropriate Citation,0.9035444067979486,[0.87 0.94],52.63157894736842
Critical Analysis of Existing Research,0.8694774233081846,[0.82 0.91],72.67080745341616
Proposal of New Research Directions or Questions,0.88727264821701,[0.84 0.92],81.21212121212122
Potential Contribution to the Field,0.8754091704630174,[0.83 0.92],74.69135802469135
Clarity of Research Method Description,0.8530874787732453,[0.79 0.9 ],65.64885496183206
Rationality of Method Selection,0.7262357726169275,[0.64 0.81],45.09803921568628
Rigor of Research Design,0.7859332007465302,[0.72 0.85],52.307692307692314
Inclusion of Latest Research Results,0.882991782956308,[0.84 0.92],69.91869918699187
Reflection of Current Research Hotspots,0.7504415285254973,[0.67 0.83],66.35514018691589
Fluency of Language Expression,0.3726122778180483,[0.26 0.5 ],79.39393939393939
Appropriateness of Professional Terminology Use,0.7190899493566301,[0.63 0.8 ],51.724137931034484
Conciseness of Expression,0.5915989456236472,[0.46 0.71],90.38461538461539
Practical Application Potential of Research Results,0.8625858839287263,[0.81 0.91],71.52317880794702
Feasibility of Proposed Suggestions,0.7993067995098535,[0.73 0.86],76.96969696969697
Logic of Argumentation,0.7935440082519778,[0.71 0.86],77.56410256410257
Multi-angle Analysis of Problems,0.8096432534004196,[0.74 0.87],75.92592592592592
Identification and Discussion of Research Limitations,0.6579509874759149,[0.57 0.75],65.0485436893204
