Subcategory,ICC (Intraclass Correlation Coefficient),ICC 95% Confidence Interval,Transitivity Consistency Ratio (%)
Topic Relevance,0.4804620474361161,[0.38 0.6 ],54.347826086956516
Comprehensiveness of Information,0.6569596006652112,[0.56 0.75],79.24528301886792
Accuracy of Information,0.43601451900663735,[0.34 0.55],61.53846153846154
Innovativeness of Viewpoints,0.5955385582666363,[0.5 0.7],79.39393939393939
Integration of Interdisciplinary Perspectives,0.6170600284948059,[0.52 0.72],72.61146496815286
Clarity of Logical Structure,0.638923013437941,[0.54 0.74],74.54545454545455
Reasonableness of Chapter Arrangement,0.5819792038680256,[0.48 0.69],72.72727272727273
Quality of Introduction and Conclusion,0.5559260886350627,[0.46 0.66],75.75757575757575
Accuracy and Completeness of Citations,0.6640132698415415,[0.57 0.76],71.05263157894737
Timeliness and Relevance of References,0.5587060207044409,[0.46 0.67],73.93939393939394
Avoidance of Plagiarism and Appropriate Citation,0.3572241174230676,[0.26 0.48],45.45454545454545
Critical Analysis of Existing Research,0.6118304648785419,[0.51 0.71],78.52348993288591
Proposal of New Research Directions or Questions,0.6417481301474294,[0.55 0.74],77.56410256410257
Potential Contribution to the Field,0.6048507917942306,[0.51 0.71],77.07006369426752
Clarity of Research Method Description,0.5084307798747214,[0.41 0.62],72.46376811594203
Rationality of Method Selection,0.5153240864841107,[0.41 0.63],73.33333333333333
Rigor of Research Design,0.5058820518077207,[0.4  0.62],75.0
Inclusion of Latest Research Results,0.5724795181509799,[0.47 0.68],72.72727272727273
Reflection of Current Research Hotspots,0.5611707467050656,[0.46 0.67],72.72727272727273
Fluency of Language Expression,0.4933346141533679,[0.39 0.61],74.52229299363057
Appropriateness of Professional Terminology Use,0.38983906600127083,[0.29 0.51],68.58974358974359
Conciseness of Expression,0.44912022096442955,[0.35 0.57],72.67080745341616
Practical Application Potential of Research Results,0.5666038096844909,[0.47 0.67],74.52229299363057
Feasibility of Proposed Suggestions,0.5710692961093715,[0.47 0.68],75.79617834394905
Logic of Argumentation,0.5795280501936211,[0.48 0.69],76.96969696969697
Multi-angle Analysis of Problems,0.5640338991067116,[0.46 0.67],73.93939393939394
Identification and Discussion of Research Limitations,0.5394470014693431,[0.44 0.65],77.57575757575758
