Subcategory,ICC (Intraclass Correlation Coefficient),ICC 95% Confidence Interval,Transitivity Consistency Ratio (%)
Topic Relevance,0.602109231803221,[0.46 0.72],77.93103448275862
Comprehensiveness of Information,0.7307653616218761,[0.57 0.84],83.63636363636363
Accuracy of Information,0.8023250423051068,[0.72 0.87],65.0
Innovativeness of Viewpoints,0.7941222983228688,[0.73 0.86],80.60606060606061
Integration of Interdisciplinary Perspectives,0.6584242621892971,[0.55 0.76],72.54901960784314
Clarity of Logical Structure,0.5898647416857163,[0.43 0.72],81.13207547169812
Reasonableness of Chapter Arrangement,0.6286817620130352,[0.49 0.75],82.38993710691824
Quality of Introduction and Conclusion,0.8226331617803296,[0.76 0.88],71.15384615384616
Accuracy and Completeness of Citations,0.8815667499054574,[0.82 0.92],81.25
Timeliness and Relevance of References,0.8186948345398711,[0.74 0.88],76.5625
Avoidance of Plagiarism and Appropriate Citation,0.8108875365294982,[0.74 0.87],47.05882352941176
Critical Analysis of Existing Research,0.7817016266189876,[0.67 0.86],84.84848484848484
Proposal of New Research Directions or Questions,0.9025498418920711,[0.86 0.93],82.42424242424242
Potential Contribution to the Field,0.6954773014139637,[0.58 0.79],75.55555555555556
Clarity of Research Method Description,0.6679490459304773,[0.52 0.78],76.74418604651163
Rationality of Method Selection,0.41362360390845804,[0.31 0.54],42.5531914893617
Rigor of Research Design,0.6043371422636581,[0.5  0.71],71.81818181818181
Inclusion of Latest Research Results,0.7534943066084495,[0.62 0.85],79.60526315789474
Reflection of Current Research Hotspots,0.6322283452452219,[0.51 0.74],75.0
Fluency of Language Expression,0.6240981895730295,[0.51 0.73],79.13669064748201
Appropriateness of Professional Terminology Use,0.6470174827797258,[0.54 0.75],67.90123456790124
Conciseness of Expression,0.5782241318588435,[0.46 0.69],90.30303030303031
Practical Application Potential of Research Results,0.5701492216039328,[0.42 0.7 ],80.2547770700637
Feasibility of Proposed Suggestions,0.7096696648098563,[0.62 0.79],80.0
Logic of Argumentation,0.6683371005954639,[0.53 0.78],77.41935483870968
Multi-angle Analysis of Problems,0.6877625608634091,[0.58 0.78],73.33333333333333
Identification and Discussion of Research Limitations,0.5998359806629835,[0.5  0.71],70.33898305084746
