Subcategory,ICC (Intraclass Correlation Coefficient),ICC 95% Confidence Interval,Transitivity Consistency Ratio (%)
Topic Relevance,0.685271006144729,[0.6  0.77],81.21212121212122
Comprehensiveness of Information,0.8615154348341929,[0.81 0.91],78.18181818181819
Accuracy of Information,0.45720018132220347,[0.36 0.58],87.27272727272727
Innovativeness of Viewpoints,0.754364188168968,[0.68 0.83],77.57575757575758
Integration of Interdisciplinary Perspectives,0.8473106688071967,[0.79 0.9 ],77.57575757575758
Clarity of Logical Structure,0.7764442669496218,[0.7  0.84],74.54545454545455
Reasonableness of Chapter Arrangement,0.7969122739452625,[0.73 0.86],76.36363636363637
Quality of Introduction and Conclusion,0.6837366324271305,[0.59 0.77],74.54545454545455
Accuracy and Completeness of Citations,0.6754396809957411,[0.58 0.77],77.57575757575758
Timeliness and Relevance of References,0.7826410585853605,[0.71 0.85],77.57575757575758
Avoidance of Plagiarism and Appropriate Citation,0.37842031364584683,[0.28 0.5 ],86.66666666666667
Critical Analysis of Existing Research,0.7786671429249693,[0.71 0.85],77.57575757575758
Proposal of New Research Directions or Questions,0.6456959788200513,[0.55 0.74],77.57575757575758
Potential Contribution to the Field,0.7685620578270913,[0.69 0.84],77.57575757575758
Clarity of Research Method Description,0.7755178639945254,[0.7  0.84],77.57575757575758
Rationality of Method Selection,0.7808905770306798,[0.71 0.85],77.57575757575758
Rigor of Research Design,0.7707270661714748,[0.7  0.84],77.57575757575758
Inclusion of Latest Research Results,0.7801955447000638,[0.71 0.85],77.57575757575758
Reflection of Current Research Hotspots,0.7657384919655751,[0.69 0.84],77.57575757575758
Fluency of Language Expression,0.6554060001467028,[0.56 0.75],76.36363636363637
Appropriateness of Professional Terminology Use,0.6748446686826884,[0.58 0.77],78.18181818181819
Conciseness of Expression,0.6308691265618667,[0.54 0.73],77.57575757575758
Practical Application Potential of Research Results,0.7642995405391065,[0.69 0.83],78.18181818181819
Feasibility of Proposed Suggestions,0.5069128056967371,[0.41 0.62],78.18181818181819
Logic of Argumentation,0.7613188028828318,[0.69 0.83],77.57575757575758
Multi-angle Analysis of Problems,0.7861104600291661,[0.72 0.85],77.57575757575758
Identification and Discussion of Research Limitations,0.6973837324952257,[0.61 0.78],77.57575757575758
