Subcategory,ICC (Intraclass Correlation Coefficient),ICC 95% Confidence Interval,Transitivity Consistency Ratio (%)
Topic Relevance,0.4544919665258019,[0.35 0.57],72.46376811594203
Comprehensiveness of Information,0.7401312969221848,[0.66 0.82],78.78787878787878
Accuracy of Information,0.38411375254113383,[0.29 0.5 ],49.09090909090909
Innovativeness of Viewpoints,0.7490699065133322,[0.67 0.82],78.18181818181819
Integration of Interdisciplinary Perspectives,0.7175698507790883,[0.63 0.8 ],77.57575757575758
Clarity of Logical Structure,0.6965453107167225,[0.61 0.78],78.18181818181819
Reasonableness of Chapter Arrangement,0.6854153366843987,[0.6  0.77],78.18181818181819
Quality of Introduction and Conclusion,0.650071997478707,[0.56 0.74],78.18181818181819
Accuracy and Completeness of Citations,0.5446089322723108,[0.44 0.65],73.14814814814815
Timeliness and Relevance of References,0.6016869560443889,[0.5 0.7],76.36363636363637
Avoidance of Plagiarism and Appropriate Citation,0.3029180442800176,[0.21 0.42],54.54545454545454
Critical Analysis of Existing Research,0.7069338439664644,[0.62 0.79],78.18181818181819
Proposal of New Research Directions or Questions,0.6142639321381129,[0.52 0.72],76.36363636363637
Potential Contribution to the Field,0.6975407451731657,[0.61 0.78],78.18181818181819
Clarity of Research Method Description,0.5768355518491107,[0.48 0.68],79.72972972972973
Rationality of Method Selection,0.5797276031157013,[0.48 0.69],75.75757575757575
Rigor of Research Design,0.5705731123407061,[0.47 0.68],75.75757575757575
Inclusion of Latest Research Results,0.6243095509614082,[0.53 0.72],76.36363636363637
Reflection of Current Research Hotspots,0.66578271965638,[0.57 0.76],76.36363636363637
Fluency of Language Expression,0.617557235937914,[0.52 0.72],78.18181818181819
Appropriateness of Professional Terminology Use,0.6170459942680627,[0.52 0.72],77.57575757575758
Conciseness of Expression,0.5953530726758224,[0.5 0.7],78.18181818181819
Practical Application Potential of Research Results,0.6852370311040827,[0.6  0.77],78.18181818181819
Feasibility of Proposed Suggestions,0.6108754168827284,[0.51 0.71],78.18181818181819
Logic of Argumentation,0.6485031470770412,[0.55 0.74],76.36363636363637
Multi-angle Analysis of Problems,0.6689411350793968,[0.58 0.76],76.96969696969697
Identification and Discussion of Research Limitations,0.5936465110120929,[0.49 0.7 ],76.36363636363637
