Subcategory,ICC (Intraclass Correlation Coefficient),ICC 95% Confidence Interval,Transitivity Consistency Ratio (%)
Topic Relevance,0.5900448374530901,[0.49 0.69],74.57627118644068
Comprehensiveness of Information,0.8132868132285342,[0.75 0.87],82.42424242424242
Accuracy of Information,0.25460831048871746,[0.17 0.37],34.285714285714285
Innovativeness of Viewpoints,0.6111026460089497,[0.51 0.71],80.60606060606061
Integration of Interdisciplinary Perspectives,0.640843354754882,[0.55 0.74],78.18181818181819
Clarity of Logical Structure,0.6878139522983238,[0.6  0.78],86.06060606060606
Reasonableness of Chapter Arrangement,0.7094223644392297,[0.62 0.79],80.60606060606061
Quality of Introduction and Conclusion,0.5004201379686785,[0.4  0.62],84.24242424242424
Accuracy and Completeness of Citations,0.5500270123236367,[0.45 0.66],74.60317460317461
Timeliness and Relevance of References,0.6321948378091509,[0.54 0.73],73.93939393939394
Avoidance of Plagiarism and Appropriate Citation,0.1939209720456766,[0.12 0.3 ],58.333333333333336
Critical Analysis of Existing Research,0.5462192549751509,[0.45 0.66],77.57575757575758
Proposal of New Research Directions or Questions,0.5002523206668378,[0.4  0.62],79.39393939393939
Potential Contribution to the Field,0.5472625813409593,[0.45 0.66],76.36363636363637
Clarity of Research Method Description,0.6006067868499688,[0.5 0.7],81.21212121212122
Rationality of Method Selection,0.6248160723270565,[0.53 0.72],82.42424242424242
Rigor of Research Design,0.6051853872697113,[0.51 0.71],84.24242424242424
Inclusion of Latest Research Results,0.6372215987363454,[0.54 0.73],73.93939393939394
Reflection of Current Research Hotspots,0.672648291909431,[0.58 0.76],74.35897435897436
Fluency of Language Expression,0.5843606412675891,[0.49 0.69],84.81012658227847
Appropriateness of Professional Terminology Use,0.6179440728252658,[0.52 0.72],81.81818181818183
Conciseness of Expression,0.5695187221480311,[0.47 0.68],82.42424242424242
Practical Application Potential of Research Results,0.60116480051303,[0.5 0.7],77.21518987341773
Feasibility of Proposed Suggestions,0.5344487235727431,[0.43 0.65],77.21518987341773
Logic of Argumentation,0.6446885468444951,[0.55 0.74],81.81818181818183
Multi-angle Analysis of Problems,0.6448138440907438,[0.55 0.74],76.36363636363637
Identification and Discussion of Research Limitations,0.5305447246330783,[0.43 0.64],75.75757575757575
