Subcategory,ICC (Intraclass Correlation Coefficient),ICC 95% Confidence Interval,Transitivity Consistency Ratio (%)
Topic Relevance,0.6721835837646902,[0.58 0.76],65.97938144329896
Comprehensiveness of Information,0.7862822909644374,[0.71 0.85],78.78787878787878
Accuracy of Information,0.5940354095626321,[0.5 0.7],38.46153846153847
Innovativeness of Viewpoints,0.5179559317898711,[0.41 0.63],83.03030303030303
Integration of Interdisciplinary Perspectives,0.5782803143832622,[0.48 0.69],78.18181818181819
Clarity of Logical Structure,0.7140308800611863,[0.62 0.8 ],81.81818181818183
Reasonableness of Chapter Arrangement,0.7217067088173135,[0.64 0.8 ],78.18181818181819
Quality of Introduction and Conclusion,0.6616000312820086,[0.56 0.76],80.2547770700637
Accuracy and Completeness of Citations,0.44672532996745784,[0.35 0.56],69.42148760330579
Timeliness and Relevance of References,0.538859770383251,[0.44 0.65],78.78787878787878
Avoidance of Plagiarism and Appropriate Citation,0.38494442844188737,[0.29 0.5 ],61.038961038961034
Critical Analysis of Existing Research,0.6650198759118044,[0.56 0.76],86.66666666666667
Proposal of New Research Directions or Questions,0.4282405660542041,[0.33 0.55],86.06060606060606
Potential Contribution to the Field,0.6049282518702781,[0.5  0.71],86.66666666666667
Clarity of Research Method Description,0.6826092497506824,[0.58 0.78],80.0
Rationality of Method Selection,0.689642323137915,[0.59 0.78],80.0
Rigor of Research Design,0.6866362712971122,[0.58 0.78],76.96969696969697
Inclusion of Latest Research Results,0.5675187586396055,[0.47 0.68],78.78787878787878
Reflection of Current Research Hotspots,0.5224485769151431,[0.42 0.64],75.75757575757575
Fluency of Language Expression,0.6176532219634125,[0.51 0.72],79.39393939393939
Appropriateness of Professional Terminology Use,0.6362552249052263,[0.53 0.74],80.60606060606061
Conciseness of Expression,0.6143868795618967,[0.51 0.72],80.0
Practical Application Potential of Research Results,0.5873001559255389,[0.48 0.7 ],86.66666666666667
Feasibility of Proposed Suggestions,0.5453632085969036,[0.43 0.66],87.17948717948718
Logic of Argumentation,0.6785220413187878,[0.58 0.77],81.21212121212122
Multi-angle Analysis of Problems,0.6469014204394318,[0.55 0.75],81.21212121212122
Identification and Discussion of Research Limitations,0.6372140151523241,[0.53 0.74],81.21212121212122
