Subcategory,ICC (Intraclass Correlation Coefficient),ICC 95% Confidence Interval,Transitivity Consistency Ratio (%)
Topic Relevance,0.4715090626176789,[0.37 0.59],58.88888888888889
Comprehensiveness of Information,0.8583602846644263,[0.81 0.9 ],72.12121212121212
Accuracy of Information,0.37042735809721633,[0.27 0.49],62.16216216216216
Innovativeness of Viewpoints,0.7837881683953936,[0.71 0.85],75.75757575757575
Integration of Interdisciplinary Perspectives,0.7640824437612106,[0.69 0.83],72.72727272727273
Clarity of Logical Structure,0.787610610037643,[0.72 0.85],80.2547770700637
Reasonableness of Chapter Arrangement,0.7799350470165316,[0.71 0.85],77.57575757575758
Quality of Introduction and Conclusion,0.744284031012439,[0.66 0.82],81.81818181818183
Accuracy and Completeness of Citations,0.6683688850574955,[0.58 0.76],64.76190476190476
Timeliness and Relevance of References,0.7592160212672191,[0.68 0.83],73.33333333333333
Avoidance of Plagiarism and Appropriate Citation,0.32949355125573304,[0.24 0.45],62.264150943396224
Critical Analysis of Existing Research,0.7805271536787687,[0.71 0.85],75.75757575757575
Proposal of New Research Directions or Questions,0.7109168248233962,[0.63 0.79],73.24840764331209
Potential Contribution to the Field,0.7673149857871228,[0.69 0.84],73.93939393939394
Clarity of Research Method Description,0.7037926271702677,[0.62 0.79],77.07006369426752
Rationality of Method Selection,0.7187898708399493,[0.63 0.8 ],73.33333333333333
Rigor of Research Design,0.7081072802017385,[0.62 0.79],73.33333333333333
Inclusion of Latest Research Results,0.7611158997579546,[0.68 0.83],73.33333333333333
Reflection of Current Research Hotspots,0.7539131555887705,[0.68 0.83],72.12121212121212
Fluency of Language Expression,0.6734906024523438,[0.58 0.76],81.81818181818183
Appropriateness of Professional Terminology Use,0.6458560907123087,[0.55 0.74],77.07006369426752
Conciseness of Expression,0.6804506798593061,[0.59 0.77],80.0
Practical Application Potential of Research Results,0.714911652967275,[0.63 0.8 ],73.93939393939394
Feasibility of Proposed Suggestions,0.6996151333919858,[0.61 0.78],73.93939393939394
Logic of Argumentation,0.7304366726093168,[0.65 0.81],77.57575757575758
Multi-angle Analysis of Problems,0.7298456624852047,[0.65 0.81],73.93939393939394
Identification and Discussion of Research Limitations,0.6994826114291388,[0.61 0.78],73.93939393939394
