Subcategory,ICC (Intraclass Correlation Coefficient),ICC 95% Confidence Interval,Transitivity Consistency Ratio (%)
Topic Relevance,0.24544132689722795,[0.16 0.36],74.19354838709677
Comprehensiveness of Information,0.5095232848366401,[0.41 0.62],81.81818181818183
Accuracy of Information,0.10896735644338008,[0.05 0.2 ],52.94117647058824
Innovativeness of Viewpoints,0.5003268451380491,[0.4  0.62],88.48484848484848
Integration of Interdisciplinary Perspectives,0.4725792099342838,[0.37 0.59],86.06060606060606
Clarity of Logical Structure,0.43984206133337245,[0.34 0.56],87.26114649681529
Reasonableness of Chapter Arrangement,0.4473329032051469,[0.35 0.57],86.06060606060606
Quality of Introduction and Conclusion,0.5295214726500311,[0.43 0.64],87.26114649681529
Accuracy and Completeness of Citations,0.2290755659382517,[0.15 0.34],83.59375
Timeliness and Relevance of References,0.429338004208844,[0.33 0.55],82.42424242424242
Avoidance of Plagiarism and Appropriate Citation,0.11786057798517487,[0.06 0.21],62.06896551724138
Critical Analysis of Existing Research,0.4799711211514277,[0.38 0.6 ],87.27272727272727
Proposal of New Research Directions or Questions,0.4819329539766767,[0.38 0.6 ],85.45454545454545
Potential Contribution to the Field,0.5286644103789676,[0.43 0.64],85.625
Clarity of Research Method Description,0.47364898702893526,[0.37 0.59],80.85106382978722
Rationality of Method Selection,0.49114422492163323,[0.39 0.61],78.32167832167832
Rigor of Research Design,0.5022503370287895,[0.4  0.62],79.05405405405406
Inclusion of Latest Research Results,0.43223377592557904,[0.33 0.55],83.33333333333334
Reflection of Current Research Hotspots,0.4445524332475431,[0.34 0.56],84.24242424242424
Fluency of Language Expression,0.5235453571980947,[0.42 0.64],86.66666666666667
Appropriateness of Professional Terminology Use,0.503815273833276,[0.4  0.62],84.84848484848484
Conciseness of Expression,0.5100389799321777,[0.41 0.62],84.84848484848484
Practical Application Potential of Research Results,0.47838179809784215,[0.38 0.59],84.84848484848484
Feasibility of Proposed Suggestions,0.4810559366633797,[0.38 0.6 ],86.06060606060606
Logic of Argumentation,0.4948396285194063,[0.39 0.61],85.98726114649682
Multi-angle Analysis of Problems,0.4745316108575678,[0.37 0.59],83.63636363636363
Identification and Discussion of Research Limitations,0.47465981588833206,[0.37 0.59],85.45454545454545
