Subcategory,ICC (Intraclass Correlation Coefficient),ICC 95% Confidence Interval,Transitivity Consistency Ratio (%)
Topic Relevance,0.4488682799406339,[0.35 0.57],73.27586206896551
Comprehensiveness of Information,0.7107681293519456,[0.63 0.79],81.21212121212122
Accuracy of Information,0.35398612401492885,[0.26 0.47],43.58974358974359
Innovativeness of Viewpoints,0.4894412230690842,[0.39 0.61],79.11392405063292
Integration of Interdisciplinary Perspectives,0.6200496639792206,[0.52 0.72],80.0
Clarity of Logical Structure,0.6285783962512401,[0.53 0.73],81.81818181818183
Reasonableness of Chapter Arrangement,0.6462268340096419,[0.55 0.74],82.42424242424242
Quality of Introduction and Conclusion,0.41412948181421333,[0.31 0.53],78.18181818181819
Accuracy and Completeness of Citations,0.5895228054306615,[0.49 0.69],71.15384615384616
Timeliness and Relevance of References,0.6143912089189806,[0.52 0.72],81.21212121212122
Avoidance of Plagiarism and Appropriate Citation,0.20283441574566027,[0.13 0.31],50.0
Critical Analysis of Existing Research,0.5504046735728537,[0.45 0.66],81.81818181818183
Proposal of New Research Directions or Questions,0.4121912692558953,[0.31 0.53],79.39393939393939
Potential Contribution to the Field,0.5688369921247988,[0.47 0.68],81.81818181818183
Clarity of Research Method Description,0.5934461962465416,[0.49 0.7 ],81.21212121212122
Rationality of Method Selection,0.5904319827844896,[0.49 0.69],81.81818181818183
Rigor of Research Design,0.5827713433016805,[0.48 0.69],81.81818181818183
Inclusion of Latest Research Results,0.6231131288382509,[0.53 0.72],81.21212121212122
Reflection of Current Research Hotspots,0.6205743479632233,[0.52 0.72],81.81818181818183
Fluency of Language Expression,0.5009684543997985,[0.4  0.62],75.75757575757575
Appropriateness of Professional Terminology Use,0.5508070248971193,[0.45 0.66],81.21212121212122
Conciseness of Expression,0.48368169387200494,[0.38 0.6 ],75.75757575757575
Practical Application Potential of Research Results,0.5644023607590445,[0.46 0.67],79.39393939393939
Feasibility of Proposed Suggestions,0.45179974355945957,[0.35 0.57],79.39393939393939
Logic of Argumentation,0.5754079362238259,[0.48 0.68],78.78787878787878
Multi-angle Analysis of Problems,0.6045376265317688,[0.51 0.71],80.60606060606061
Identification and Discussion of Research Limitations,0.5210916629033748,[0.42 0.63],80.60606060606061
