Subcategory,ICC (Intraclass Correlation Coefficient),ICC 95% Confidence Interval,Transitivity Consistency Ratio (%)
Topic Relevance,0.47479531475119136,[0.37 0.59],75.21367521367522
Comprehensiveness of Information,0.7609959422497004,[0.68 0.83],75.15151515151514
Accuracy of Information,0.400464393822926,[0.3  0.52],40.0
Innovativeness of Viewpoints,0.46240602078446247,[0.36 0.58],71.60493827160494
Integration of Interdisciplinary Perspectives,0.5887270733956913,[0.49 0.69],76.36363636363637
Clarity of Logical Structure,0.7117050389804046,[0.63 0.79],76.96969696969697
Reasonableness of Chapter Arrangement,0.6733801656480923,[0.58 0.76],75.75757575757575
Quality of Introduction and Conclusion,0.5464115404945589,[0.45 0.66],76.28205128205127
Accuracy and Completeness of Citations,0.45481342108902173,[0.35 0.57],51.388888888888886
Timeliness and Relevance of References,0.4991370273124854,[0.4  0.61],73.93939393939394
Avoidance of Plagiarism and Appropriate Citation,0.2056939058126306,[0.13 0.31],38.63636363636363
Critical Analysis of Existing Research,0.6411357643513645,[0.55 0.74],72.72727272727273
Proposal of New Research Directions or Questions,0.3258635925675956,[0.23 0.44],74.52229299363057
Potential Contribution to the Field,0.5585069734887926,[0.46 0.67],73.93939393939394
Clarity of Research Method Description,0.6986067436466641,[0.61 0.78],75.75757575757575
Rationality of Method Selection,0.6860566337683771,[0.6  0.77],73.93939393939394
Rigor of Research Design,0.672832305291545,[0.58 0.76],75.75757575757575
Inclusion of Latest Research Results,0.49384740445668585,[0.39 0.61],73.93939393939394
Reflection of Current Research Hotspots,0.49377133144540897,[0.39 0.61],76.36363636363637
Fluency of Language Expression,0.49726350122586666,[0.4  0.61],73.07692307692307
Appropriateness of Professional Terminology Use,0.5933549644477756,[0.49 0.7 ],77.07006369426752
Conciseness of Expression,0.4761960023209748,[0.37 0.59],74.83443708609272
Practical Application Potential of Research Results,0.5646235332733102,[0.46 0.67],71.51515151515152
Feasibility of Proposed Suggestions,0.448204984616755,[0.35 0.57],71.51515151515152
Logic of Argumentation,0.6292768659248188,[0.53 0.73],76.96969696969697
Multi-angle Analysis of Problems,0.6096747211380672,[0.51 0.71],76.36363636363637
Identification and Discussion of Research Limitations,0.6098871578190506,[0.51 0.71],76.72955974842768
