Subcategory,ICC (Intraclass Correlation Coefficient),ICC 95% Confidence Interval,Transitivity Consistency Ratio (%)
Topic Relevance,0.48681975123060806,[0.38 0.61],70.86092715231787
Comprehensiveness of Information,0.7119433050702474,[0.62 0.8 ],70.9090909090909
Accuracy of Information,0.3910545464953281,[0.29 0.51],48.64864864864865
Innovativeness of Viewpoints,0.466915873756463,[0.36 0.58],70.9090909090909
Integration of Interdisciplinary Perspectives,0.5824261630858879,[0.48 0.69],69.6969696969697
Clarity of Logical Structure,0.6104420160434215,[0.51 0.71],72.12121212121212
Reasonableness of Chapter Arrangement,0.6369758668195846,[0.54 0.73],71.51515151515152
Quality of Introduction and Conclusion,0.6015055060411121,[0.5 0.7],70.80745341614907
Accuracy and Completeness of Citations,0.34934930281043597,[0.25 0.47],64.28571428571429
Timeliness and Relevance of References,0.4568815097062563,[0.36 0.57],70.9090909090909
Avoidance of Plagiarism and Appropriate Citation,0.2771344489388556,[0.19 0.39],47.88732394366197
Critical Analysis of Existing Research,0.5944066693655572,[0.49 0.7 ],70.3030303030303
Proposal of New Research Directions or Questions,0.37871196169497273,[0.28 0.5 ],71.51515151515152
Potential Contribution to the Field,0.538862829684022,[0.44 0.65],69.87179487179486
Clarity of Research Method Description,0.6020384353568773,[0.5  0.71],72.72727272727273
Rationality of Method Selection,0.5924463027567769,[0.49 0.7 ],70.39473684210526
Rigor of Research Design,0.6177586089794468,[0.52 0.72],69.07894736842105
Inclusion of Latest Research Results,0.4863500150531902,[0.38 0.6 ],70.9090909090909
Reflection of Current Research Hotspots,0.5350129489403065,[0.43 0.65],70.9090909090909
Fluency of Language Expression,0.5839768307737235,[0.48 0.69],71.69811320754717
Appropriateness of Professional Terminology Use,0.5647490272507343,[0.46 0.67],70.70063694267516
Conciseness of Expression,0.5314066121734962,[0.43 0.64],73.33333333333333
Practical Application Potential of Research Results,0.5755180094486408,[0.47 0.68],71.51515151515152
Feasibility of Proposed Suggestions,0.5522820457124744,[0.45 0.66],71.51515151515152
Logic of Argumentation,0.6395496589047847,[0.54 0.74],70.06369426751591
Multi-angle Analysis of Problems,0.6284189830147717,[0.53 0.73],70.9090909090909
Identification and Discussion of Research Limitations,0.5856325691354741,[0.49 0.69],70.3030303030303
