Subcategory,ICC (Intraclass Correlation Coefficient),ICC 95% Confidence Interval,Transitivity Consistency Ratio (%)
Topic Relevance,0.5562755570094652,[0.45 0.67],78.62595419847328
Comprehensiveness of Information,0.7526257353041186,[0.67 0.83],82.05128205128204
Accuracy of Information,0.2177086837165397,[0.14 0.33],80.7017543859649
Innovativeness of Viewpoints,0.7734671141121963,[0.7  0.84],85.45454545454545
Integration of Interdisciplinary Perspectives,0.724154593248381,[0.64 0.8 ],83.63636363636363
Clarity of Logical Structure,0.6516247699019697,[0.56 0.75],83.63636363636363
Reasonableness of Chapter Arrangement,0.6650485774331002,[0.57 0.76],84.24242424242424
Quality of Introduction and Conclusion,0.6585379670974043,[0.57 0.75],83.63636363636363
Accuracy and Completeness of Citations,0.5269694638832263,[0.43 0.64],84.29752066115702
Timeliness and Relevance of References,0.6452445817449044,[0.55 0.74],81.81818181818183
Avoidance of Plagiarism and Appropriate Citation,0.2130904609794588,[0.14 0.32],86.48648648648648
Critical Analysis of Existing Research,0.7433769605606184,[0.66 0.82],85.45454545454545
Proposal of New Research Directions or Questions,0.6935679410589507,[0.61 0.78],83.03030303030303
Potential Contribution to the Field,0.7129065567151756,[0.63 0.8 ],83.03030303030303
Clarity of Research Method Description,0.6463583701015038,[0.55 0.74],82.42424242424242
Rationality of Method Selection,0.6500585053757124,[0.56 0.74],80.50314465408806
Rigor of Research Design,0.6369671691396278,[0.54 0.73],82.42424242424242
Inclusion of Latest Research Results,0.6670669788027306,[0.58 0.76],81.81818181818183
Reflection of Current Research Hotspots,0.6946535099563448,[0.61 0.78],81.81818181818183
Fluency of Language Expression,0.6558934926957803,[0.56 0.75],81.81818181818183
Appropriateness of Professional Terminology Use,0.6469107869333031,[0.55 0.74],84.24242424242424
Conciseness of Expression,0.6512832037345347,[0.56 0.75],84.24242424242424
Practical Application Potential of Research Results,0.7269487464588771,[0.64 0.81],83.03030303030303
Feasibility of Proposed Suggestions,0.6930290389766399,[0.6  0.78],82.80254777070064
Logic of Argumentation,0.6828544049046715,[0.59 0.77],81.0126582278481
Multi-angle Analysis of Problems,0.6762577483980712,[0.59 0.77],82.42424242424242
Identification and Discussion of Research Limitations,0.6496689811342693,[0.56 0.74],80.3921568627451
