Subcategory,ICC (Intraclass Correlation Coefficient),ICC 95% Confidence Interval,Transitivity Consistency Ratio (%)
Topic Relevance,0.4762240056646332,[0.37 0.59],62.745098039215684
Comprehensiveness of Information,0.6377890028448775,[0.54 0.73],77.57575757575758
Accuracy of Information,0.1836277701574921,[0.11 0.29],52.77777777777778
Innovativeness of Viewpoints,0.485789915090003,[0.38 0.6 ],73.33333333333333
Integration of Interdisciplinary Perspectives,0.5716442780723638,[0.47 0.68],74.84276729559748
Clarity of Logical Structure,0.5984859816067041,[0.5 0.7],81.81818181818183
Reasonableness of Chapter Arrangement,0.5423982845696768,[0.44 0.65],83.03030303030303
Quality of Introduction and Conclusion,0.5067799227432493,[0.4  0.62],81.81818181818183
Accuracy and Completeness of Citations,0.533577429653854,[0.43 0.65],75.60975609756098
Timeliness and Relevance of References,0.5632710265656741,[0.46 0.67],80.60606060606061
Avoidance of Plagiarism and Appropriate Citation,0.17016336649053043,[0.1  0.27],42.857142857142854
Critical Analysis of Existing Research,0.5015498863270036,[0.4  0.62],75.64102564102564
Proposal of New Research Directions or Questions,0.4873472964471146,[0.39 0.6 ],73.93939393939394
Potential Contribution to the Field,0.5265184884571407,[0.42 0.64],76.28205128205127
Clarity of Research Method Description,0.5600543107050059,[0.46 0.67],82.42424242424242
Rationality of Method Selection,0.5443442777793539,[0.44 0.65],81.21212121212122
Rigor of Research Design,0.5377611488400151,[0.44 0.65],81.81818181818183
Inclusion of Latest Research Results,0.5548048798760438,[0.45 0.66],80.60606060606061
Reflection of Current Research Hotspots,0.4977941525593849,[0.4  0.61],81.81818181818183
Fluency of Language Expression,0.46504945086283506,[0.36 0.58],80.0
Appropriateness of Professional Terminology Use,0.4229001746749056,[0.32 0.54],81.81818181818183
Conciseness of Expression,0.4160155754756814,[0.32 0.54],80.0
Practical Application Potential of Research Results,0.501161282632359,[0.4  0.62],76.36363636363637
Feasibility of Proposed Suggestions,0.4373183643282529,[0.34 0.56],74.0506329113924
Logic of Argumentation,0.5565469915362182,[0.46 0.67],81.13207547169812
Multi-angle Analysis of Problems,0.5358759550499205,[0.43 0.65],78.78787878787878
Identification and Discussion of Research Limitations,0.5216009251396327,[0.42 0.63],75.75757575757575
