Subcategory,ICC (Intraclass Correlation Coefficient),ICC 95% Confidence Interval,Transitivity Consistency Ratio (%)
Topic Relevance,0.44011032343858536,[0.34 0.56],68.0672268907563
Comprehensiveness of Information,0.6698005647041985,[0.58 0.76],75.47169811320755
Accuracy of Information,0.23698593737912574,[0.16 0.35],67.9245283018868
Innovativeness of Viewpoints,0.5219111280619675,[0.42 0.63],83.125
Integration of Interdisciplinary Perspectives,0.5610389123471363,[0.46 0.67],75.15151515151514
Clarity of Logical Structure,0.5413780598891327,[0.44 0.65],79.39393939393939
Reasonableness of Chapter Arrangement,0.5070917717540286,[0.4  0.62],80.60606060606061
Quality of Introduction and Conclusion,0.5242625777183926,[0.42 0.64],80.0
Accuracy and Completeness of Citations,0.4694041012009778,[0.37 0.59],65.09433962264151
Timeliness and Relevance of References,0.6248903325126893,[0.53 0.72],72.12121212121212
Avoidance of Plagiarism and Appropriate Citation,0.21394632327238683,[0.14 0.32],50.98039215686274
Critical Analysis of Existing Research,0.5492661407285895,[0.45 0.66],81.21212121212122
Proposal of New Research Directions or Questions,0.5071316706074187,[0.41 0.62],81.21212121212122
Potential Contribution to the Field,0.5626304189448365,[0.46 0.67],79.375
Clarity of Research Method Description,0.5991287714126875,[0.5 0.7],76.36363636363637
Rationality of Method Selection,0.62009140449764,[0.52 0.72],76.36363636363637
Rigor of Research Design,0.6257659387619033,[0.53 0.72],76.96969696969697
Inclusion of Latest Research Results,0.6362898138000294,[0.54 0.73],72.12121212121212
Reflection of Current Research Hotspots,0.5773706246523769,[0.48 0.68],71.51898734177216
Fluency of Language Expression,0.5596406898022593,[0.46 0.67],80.0
Appropriateness of Professional Terminology Use,0.5600700571389177,[0.46 0.67],81.21212121212122
Conciseness of Expression,0.5276817542266596,[0.43 0.64],78.78787878787878
Practical Application Potential of Research Results,0.5717270780299234,[0.47 0.68],77.9874213836478
Feasibility of Proposed Suggestions,0.5470006301840569,[0.45 0.66],80.0
Logic of Argumentation,0.5960621817657218,[0.5 0.7],77.5
Multi-angle Analysis of Problems,0.5529873536984543,[0.45 0.66],71.97452229299363
Identification and Discussion of Research Limitations,0.5610593788578663,[0.46 0.67],76.36363636363637
