Subcategory,ICC (Intraclass Correlation Coefficient),ICC 95% Confidence Interval,Transitivity Consistency Ratio (%)
Topic Relevance,0.5257198557758792,[0.42 0.64],64.54545454545455
Comprehensiveness of Information,0.789722989861991,[0.72 0.85],75.75757575757575
Accuracy of Information,0.34159790866759265,[0.25 0.46],61.25000000000001
Innovativeness of Viewpoints,0.6610305247555972,[0.57 0.75],75.15151515151514
Integration of Interdisciplinary Perspectives,0.6994207907660898,[0.61 0.78],73.93939393939394
Clarity of Logical Structure,0.7157711907282902,[0.63 0.8 ],73.93939393939394
Reasonableness of Chapter Arrangement,0.6997881237515742,[0.61 0.78],73.93939393939394
Quality of Introduction and Conclusion,0.6014136365751048,[0.5 0.7],72.72727272727273
Accuracy and Completeness of Citations,0.6208211869487511,[0.52 0.72],70.1923076923077
Timeliness and Relevance of References,0.7415600101353889,[0.66 0.82],75.15151515151514
Avoidance of Plagiarism and Appropriate Citation,0.33245907407395936,[0.24 0.45],54.54545454545454
Critical Analysis of Existing Research,0.641078391598483,[0.55 0.74],75.15151515151514
Proposal of New Research Directions or Questions,0.6365208072290066,[0.54 0.73],75.15151515151514
Potential Contribution to the Field,0.6672813211944519,[0.58 0.76],75.15151515151514
Clarity of Research Method Description,0.681600204437286,[0.59 0.77],75.79617834394905
Rationality of Method Selection,0.7036605999574052,[0.62 0.79],73.93939393939394
Rigor of Research Design,0.6974128358885411,[0.61 0.78],73.93939393939394
Inclusion of Latest Research Results,0.7415102877530251,[0.66 0.82],75.15151515151514
Reflection of Current Research Hotspots,0.7189544521375226,[0.63 0.8 ],75.15151515151514
Fluency of Language Expression,0.5576720952812978,[0.46 0.67],72.12121212121212
Appropriateness of Professional Terminology Use,0.632828735673295,[0.54 0.73],77.70700636942675
Conciseness of Expression,0.5776058248694794,[0.48 0.68],72.12121212121212
Practical Application Potential of Research Results,0.675905371399249,[0.59 0.77],75.15151515151514
Feasibility of Proposed Suggestions,0.6697983674479572,[0.58 0.76],75.15151515151514
Logic of Argumentation,0.6811174505137318,[0.59 0.77],73.33333333333333
Multi-angle Analysis of Problems,0.682698558890454,[0.59 0.77],73.93939393939394
Identification and Discussion of Research Limitations,0.6683152420654853,[0.58 0.76],73.33333333333333
