Subcategory,ICC (Intraclass Correlation Coefficient),ICC 95% Confidence Interval,Transitivity Consistency Ratio (%)
Topic Relevance,0.5644151843022189,[0.46 0.67],78.83211678832117
Comprehensiveness of Information,0.7321524141577328,[0.65 0.81],76.96969696969697
Accuracy of Information,0.3698778021003631,[0.27 0.49],59.25925925925925
Innovativeness of Viewpoints,0.5296022127696247,[0.43 0.64],78.2051282051282
Integration of Interdisciplinary Perspectives,0.5989489305682097,[0.5 0.7],72.43589743589743
Clarity of Logical Structure,0.7038974774302661,[0.62 0.79],83.03030303030303
Reasonableness of Chapter Arrangement,0.6901124479886019,[0.6  0.78],80.60606060606061
Quality of Introduction and Conclusion,0.47105702362836066,[0.37 0.59],83.63636363636363
Accuracy and Completeness of Citations,0.5165119742422415,[0.41 0.63],75.45454545454545
Timeliness and Relevance of References,0.6313795245105501,[0.54 0.73],75.15923566878982
Avoidance of Plagiarism and Appropriate Citation,0.1501691249833117,[0.08 0.25],64.28571428571429
Critical Analysis of Existing Research,0.5683512236782639,[0.47 0.68],79.39393939393939
Proposal of New Research Directions or Questions,0.47536532206596405,[0.37 0.59],81.21212121212122
Potential Contribution to the Field,0.5768401782515227,[0.48 0.68],78.18181818181819
Clarity of Research Method Description,0.5493368410273559,[0.45 0.66],75.15151515151514
Rationality of Method Selection,0.542762901608824,[0.44 0.65],73.93939393939394
Rigor of Research Design,0.5644796170562647,[0.46 0.67],75.15151515151514
Inclusion of Latest Research Results,0.6235550664133847,[0.53 0.72],75.15923566878982
Reflection of Current Research Hotspots,0.6609043546304896,[0.57 0.75],75.75757575757575
Fluency of Language Expression,0.5222374109268731,[0.42 0.63],81.21212121212122
Appropriateness of Professional Terminology Use,0.5813491874564596,[0.48 0.69],80.60606060606061
Conciseness of Expression,0.475307556355917,[0.37 0.59],80.60606060606061
Practical Application Potential of Research Results,0.4787039926223045,[0.38 0.6 ],78.343949044586
Feasibility of Proposed Suggestions,0.3649292754328154,[0.27 0.48],81.41025641025641
Logic of Argumentation,0.6113668093649723,[0.51 0.71],78.18181818181819
Multi-angle Analysis of Problems,0.5860324988197646,[0.49 0.69],76.96969696969697
Identification and Discussion of Research Limitations,0.49662890946808985,[0.39 0.61],76.96969696969697
