Subcategory,ICC (Intraclass Correlation Coefficient),ICC 95% Confidence Interval,Transitivity Consistency Ratio (%)
Topic Relevance,0.5166774414891214,[0.41 0.63],77.95275590551181
Comprehensiveness of Information,0.742803126690876,[0.66 0.82],83.03030303030303
Accuracy of Information,0.20576037083053372,[0.13 0.31],56.52173913043478
Innovativeness of Viewpoints,0.5618853297200617,[0.46 0.67],87.87878787878788
Integration of Interdisciplinary Perspectives,0.716450829885513,[0.63 0.8 ],81.81818181818183
Clarity of Logical Structure,0.6693885493990047,[0.58 0.76],84.84848484848484
Reasonableness of Chapter Arrangement,0.6515595837593557,[0.56 0.75],80.3680981595092
Quality of Introduction and Conclusion,0.6507658970110427,[0.56 0.75],80.50314465408806
Accuracy and Completeness of Citations,0.2581603012431988,[0.17 0.37],75.0
Timeliness and Relevance of References,0.45933183922837956,[0.36 0.58],79.39393939393939
Avoidance of Plagiarism and Appropriate Citation,0.08327873493529062,[0.03 0.16],66.66666666666666
Critical Analysis of Existing Research,0.6234910876824846,[0.53 0.72],83.63636363636363
Proposal of New Research Directions or Questions,0.47694080546708895,[0.37 0.59],84.24242424242424
Potential Contribution to the Field,0.5857686842040787,[0.49 0.69],84.84848484848484
Clarity of Research Method Description,0.6554204111014632,[0.56 0.75],84.24242424242424
Rationality of Method Selection,0.6565950173391372,[0.56 0.75],85.45454545454545
Rigor of Research Design,0.6398560118256854,[0.54 0.74],85.45454545454545
Inclusion of Latest Research Results,0.45279781073348724,[0.35 0.57],79.39393939393939
Reflection of Current Research Hotspots,0.6214331278687801,[0.52 0.72],83.03030303030303
Fluency of Language Expression,0.5979465946978911,[0.5 0.7],80.50314465408806
Appropriateness of Professional Terminology Use,0.621456456793026,[0.52 0.72],81.81818181818183
Conciseness of Expression,0.5689589586695316,[0.47 0.68],80.50314465408806
Practical Application Potential of Research Results,0.6045580226840579,[0.51 0.71],83.63636363636363
Feasibility of Proposed Suggestions,0.605039237137649,[0.51 0.71],83.63636363636363
Logic of Argumentation,0.6375620677311121,[0.54 0.73],82.16560509554141
Multi-angle Analysis of Problems,0.6779987809734427,[0.59 0.77],83.03030303030303
Identification and Discussion of Research Limitations,0.6623475526596591,[0.57 0.75],83.03030303030303
