Subcategory,ICC (Intraclass Correlation Coefficient),ICC 95% Confidence Interval,Transitivity Consistency Ratio (%)
Topic Relevance,0.3516239144765124,[0.26 0.47],66.66666666666666
Comprehensiveness of Information,0.729189131608898,[0.65 0.81],84.81012658227847
Accuracy of Information,0.23920014666765316,[0.16 0.35],31.57894736842105
Innovativeness of Viewpoints,0.6102759079366205,[0.51 0.71],83.97435897435898
Integration of Interdisciplinary Perspectives,0.7441914456772613,[0.66 0.82],81.81818181818183
Clarity of Logical Structure,0.6344356077765545,[0.54 0.73],83.63636363636363
Reasonableness of Chapter Arrangement,0.6594011378115014,[0.57 0.75],87.27272727272727
Quality of Introduction and Conclusion,0.6033019771264153,[0.51 0.71],82.42424242424242
Accuracy and Completeness of Citations,0.6689360096252134,[0.58 0.76],69.52380952380952
Timeliness and Relevance of References,0.7223522656531213,[0.64 0.8 ],83.03030303030303
Avoidance of Plagiarism and Appropriate Citation,0.21584685556323435,[0.14 0.32],37.5
Critical Analysis of Existing Research,0.7064813828050067,[0.62 0.79],84.24242424242424
Proposal of New Research Directions or Questions,0.5282136076231908,[0.43 0.64],80.37974683544303
Potential Contribution to the Field,0.6756518541069053,[0.59 0.77],81.21212121212122
Clarity of Research Method Description,0.6368453528217267,[0.54 0.73],84.84848484848484
Rationality of Method Selection,0.6472886732011646,[0.55 0.74],82.42424242424242
Rigor of Research Design,0.6523248774118598,[0.56 0.75],81.21212121212122
Inclusion of Latest Research Results,0.7323338670075356,[0.65 0.81],83.03030303030303
Reflection of Current Research Hotspots,0.7276086338713489,[0.65 0.81],81.21212121212122
Fluency of Language Expression,0.5414124092860136,[0.44 0.65],84.24242424242424
Appropriateness of Professional Terminology Use,0.5834297939383472,[0.48 0.69],83.64779874213836
Conciseness of Expression,0.5151671138833359,[0.41 0.63],86.06060606060606
Practical Application Potential of Research Results,0.6371703358466912,[0.54 0.73],81.21212121212122
Feasibility of Proposed Suggestions,0.5886436089721054,[0.49 0.69],84.0
Logic of Argumentation,0.6602160581550277,[0.57 0.75],89.171974522293
Multi-angle Analysis of Problems,0.7194221317584385,[0.64 0.8 ],81.21212121212122
Identification and Discussion of Research Limitations,0.6866454647354305,[0.6  0.77],81.81818181818183
