Subcategory,ICC (Intraclass Correlation Coefficient),ICC 95% Confidence Interval,Transitivity Consistency Ratio (%)
Topic Relevance,0.37622773229928796,[0.28 0.5 ],76.14678899082568
Comprehensiveness of Information,0.7042676192960559,[0.62 0.79],82.38993710691824
Accuracy of Information,0.16836785117073388,[0.1  0.27],48.93617021276596
Innovativeness of Viewpoints,0.6520859549065389,[0.56 0.75],80.60606060606061
Integration of Interdisciplinary Perspectives,0.6606700146549143,[0.57 0.75],81.21212121212122
Clarity of Logical Structure,0.6893605329204354,[0.6  0.78],78.18181818181819
Reasonableness of Chapter Arrangement,0.6730696075440855,[0.58 0.76],78.18181818181819
Quality of Introduction and Conclusion,0.6348873510005225,[0.54 0.73],78.18181818181819
Accuracy and Completeness of Citations,0.5426885451663679,[0.44 0.65],75.86206896551724
Timeliness and Relevance of References,0.6825400390844358,[0.59 0.77],83.03030303030303
Avoidance of Plagiarism and Appropriate Citation,0.17955425342680761,[0.11 0.28],46.42857142857143
Critical Analysis of Existing Research,0.6318661628655019,[0.54 0.73],83.03030303030303
Proposal of New Research Directions or Questions,0.6136919604038402,[0.52 0.71],78.125
Potential Contribution to the Field,0.6374037385387085,[0.54 0.73],78.75
Clarity of Research Method Description,0.6098393349143401,[0.51 0.71],83.125
Rationality of Method Selection,0.6123473278284453,[0.52 0.71],83.63636363636363
Rigor of Research Design,0.6162373590848806,[0.52 0.72],86.06060606060606
Inclusion of Latest Research Results,0.6507903584664931,[0.56 0.75],83.03030303030303
Reflection of Current Research Hotspots,0.65204294680849,[0.56 0.75],80.0
Fluency of Language Expression,0.6576226035913598,[0.56 0.75],80.60606060606061
Appropriateness of Professional Terminology Use,0.6194017323574832,[0.52 0.72],84.84848484848484
Conciseness of Expression,0.6397250420210754,[0.55 0.74],79.87421383647799
Practical Application Potential of Research Results,0.6171352705012522,[0.52 0.72],78.75
Feasibility of Proposed Suggestions,0.624149929578038,[0.53 0.72],78.75
Logic of Argumentation,0.6567491672429797,[0.56 0.75],79.39393939393939
Multi-angle Analysis of Problems,0.6572246219691007,[0.56 0.75],78.48101265822784
Identification and Discussion of Research Limitations,0.6291879070890902,[0.53 0.73],81.21212121212122
