Subcategory,ICC (Intraclass Correlation Coefficient),ICC 95% Confidence Interval,Transitivity Consistency Ratio (%)
Topic Relevance,0.36395006849119005,[0.27 0.48],72.99270072992701
Comprehensiveness of Information,0.6790373773905984,[0.59 0.77],79.39393939393939
Accuracy of Information,0.23695373214142684,[0.16 0.35],56.52173913043478
Innovativeness of Viewpoints,0.505064525002448,[0.4  0.62],74.54545454545455
Integration of Interdisciplinary Perspectives,0.6143214873945603,[0.52 0.72],79.39393939393939
Clarity of Logical Structure,0.5938745701230832,[0.5 0.7],74.54545454545455
Reasonableness of Chapter Arrangement,0.5879595878705881,[0.49 0.69],73.93939393939394
Quality of Introduction and Conclusion,0.5426787266106928,[0.44 0.65],73.33333333333333
Accuracy and Completeness of Citations,0.4784345440186129,[0.38 0.59],82.8125
Timeliness and Relevance of References,0.5051730093968704,[0.4  0.62],84.24242424242424
Avoidance of Plagiarism and Appropriate Citation,0.20475992141348587,[0.13 0.31],53.42465753424658
Critical Analysis of Existing Research,0.617374079712397,[0.52 0.72],76.36363636363637
Proposal of New Research Directions or Questions,0.41675925857793544,[0.32 0.54],74.54545454545455
Potential Contribution to the Field,0.5917180260888979,[0.49 0.7 ],76.36363636363637
Clarity of Research Method Description,0.5807149318507527,[0.48 0.69],75.75757575757575
Rationality of Method Selection,0.5832353726570871,[0.48 0.69],74.54545454545455
Rigor of Research Design,0.585649961670869,[0.49 0.69],75.75757575757575
Inclusion of Latest Research Results,0.5125582977223221,[0.41 0.63],84.24242424242424
Reflection of Current Research Hotspots,0.5381893597027944,[0.44 0.65],78.78787878787878
Fluency of Language Expression,0.5749832782653241,[0.48 0.68],74.54545454545455
Appropriateness of Professional Terminology Use,0.49229163278505,[0.39 0.61],75.0
Conciseness of Expression,0.5030178937909238,[0.4  0.62],73.24840764331209
Practical Application Potential of Research Results,0.5881644339652882,[0.49 0.69],76.36363636363637
Feasibility of Proposed Suggestions,0.5215213470285112,[0.42 0.63],73.93939393939394
Logic of Argumentation,0.5973732006946234,[0.5 0.7],75.75757575757575
Multi-angle Analysis of Problems,0.6056074209204497,[0.51 0.71],75.15151515151514
Identification and Discussion of Research Limitations,0.5896567381003789,[0.49 0.69],75.15151515151514
