Subcategory,ICC (Intraclass Correlation Coefficient),ICC 95% Confidence Interval,Transitivity Consistency Ratio (%)
Topic Relevance,0.5346646484612279,[0.43 0.65],73.28767123287672
Comprehensiveness of Information,0.7654622832432545,[0.69 0.84],75.75757575757575
Accuracy of Information,0.41293689073295015,[0.31 0.53],52.307692307692314
Innovativeness of Viewpoints,0.6437885078850614,[0.55 0.74],76.96969696969697
Integration of Interdisciplinary Perspectives,0.6332289716162474,[0.54 0.73],76.36363636363637
Clarity of Logical Structure,0.7480591666622086,[0.67 0.82],80.0
Reasonableness of Chapter Arrangement,0.7095173126502564,[0.62 0.79],78.18181818181819
Quality of Introduction and Conclusion,0.6738523505017702,[0.58 0.76],79.39393939393939
Accuracy and Completeness of Citations,0.5294161929342301,[0.43 0.64],65.04065040650406
Timeliness and Relevance of References,0.5662278505307833,[0.47 0.67],74.54545454545455
Avoidance of Plagiarism and Appropriate Citation,0.21510502119167013,[0.14 0.32],46.3768115942029
Critical Analysis of Existing Research,0.5518133890688974,[0.45 0.66],78.78787878787878
Proposal of New Research Directions or Questions,0.6179791757925557,[0.52 0.72],74.54545454545455
Potential Contribution to the Field,0.5355944256126405,[0.43 0.65],73.93939393939394
Clarity of Research Method Description,0.6608681256354078,[0.57 0.75],81.81818181818183
Rationality of Method Selection,0.6405839606454214,[0.55 0.74],76.5432098765432
Rigor of Research Design,0.6533341427890105,[0.56 0.75],80.0
Inclusion of Latest Research Results,0.586018983694567,[0.49 0.69],74.54545454545455
Reflection of Current Research Hotspots,0.5478797708681175,[0.45 0.66],74.52229299363057
Fluency of Language Expression,0.6780394984287683,[0.59 0.77],79.24528301886792
Appropriateness of Professional Terminology Use,0.6461521094052382,[0.55 0.74],79.39393939393939
Conciseness of Expression,0.648137922602185,[0.55 0.74],80.0
Practical Application Potential of Research Results,0.500204574629622,[0.4  0.62],72.67080745341616
Feasibility of Proposed Suggestions,0.4720763748738824,[0.37 0.59],74.54545454545455
Logic of Argumentation,0.6346355856254025,[0.54 0.73],75.15151515151514
Multi-angle Analysis of Problems,0.6120548893414702,[0.51 0.71],76.96969696969697
Identification and Discussion of Research Limitations,0.5512607672314063,[0.45 0.66],76.96969696969697
