Subcategory,ICC (Intraclass Correlation Coefficient),ICC 95% Confidence Interval,Transitivity Consistency Ratio (%)
Topic Relevance,0.5123264655240456,[0.41 0.63],57.49999999999999
Comprehensiveness of Information,0.7958204766912697,[0.73 0.86],69.6969696969697
Accuracy of Information,0.2810993878973229,[0.19 0.4 ],28.26086956521739
Innovativeness of Viewpoints,0.669013289099646,[0.58 0.76],71.51515151515152
Integration of Interdisciplinary Perspectives,0.74013880864227,[0.66 0.82],69.0909090909091
Clarity of Logical Structure,0.6894338462809102,[0.6  0.78],68.75
Reasonableness of Chapter Arrangement,0.7204502930520831,[0.64 0.8 ],70.3030303030303
Quality of Introduction and Conclusion,0.6423038215190076,[0.55 0.74],70.3030303030303
Accuracy and Completeness of Citations,0.5480150231837791,[0.45 0.66],59.4059405940594
Timeliness and Relevance of References,0.6612032860936935,[0.57 0.75],69.6969696969697
Avoidance of Plagiarism and Appropriate Citation,0.2633377425044092,[0.18 0.38],38.0
Critical Analysis of Existing Research,0.6699810449524338,[0.58 0.76],69.6969696969697
Proposal of New Research Directions or Questions,0.570366708716204,[0.47 0.68],71.51515151515152
Potential Contribution to the Field,0.6830695157212857,[0.59 0.77],69.6969696969697
Clarity of Research Method Description,0.6824914626088667,[0.59 0.77],69.56521739130434
Rationality of Method Selection,0.6956519421708737,[0.61 0.78],70.9090909090909
Rigor of Research Design,0.6626568994841647,[0.57 0.76],70.9090909090909
Inclusion of Latest Research Results,0.680293295924333,[0.59 0.77],69.6969696969697
Reflection of Current Research Hotspots,0.6863170254707165,[0.6  0.77],69.6969696969697
Fluency of Language Expression,0.6068564499995863,[0.51 0.71],68.75
Appropriateness of Professional Terminology Use,0.6334844765892583,[0.54 0.73],70.9090909090909
Conciseness of Expression,0.5838932862301752,[0.48 0.69],70.9090909090909
Practical Application Potential of Research Results,0.6571817844112043,[0.56 0.75],70.3030303030303
Feasibility of Proposed Suggestions,0.6393019018224642,[0.54 0.74],69.87179487179486
Logic of Argumentation,0.6638100125049305,[0.57 0.76],70.3030303030303
Multi-angle Analysis of Problems,0.698729448104737,[0.61 0.78],69.0909090909091
Identification and Discussion of Research Limitations,0.6462843705252455,[0.55 0.74],69.0909090909091
