Subcategory,ICC (Intraclass Correlation Coefficient),ICC 95% Confidence Interval,Transitivity Consistency Ratio (%)
Topic Relevance,0.524465257710642,[0.42 0.64],80.0
Comprehensiveness of Information,0.7183943023608597,[0.63 0.8 ],83.03030303030303
Accuracy of Information,0.4169471602392023,[0.32 0.54],66.19718309859155
Innovativeness of Viewpoints,0.55117904896944,[0.45 0.66],83.03030303030303
Integration of Interdisciplinary Perspectives,0.6690343026534182,[0.58 0.76],82.6923076923077
Clarity of Logical Structure,0.6681729192290473,[0.58 0.76],75.30864197530865
Reasonableness of Chapter Arrangement,0.6432556660409524,[0.55 0.74],76.96969696969697
Quality of Introduction and Conclusion,0.5960950206183333,[0.5 0.7],75.64102564102564
Accuracy and Completeness of Citations,0.5442016451113717,[0.44 0.65],74.82014388489209
Timeliness and Relevance of References,0.61382563005802,[0.52 0.71],83.03030303030303
Avoidance of Plagiarism and Appropriate Citation,0.2638448664200868,[0.18 0.38],69.01408450704226
Critical Analysis of Existing Research,0.5492583052673509,[0.45 0.66],83.63636363636363
Proposal of New Research Directions or Questions,0.48728228802784723,[0.39 0.6 ],80.60606060606061
Potential Contribution to the Field,0.568512360628203,[0.47 0.68],83.63636363636363
Clarity of Research Method Description,0.5961724763752426,[0.5 0.7],78.18181818181819
Rationality of Method Selection,0.5990868242246645,[0.5 0.7],81.81818181818183
Rigor of Research Design,0.5973978330773662,[0.5 0.7],79.39393939393939
Inclusion of Latest Research Results,0.6139524045723161,[0.52 0.71],83.03030303030303
Reflection of Current Research Hotspots,0.6087480045009824,[0.51 0.71],81.21212121212122
Fluency of Language Expression,0.5959144645888603,[0.5 0.7],76.96969696969697
Appropriateness of Professional Terminology Use,0.600089129642749,[0.5 0.7],80.0
Conciseness of Expression,0.5823805607456056,[0.48 0.69],78.18181818181819
Practical Application Potential of Research Results,0.595677005584227,[0.5 0.7],80.50314465408806
Feasibility of Proposed Suggestions,0.5158777166212596,[0.41 0.63],80.0
Logic of Argumentation,0.6331541738605351,[0.54 0.73],81.81818181818183
Multi-angle Analysis of Problems,0.6415330381857864,[0.55 0.74],81.98757763975155
Identification and Discussion of Research Limitations,0.5861083920022716,[0.49 0.69],83.54430379746836
