Subcategory,ICC (Intraclass Correlation Coefficient),ICC 95% Confidence Interval,Transitivity Consistency Ratio (%)
Topic Relevance,0.5376973479820377,[0.44 0.65],80.0
Comprehensiveness of Information,0.741896120415307,[0.66 0.82],80.60606060606061
Accuracy of Information,0.47473519429132965,[0.37 0.59],76.53061224489795
Innovativeness of Viewpoints,0.6744271883545838,[0.58 0.76],85.98726114649682
Integration of Interdisciplinary Perspectives,0.6410659875902232,[0.55 0.74],78.78787878787878
Clarity of Logical Structure,0.6897818555413534,[0.6  0.78],76.36363636363637
Reasonableness of Chapter Arrangement,0.6631710599372613,[0.57 0.76],76.36363636363637
Quality of Introduction and Conclusion,0.5987524384237746,[0.5 0.7],77.57575757575758
Accuracy and Completeness of Citations,0.5479370215686449,[0.45 0.66],76.97841726618705
Timeliness and Relevance of References,0.5984289897859075,[0.5 0.7],77.35849056603774
Avoidance of Plagiarism and Appropriate Citation,0.19675335807485692,[0.12 0.3 ],68.31683168316832
Critical Analysis of Existing Research,0.7005394904321317,[0.61 0.79],82.42424242424242
Proposal of New Research Directions or Questions,0.5732495148065392,[0.47 0.68],82.80254777070064
Potential Contribution to the Field,0.6770190168407034,[0.59 0.77],82.42424242424242
Clarity of Research Method Description,0.6072742520746772,[0.51 0.71],75.17241379310344
Rationality of Method Selection,0.6258465445195102,[0.53 0.72],75.17241379310344
Rigor of Research Design,0.6153260450502483,[0.52 0.72],78.0
Inclusion of Latest Research Results,0.6065720687079911,[0.51 0.71],77.35849056603774
Reflection of Current Research Hotspots,0.5742179842272068,[0.47 0.68],78.18181818181819
Fluency of Language Expression,0.5980939277547954,[0.5 0.7],77.57575757575758
Appropriateness of Professional Terminology Use,0.607482954865611,[0.51 0.71],80.60606060606061
Conciseness of Expression,0.6379081800469433,[0.54 0.73],76.36363636363637
Practical Application Potential of Research Results,0.6817532190427501,[0.59 0.77],83.03030303030303
Feasibility of Proposed Suggestions,0.6390739949194814,[0.54 0.74],83.03030303030303
Logic of Argumentation,0.6181248766219737,[0.52 0.72],76.96969696969697
Multi-angle Analysis of Problems,0.5956106496115418,[0.5 0.7],80.0
Identification and Discussion of Research Limitations,0.5879507009260241,[0.49 0.69],80.0
