Subcategory,ICC (Intraclass Correlation Coefficient),ICC 95% Confidence Interval,Transitivity Consistency Ratio (%)
Topic Relevance,0.5314428086957761,[0.43 0.64],78.50467289719626
Comprehensiveness of Information,0.826031122824626,[0.76 0.88],82.42424242424242
Accuracy of Information,0.2811010611851324,[0.19 0.4 ],61.111111111111114
Innovativeness of Viewpoints,0.8023062520415155,[0.74 0.86],84.24242424242424
Integration of Interdisciplinary Perspectives,0.7432728289072554,[0.66 0.82],81.81818181818183
Clarity of Logical Structure,0.7432802948579648,[0.66 0.82],81.81818181818183
Reasonableness of Chapter Arrangement,0.753809960529249,[0.68 0.83],81.52866242038218
Quality of Introduction and Conclusion,0.7349434552901013,[0.65 0.81],81.21212121212122
Accuracy and Completeness of Citations,0.606630722547628,[0.51 0.71],84.87394957983193
Timeliness and Relevance of References,0.6925429134538815,[0.6  0.78],83.63636363636363
Avoidance of Plagiarism and Appropriate Citation,0.2594425959072826,[0.17 0.37],75.60975609756098
Critical Analysis of Existing Research,0.7738811760641349,[0.7  0.84],84.24242424242424
Proposal of New Research Directions or Questions,0.7054556491631523,[0.62 0.79],86.06060606060606
Potential Contribution to the Field,0.7543950012685042,[0.68 0.83],85.25641025641025
Clarity of Research Method Description,0.6760605510104364,[0.59 0.77],83.22147651006712
Rationality of Method Selection,0.6823777530973045,[0.59 0.77],80.89171974522293
Rigor of Research Design,0.6807285965812948,[0.59 0.77],81.11888111888112
Inclusion of Latest Research Results,0.6911269680239159,[0.6  0.78],83.63636363636363
Reflection of Current Research Hotspots,0.7133430155650603,[0.63 0.8 ],81.0126582278481
Fluency of Language Expression,0.6845629326199542,[0.6  0.77],80.89171974522293
Appropriateness of Professional Terminology Use,0.7015965327793486,[0.61 0.79],81.81818181818183
Conciseness of Expression,0.6827569009601202,[0.59 0.77],82.42424242424242
Practical Application Potential of Research Results,0.6967405319090327,[0.61 0.78],85.98726114649682
Feasibility of Proposed Suggestions,0.6699594681155112,[0.58 0.76],85.98726114649682
Logic of Argumentation,0.7196352807113608,[0.64 0.8 ],81.64556962025317
Multi-angle Analysis of Problems,0.7070072327965478,[0.62 0.79],81.0126582278481
Identification and Discussion of Research Limitations,0.6760763822300195,[0.59 0.77],83.01886792452831
