Subcategory,ICC (Intraclass Correlation Coefficient),ICC 95% Confidence Interval,Transitivity Consistency Ratio (%)
Topic Relevance,0.6247582287614909,[0.53 0.72],71.91780821917808
Comprehensiveness of Information,0.7909334181853397,[0.72 0.86],75.15151515151514
Accuracy of Information,0.348290431108677,[0.25 0.47],56.79012345679012
Innovativeness of Viewpoints,0.681551312151499,[0.59 0.77],71.3375796178344
Integration of Interdisciplinary Perspectives,0.7098369199146886,[0.61 0.8 ],73.33333333333333
Clarity of Logical Structure,0.663037192158563,[0.57 0.76],78.18181818181819
Reasonableness of Chapter Arrangement,0.6581541355557025,[0.56 0.75],78.78787878787878
Quality of Introduction and Conclusion,0.6286666947318501,[0.53 0.73],80.60606060606061
Accuracy and Completeness of Citations,0.6807460359111851,[0.59 0.77],66.9172932330827
Timeliness and Relevance of References,0.6799589747346638,[0.58 0.77],73.41772151898735
Avoidance of Plagiarism and Appropriate Citation,0.2960063672376681,[0.21 0.41],56.17977528089888
Critical Analysis of Existing Research,0.7160521308053942,[0.63 0.8 ],76.96969696969697
Proposal of New Research Directions or Questions,0.5232000011447072,[0.42 0.64],71.875
Potential Contribution to the Field,0.6939248575468834,[0.6  0.78],74.54545454545455
Clarity of Research Method Description,0.6812827354907681,[0.59 0.77],75.75757575757575
Rationality of Method Selection,0.6826532439200406,[0.59 0.77],75.75757575757575
Rigor of Research Design,0.6622787215414999,[0.57 0.76],75.75757575757575
Inclusion of Latest Research Results,0.6892969775270491,[0.59 0.78],73.41772151898735
Reflection of Current Research Hotspots,0.6415602762806517,[0.53 0.74],73.41772151898735
Fluency of Language Expression,0.6082545312246548,[0.51 0.71],78.18181818181819
Appropriateness of Professional Terminology Use,0.6230314361734495,[0.53 0.72],76.96969696969697
Conciseness of Expression,0.5823014870249781,[0.48 0.69],78.18181818181819
Practical Application Potential of Research Results,0.6583174452476366,[0.56 0.75],76.96969696969697
Feasibility of Proposed Suggestions,0.5713917212869816,[0.47 0.68],76.96969696969697
Logic of Argumentation,0.6286543736124167,[0.53 0.73],78.78787878787878
Multi-angle Analysis of Problems,0.6857899639016575,[0.59 0.78],73.93939393939394
Identification and Discussion of Research Limitations,0.6702829900535738,[0.58 0.76],73.93939393939394
