Subcategory,ICC (Intraclass Correlation Coefficient),ICC 95% Confidence Interval,Transitivity Consistency Ratio (%)
Topic Relevance,0.5806423833441483,[0.48 0.69],76.15894039735099
Comprehensiveness of Information,0.7748657047803946,[0.7  0.84],79.39393939393939
Accuracy of Information,0.33881877257326987,[0.24 0.46],64.70588235294117
Innovativeness of Viewpoints,0.7090357133259358,[0.62 0.79],79.39393939393939
Integration of Interdisciplinary Perspectives,0.7284717831647833,[0.65 0.81],81.21212121212122
Clarity of Logical Structure,0.72377761010074,[0.64 0.8 ],82.42424242424242
Reasonableness of Chapter Arrangement,0.7035917718090703,[0.62 0.79],82.42424242424242
Quality of Introduction and Conclusion,0.5826047374962169,[0.48 0.69],80.0
Accuracy and Completeness of Citations,0.6695821194549112,[0.58 0.76],76.55172413793103
Timeliness and Relevance of References,0.7261020721202455,[0.64 0.81],81.21212121212122
Avoidance of Plagiarism and Appropriate Citation,0.29046094363559466,[0.2  0.41],63.63636363636363
Critical Analysis of Existing Research,0.6748004826866572,[0.58 0.76],80.60606060606061
Proposal of New Research Directions or Questions,0.6048571433496703,[0.51 0.71],75.77639751552795
Potential Contribution to the Field,0.6806681450228393,[0.59 0.77],80.60606060606061
Clarity of Research Method Description,0.6481085194322427,[0.55 0.74],75.75757575757575
Rationality of Method Selection,0.6333031514738634,[0.54 0.73],78.2051282051282
Rigor of Research Design,0.6304960014026749,[0.53 0.73],78.2051282051282
Inclusion of Latest Research Results,0.7047492342050001,[0.62 0.79],81.21212121212122
Reflection of Current Research Hotspots,0.693786763099577,[0.61 0.78],79.11392405063292
Fluency of Language Expression,0.6097766398275108,[0.51 0.71],80.60606060606061
Appropriateness of Professional Terminology Use,0.6356252673691177,[0.54 0.73],77.84810126582279
Conciseness of Expression,0.5765498942650062,[0.48 0.68],80.60606060606061
Practical Application Potential of Research Results,0.6813451564708282,[0.59 0.77],80.60606060606061
Feasibility of Proposed Suggestions,0.6611999752269966,[0.57 0.75],79.39393939393939
Logic of Argumentation,0.6988801883317884,[0.61 0.78],75.31645569620254
Multi-angle Analysis of Problems,0.7012025997997806,[0.61 0.79],80.0
Identification and Discussion of Research Limitations,0.641468626056955,[0.55 0.74],77.57575757575758
