Subcategory,ICC (Intraclass Correlation Coefficient),ICC 95% Confidence Interval,Transitivity Consistency Ratio (%)
Topic Relevance,0.46149039787401364,[0.36 0.58],63.793103448275865
Comprehensiveness of Information,0.7547060348339153,[0.68 0.83],76.36363636363637
Accuracy of Information,0.2724615461554367,[0.19 0.39],46.15384615384615
Innovativeness of Viewpoints,0.704092448438156,[0.62 0.79],85.45454545454545
Integration of Interdisciplinary Perspectives,0.6652360876349949,[0.57 0.76],76.36363636363637
Clarity of Logical Structure,0.6783056954182763,[0.59 0.77],72.72727272727273
Reasonableness of Chapter Arrangement,0.663056636012379,[0.57 0.76],72.72727272727273
Quality of Introduction and Conclusion,0.5032130720345632,[0.4  0.62],71.51515151515152
Accuracy and Completeness of Citations,0.613398060896563,[0.52 0.71],71.68141592920354
Timeliness and Relevance of References,0.6338108746410913,[0.54 0.73],76.36363636363637
Avoidance of Plagiarism and Appropriate Citation,0.2656205866621794,[0.18 0.38],49.122807017543856
Critical Analysis of Existing Research,0.6683964738859167,[0.58 0.76],79.39393939393939
Proposal of New Research Directions or Questions,0.632044711687204,[0.54 0.73],85.45454545454545
Potential Contribution to the Field,0.6772824228680764,[0.59 0.77],76.96969696969697
Clarity of Research Method Description,0.6544810559562539,[0.56 0.75],76.36363636363637
Rationality of Method Selection,0.6594168422604858,[0.57 0.75],76.36363636363637
Rigor of Research Design,0.6540813333917639,[0.56 0.75],73.93939393939394
Inclusion of Latest Research Results,0.641175454111003,[0.55 0.74],76.36363636363637
Reflection of Current Research Hotspots,0.6820892443632287,[0.59 0.77],76.36363636363637
Fluency of Language Expression,0.6196143582307865,[0.52 0.72],72.72727272727273
Appropriateness of Professional Terminology Use,0.6652105509402128,[0.57 0.76],76.36363636363637
Conciseness of Expression,0.563043627439406,[0.46 0.67],72.72727272727273
Practical Application Potential of Research Results,0.649729598826819,[0.56 0.74],79.39393939393939
Feasibility of Proposed Suggestions,0.5762512242564776,[0.48 0.68],76.96969696969697
Logic of Argumentation,0.6262988248225798,[0.53 0.73],71.51515151515152
Multi-angle Analysis of Problems,0.6711986561693419,[0.58 0.76],76.36363636363637
Identification and Discussion of Research Limitations,0.587129834866962,[0.49 0.69],76.36363636363637
