Subcategory,ICC (Intraclass Correlation Coefficient),ICC 95% Confidence Interval,Transitivity Consistency Ratio (%)
Topic Relevance,0.5082548290433142,[0.41 0.62],73.61111111111111
Comprehensiveness of Information,0.7581450682445191,[0.68 0.83],80.0
Accuracy of Information,0.2574174404508478,[0.17 0.37],62.35294117647059
Innovativeness of Viewpoints,0.637017309293249,[0.54 0.73],78.78787878787878
Integration of Interdisciplinary Perspectives,0.7246906199657154,[0.64 0.8 ],80.0
Clarity of Logical Structure,0.7536504215824938,[0.67 0.83],80.0
Reasonableness of Chapter Arrangement,0.7300887112862805,[0.65 0.81],81.81818181818183
Quality of Introduction and Conclusion,0.7174657194001963,[0.63 0.8 ],79.61783439490446
Accuracy and Completeness of Citations,0.5977656498987493,[0.5 0.7],78.61635220125787
Timeliness and Relevance of References,0.6983533630830223,[0.61 0.78],78.343949044586
Avoidance of Plagiarism and Appropriate Citation,0.30579326087063013,[0.22 0.42],70.24793388429752
Critical Analysis of Existing Research,0.7579058338000411,[0.68 0.83],77.57575757575758
Proposal of New Research Directions or Questions,0.5268747890811666,[0.43 0.64],78.78787878787878
Potential Contribution to the Field,0.7112406673581357,[0.63 0.79],77.57575757575758
Clarity of Research Method Description,0.6969614819070956,[0.61 0.78],81.21212121212122
Rationality of Method Selection,0.6965619625335939,[0.61 0.78],80.89171974522293
Rigor of Research Design,0.6963676158636457,[0.61 0.78],81.21212121212122
Inclusion of Latest Research Results,0.7078369376049298,[0.62 0.79],77.57575757575758
Reflection of Current Research Hotspots,0.6737516081706889,[0.58 0.76],76.96969696969697
Fluency of Language Expression,0.6774839831552144,[0.59 0.77],81.21212121212122
Appropriateness of Professional Terminology Use,0.6966316459431218,[0.61 0.78],82.42424242424242
Conciseness of Expression,0.6584622474157016,[0.57 0.75],84.24242424242424
Practical Application Potential of Research Results,0.6919882917985455,[0.6  0.78],79.39393939393939
Feasibility of Proposed Suggestions,0.6814063951124281,[0.59 0.77],77.57575757575758
Logic of Argumentation,0.7255603666103708,[0.64 0.81],81.81818181818183
Multi-angle Analysis of Problems,0.7047953746193634,[0.62 0.79],80.0
Identification and Discussion of Research Limitations,0.682898100219849,[0.59 0.77],80.0
