Subcategory,ICC (Intraclass Correlation Coefficient),ICC 95% Confidence Interval,Transitivity Consistency Ratio (%)
Topic Relevance,0.5870977887612131,[0.49 0.69],80.13245033112582
Comprehensiveness of Information,0.7811216086115611,[0.71 0.85],80.60606060606061
Accuracy of Information,0.3272060938193413,[0.23 0.45],60.810810810810814
Innovativeness of Viewpoints,0.6814984656329238,[0.59 0.77],75.15151515151514
Integration of Interdisciplinary Perspectives,0.7034455477257073,[0.62 0.79],80.0
Clarity of Logical Structure,0.7102664173016074,[0.62 0.79],78.18181818181819
Reasonableness of Chapter Arrangement,0.6910698995287426,[0.6  0.78],79.39393939393939
Quality of Introduction and Conclusion,0.646319592927647,[0.55 0.74],79.39393939393939
Accuracy and Completeness of Citations,0.6174860013547698,[0.52 0.72],70.8955223880597
Timeliness and Relevance of References,0.6818953771197239,[0.59 0.77],76.36363636363637
Avoidance of Plagiarism and Appropriate Citation,0.32911232155190295,[0.24 0.45],59.59595959595959
Critical Analysis of Existing Research,0.6910721396269224,[0.6  0.78],75.15151515151514
Proposal of New Research Directions or Questions,0.5722497947859153,[0.47 0.68],74.54545454545455
Potential Contribution to the Field,0.6518318644826563,[0.56 0.75],75.15151515151514
Clarity of Research Method Description,0.68596773727854,[0.6  0.77],76.07361963190185
Rationality of Method Selection,0.6665306447074973,[0.57 0.76],76.07361963190185
Rigor of Research Design,0.6400143095481856,[0.55 0.74],76.07361963190185
Inclusion of Latest Research Results,0.6665366677836851,[0.57 0.76],76.36363636363637
Reflection of Current Research Hotspots,0.6368374775519112,[0.54 0.73],77.01863354037268
Fluency of Language Expression,0.6538878590496935,[0.56 0.75],79.39393939393939
Appropriateness of Professional Terminology Use,0.594627021111678,[0.5 0.7],80.60606060606061
Conciseness of Expression,0.6263353909742044,[0.53 0.73],78.78787878787878
Practical Application Potential of Research Results,0.6270997195841593,[0.53 0.73],75.15151515151514
Feasibility of Proposed Suggestions,0.614916568662835,[0.52 0.72],75.15151515151514
Logic of Argumentation,0.6458987782327589,[0.55 0.74],78.18181818181819
Multi-angle Analysis of Problems,0.6447720932101263,[0.55 0.74],79.39393939393939
Identification and Discussion of Research Limitations,0.617909102087721,[0.52 0.72],75.75757575757575
