Subcategory,ICC (Intraclass Correlation Coefficient),ICC 95% Confidence Interval,Transitivity Consistency Ratio (%)
Topic Relevance,0.5143774502016448,[0.41 0.63],75.9493670886076
Comprehensiveness of Information,0.7515100390991916,[0.67 0.83],75.15151515151514
Accuracy of Information,0.3553839471727559,[0.26 0.47],67.70833333333334
Innovativeness of Viewpoints,0.6303478029999239,[0.53 0.73],73.33333333333333
Integration of Interdisciplinary Perspectives,0.6562928798808975,[0.56 0.75],78.78787878787878
Clarity of Logical Structure,0.5737550298345655,[0.47 0.68],73.29192546583852
Reasonableness of Chapter Arrangement,0.56699235561089,[0.47 0.67],73.58490566037736
Quality of Introduction and Conclusion,0.47750892617887125,[0.38 0.59],74.54545454545455
Accuracy and Completeness of Citations,0.4726190404824564,[0.37 0.59],72.46376811594203
Timeliness and Relevance of References,0.6117829919307216,[0.51 0.71],75.15151515151514
Avoidance of Plagiarism and Appropriate Citation,0.315809552412048,[0.22 0.43],69.31818181818183
Critical Analysis of Existing Research,0.6037067634320673,[0.51 0.71],73.33333333333333
Proposal of New Research Directions or Questions,0.5249086452963178,[0.42 0.64],73.33333333333333
Potential Contribution to the Field,0.598998337582204,[0.5 0.7],75.15151515151514
Clarity of Research Method Description,0.6065721542364079,[0.51 0.71],71.42857142857143
Rationality of Method Selection,0.5834582666810754,[0.48 0.69],71.42857142857143
Rigor of Research Design,0.581852128777402,[0.48 0.69],72.72727272727273
Inclusion of Latest Research Results,0.6118530285703349,[0.51 0.71],74.0506329113924
Reflection of Current Research Hotspots,0.6025696884774588,[0.5  0.71],75.75757575757575
Fluency of Language Expression,0.471824750032593,[0.37 0.59],73.29192546583852
Appropriateness of Professional Terminology Use,0.531137645798308,[0.43 0.64],75.15151515151514
Conciseness of Expression,0.49167540201965465,[0.39 0.61],74.54545454545455
Practical Application Potential of Research Results,0.601398103765074,[0.5 0.7],75.15151515151514
Feasibility of Proposed Suggestions,0.5834331236811904,[0.48 0.69],73.93939393939394
Logic of Argumentation,0.6009122454212086,[0.5 0.7],74.54545454545455
Multi-angle Analysis of Problems,0.6126411023825307,[0.52 0.71],78.78787878787878
Identification and Discussion of Research Limitations,0.5860424441308133,[0.49 0.69],73.33333333333333
