Subcategory,ICC (Intraclass Correlation Coefficient),ICC 95% Confidence Interval,Transitivity Consistency Ratio (%)
Topic Relevance,0.40235732454411915,[0.3  0.52],63.04347826086957
Comprehensiveness of Information,0.6974041233547416,[0.61 0.78],71.51515151515152
Accuracy of Information,0.4135180510190709,[0.31 0.53],33.33333333333333
Innovativeness of Viewpoints,0.5650431858088139,[0.46 0.67],70.3030303030303
Integration of Interdisciplinary Perspectives,0.6279297664217625,[0.53 0.73],71.51515151515152
Clarity of Logical Structure,0.569397730608965,[0.47 0.68],75.15151515151514
Reasonableness of Chapter Arrangement,0.5701817697287334,[0.47 0.68],72.61146496815286
Quality of Introduction and Conclusion,0.5814908631144009,[0.48 0.69],73.33333333333333
Accuracy and Completeness of Citations,0.4538369034727941,[0.35 0.57],61.855670103092784
Timeliness and Relevance of References,0.6006357304104781,[0.5 0.7],70.9090909090909
Avoidance of Plagiarism and Appropriate Citation,0.3195592123503041,[0.23 0.44],47.16981132075472
Critical Analysis of Existing Research,0.5585464948666365,[0.46 0.67],71.51515151515152
Proposal of New Research Directions or Questions,0.5894577598298546,[0.49 0.69],70.3030303030303
Potential Contribution to the Field,0.6016948047226125,[0.5 0.7],70.9090909090909
Clarity of Research Method Description,0.5559061562097755,[0.45 0.67],71.51515151515152
Rationality of Method Selection,0.5982503309937003,[0.5 0.7],70.9090909090909
Rigor of Research Design,0.5767141291403142,[0.48 0.68],71.51515151515152
Inclusion of Latest Research Results,0.5964921016801089,[0.5 0.7],70.9090909090909
Reflection of Current Research Hotspots,0.6269015151577472,[0.53 0.73],73.33333333333333
Fluency of Language Expression,0.5447740364971484,[0.44 0.66],73.33333333333333
Appropriateness of Professional Terminology Use,0.5402778229610592,[0.44 0.65],71.3375796178344
Conciseness of Expression,0.5603611816603904,[0.46 0.67],73.33333333333333
Practical Application Potential of Research Results,0.5882966704141563,[0.49 0.69],70.9090909090909
Feasibility of Proposed Suggestions,0.5924915439457203,[0.49 0.7 ],70.3030303030303
Logic of Argumentation,0.5787841056058509,[0.48 0.68],73.33333333333333
Multi-angle Analysis of Problems,0.6343586829202601,[0.54 0.73],73.33333333333333
Identification and Discussion of Research Limitations,0.6214613013735333,[0.53 0.72],73.33333333333333
