Subcategory,ICC (Intraclass Correlation Coefficient),ICC 95% Confidence Interval,Transitivity Consistency Ratio (%)
Topic Relevance,0.5018335310215954,[0.4  0.62],78.91156462585033
Comprehensiveness of Information,0.7109557390805484,[0.63 0.79],79.39393939393939
Accuracy of Information,0.19961258622318828,[0.12 0.3 ],55.714285714285715
Innovativeness of Viewpoints,0.5329401532974407,[0.43 0.64],79.39393939393939
Integration of Interdisciplinary Perspectives,0.5795259895075392,[0.48 0.69],79.39393939393939
Clarity of Logical Structure,0.6412822322591402,[0.55 0.74],82.05128205128204
Reasonableness of Chapter Arrangement,0.632239283574631,[0.54 0.73],81.21212121212122
Quality of Introduction and Conclusion,0.6080294238872076,[0.51 0.71],82.42424242424242
Accuracy and Completeness of Citations,0.5304912783979935,[0.43 0.64],64.22018348623854
Timeliness and Relevance of References,0.6751292746083888,[0.58 0.77],79.39393939393939
Avoidance of Plagiarism and Appropriate Citation,0.2013745046887262,[0.13 0.31],58.22784810126582
Critical Analysis of Existing Research,0.5536314411446552,[0.45 0.66],78.2051282051282
Proposal of New Research Directions or Questions,0.4771243126974496,[0.38 0.59],75.15151515151514
Potential Contribution to the Field,0.5537935601518004,[0.45 0.66],80.60606060606061
Clarity of Research Method Description,0.5143048339986755,[0.41 0.63],75.77639751552795
Rationality of Method Selection,0.5109221378936037,[0.41 0.62],78.26086956521739
Rigor of Research Design,0.5158475780147815,[0.41 0.63],76.3975155279503
Inclusion of Latest Research Results,0.6722968581051021,[0.58 0.76],79.39393939393939
Reflection of Current Research Hotspots,0.5990684730023002,[0.5 0.7],80.60606060606061
Fluency of Language Expression,0.604013034353684,[0.51 0.71],82.42424242424242
Appropriateness of Professional Terminology Use,0.5283282677487576,[0.43 0.64],77.56410256410257
Conciseness of Expression,0.5803695238016859,[0.48 0.69],81.21212121212122
Practical Application Potential of Research Results,0.4663211431270913,[0.36 0.58],79.48717948717949
Feasibility of Proposed Suggestions,0.44652409057959674,[0.35 0.56],77.85234899328859
Logic of Argumentation,0.6003293819086777,[0.5 0.7],81.21212121212122
Multi-angle Analysis of Problems,0.5763675292966985,[0.48 0.68],76.875
Identification and Discussion of Research Limitations,0.5172651066531455,[0.42 0.63],76.36363636363637
