Subcategory,ICC (Intraclass Correlation Coefficient),ICC 95% Confidence Interval,Transitivity Consistency Ratio (%)
Topic Relevance,0.44815172926738556,[0.35 0.57],71.81208053691275
Comprehensiveness of Information,0.7890850623801181,[0.72 0.85],74.54545454545455
Accuracy of Information,0.1595188582497722,[0.09 0.26],43.93939393939394
Innovativeness of Viewpoints,0.7722705366176744,[0.7  0.84],76.36363636363637
Integration of Interdisciplinary Perspectives,0.7506074956486358,[0.67 0.82],72.12121212121212
Clarity of Logical Structure,0.7752181945609635,[0.7  0.84],75.75757575757575
Reasonableness of Chapter Arrangement,0.7650212985520652,[0.69 0.84],75.75757575757575
Quality of Introduction and Conclusion,0.7318441353113506,[0.65 0.81],75.75757575757575
Accuracy and Completeness of Citations,0.5590994860834395,[0.46 0.67],66.98113207547169
Timeliness and Relevance of References,0.7381596664953586,[0.66 0.81],72.12121212121212
Avoidance of Plagiarism and Appropriate Citation,0.25647793278546216,[0.17 0.37],52.23880597014925
Critical Analysis of Existing Research,0.743369844152495,[0.66 0.82],76.36363636363637
Proposal of New Research Directions or Questions,0.7417724752899547,[0.66 0.82],76.36363636363637
Potential Contribution to the Field,0.7534255653840906,[0.68 0.83],76.96969696969697
Clarity of Research Method Description,0.7042389947684764,[0.62 0.79],74.54545454545455
Rationality of Method Selection,0.7101945122895544,[0.62 0.79],74.54545454545455
Rigor of Research Design,0.7031340635069929,[0.62 0.79],73.75
Inclusion of Latest Research Results,0.7391717600565276,[0.66 0.82],72.12121212121212
Reflection of Current Research Hotspots,0.7471678632879454,[0.67 0.82],72.12121212121212
Fluency of Language Expression,0.6997728382657238,[0.61 0.78],75.75757575757575
Appropriateness of Professional Terminology Use,0.6797408133957137,[0.59 0.77],76.96969696969697
Conciseness of Expression,0.7048181519401021,[0.62 0.79],75.75757575757575
Practical Application Potential of Research Results,0.7270213599319856,[0.64 0.81],76.96969696969697
Feasibility of Proposed Suggestions,0.7185265016676525,[0.63 0.8 ],76.96969696969697
Logic of Argumentation,0.719219187771902,[0.64 0.8 ],75.75757575757575
Multi-angle Analysis of Problems,0.7200564383614297,[0.64 0.8 ],72.12121212121212
Identification and Discussion of Research Limitations,0.718480649048803,[0.63 0.8 ],73.93939393939394
