Subcategory,ICC (Intraclass Correlation Coefficient),ICC 95% Confidence Interval,Transitivity Consistency Ratio (%)
Topic Relevance,0.5025082507146714,[0.4  0.62],59.375
Comprehensiveness of Information,0.7886622455067427,[0.72 0.85],78.78787878787878
Accuracy of Information,0.16733638297576509,[0.1  0.27],36.666666666666664
Innovativeness of Viewpoints,0.7423665694036826,[0.66 0.82],78.78787878787878
Integration of Interdisciplinary Perspectives,0.7239825200214675,[0.64 0.8 ],76.36363636363637
Clarity of Logical Structure,0.6303056699059367,[0.53 0.73],76.96969696969697
Reasonableness of Chapter Arrangement,0.6568242173446204,[0.56 0.75],74.54545454545455
Quality of Introduction and Conclusion,0.628117423830973,[0.53 0.73],76.96969696969697
Accuracy and Completeness of Citations,0.4917656406583283,[0.39 0.61],67.90123456790124
Timeliness and Relevance of References,0.6607684239463487,[0.57 0.75],78.18181818181819
Avoidance of Plagiarism and Appropriate Citation,0.1576689432680096,[0.09 0.26],51.35135135135135
Critical Analysis of Existing Research,0.7216392155424025,[0.64 0.8 ],78.78787878787878
Proposal of New Research Directions or Questions,0.5471224695877476,[0.45 0.66],78.18181818181819
Potential Contribution to the Field,0.7063675914357758,[0.62 0.79],78.78787878787878
Clarity of Research Method Description,0.6174949919386431,[0.52 0.72],78.78787878787878
Rationality of Method Selection,0.6389237545357036,[0.54 0.74],78.18181818181819
Rigor of Research Design,0.6369514095101434,[0.54 0.73],78.78787878787878
Inclusion of Latest Research Results,0.6522942004140095,[0.56 0.75],78.18181818181819
Reflection of Current Research Hotspots,0.7024970693649077,[0.62 0.79],76.28205128205127
Fluency of Language Expression,0.5389739576786187,[0.44 0.65],76.96969696969697
Appropriateness of Professional Terminology Use,0.5598201453403775,[0.46 0.67],78.18181818181819
Conciseness of Expression,0.53360396826565,[0.43 0.65],76.36363636363637
Practical Application Potential of Research Results,0.6162536599738506,[0.52 0.72],78.18181818181819
Feasibility of Proposed Suggestions,0.5631937162194023,[0.46 0.67],78.18181818181819
Logic of Argumentation,0.6536828329745129,[0.56 0.75],76.36363636363637
Multi-angle Analysis of Problems,0.6856867094989773,[0.6  0.77],76.36363636363637
Identification and Discussion of Research Limitations,0.6498670212765958,[0.56 0.74],78.18181818181819
