Subcategory,ICC (Intraclass Correlation Coefficient),ICC 95% Confidence Interval,Transitivity Consistency Ratio (%)
Topic Relevance,0.5508106861843162,[0.45 0.66],65.42056074766354
Comprehensiveness of Information,0.7986362621408444,[0.73 0.86],75.64102564102564
Accuracy of Information,0.4910501420302122,[0.39 0.61],58.46153846153847
Innovativeness of Viewpoints,0.7075018305726325,[0.62 0.79],79.39393939393939
Integration of Interdisciplinary Perspectives,0.7407995623554797,[0.66 0.82],73.93939393939394
Clarity of Logical Structure,0.7224491300586112,[0.64 0.8 ],78.18181818181819
Reasonableness of Chapter Arrangement,0.6689283863535483,[0.58 0.76],78.18181818181819
Quality of Introduction and Conclusion,0.5838671283162509,[0.48 0.69],77.56410256410257
Accuracy and Completeness of Citations,0.7139799337606321,[0.63 0.8 ],75.33333333333333
Timeliness and Relevance of References,0.68773576406392,[0.6  0.78],77.57575757575758
Avoidance of Plagiarism and Appropriate Citation,0.47805918534178465,[0.38 0.59],60.0
Critical Analysis of Existing Research,0.7519830191964045,[0.67 0.83],79.39393939393939
Proposal of New Research Directions or Questions,0.6875410961894702,[0.6  0.78],76.96969696969697
Potential Contribution to the Field,0.7279899147656541,[0.65 0.81],76.36363636363637
Clarity of Research Method Description,0.71176780835148,[0.63 0.79],78.78787878787878
Rationality of Method Selection,0.6975278930498995,[0.61 0.78],77.57575757575758
Rigor of Research Design,0.6686786918701634,[0.58 0.76],78.18181818181819
Inclusion of Latest Research Results,0.6931169479949726,[0.6  0.78],77.57575757575758
Reflection of Current Research Hotspots,0.6634616248070718,[0.57 0.76],74.54545454545455
Fluency of Language Expression,0.4967118198953447,[0.39 0.61],75.0
Appropriateness of Professional Terminology Use,0.5806799080416056,[0.48 0.69],80.60606060606061
Conciseness of Expression,0.49451889460996057,[0.39 0.61],78.78787878787878
Practical Application Potential of Research Results,0.7004684857559058,[0.61 0.79],76.36363636363637
Feasibility of Proposed Suggestions,0.6855358428152856,[0.6  0.77],76.36363636363637
Logic of Argumentation,0.652388727026729,[0.56 0.75],76.36363636363637
Multi-angle Analysis of Problems,0.689257865364486,[0.6  0.78],76.36363636363637
Identification and Discussion of Research Limitations,0.6505972978635687,[0.56 0.75],74.54545454545455
