Subcategory,ICC (Intraclass Correlation Coefficient),ICC 95% Confidence Interval,Transitivity Consistency Ratio (%)
Topic Relevance,0.13115926605409722,[0.07 0.22],71.11111111111111
Comprehensiveness of Information,0.15206651974918234,[0.09 0.25],70.37037037037037
Accuracy of Information,0.11152201472684398,[0.05 0.2 ],53.84615384615385
Innovativeness of Viewpoints,0.1614964121414757,[0.09 0.26],77.33333333333333
Integration of Interdisciplinary Perspectives,0.1244712349319033,[0.06 0.21],78.33333333333333
Clarity of Logical Structure,0.05459627140293789,[0.02 0.12],78.57142857142857
Reasonableness of Chapter Arrangement,0.03312613356607602,[-0.    0.09],78.26086956521739
Quality of Introduction and Conclusion,0.07802620242676467,[0.03 0.16],69.6
Accuracy and Completeness of Citations,0.04172992158935062,[0.01 0.1 ],79.27927927927928
Timeliness and Relevance of References,0.08351785029635839,[0.03 0.16],77.27272727272727
Avoidance of Plagiarism and Appropriate Citation,0.05200240924056507,[0.01 0.12],67.61904761904762
Critical Analysis of Existing Research,0.14109101935353457,[0.08 0.24],79.66101694915254
Proposal of New Research Directions or Questions,0.10677410167818238,[0.05 0.19],80.0
Potential Contribution to the Field,0.11891079699880833,[0.06 0.21],80.32786885245902
Clarity of Research Method Description,0.08128879926634702,[0.03 0.16],73.50427350427351
Rationality of Method Selection,0.0728129823491839,[0.03 0.15],74.13793103448276
Rigor of Research Design,0.09803874216306471,[0.04 0.18],76.78571428571429
Inclusion of Latest Research Results,0.08334144262647147,[0.03 0.16],79.82456140350878
Reflection of Current Research Hotspots,0.11351064569253472,[0.06 0.2 ],75.0
Fluency of Language Expression,0.10674186897662859,[0.05 0.19],79.84496124031007
Appropriateness of Professional Terminology Use,0.07432358746437558,[0.03 0.15],80.20833333333334
Conciseness of Expression,0.0813323263771829,[0.03 0.16],80.34188034188034
Practical Application Potential of Research Results,0.09522266677983107,[0.04 0.18],78.62595419847328
Feasibility of Proposed Suggestions,0.09891874886930888,[0.04 0.18],78.2258064516129
Logic of Argumentation,0.09426347751726057,[0.04 0.18],82.17054263565892
Multi-angle Analysis of Problems,0.11116181342275065,[0.05 0.2 ],79.72972972972973
Identification and Discussion of Research Limitations,0.09383831879839884,[0.04 0.17],79.85611510791367
