Subcategory,ICC (Intraclass Correlation Coefficient),ICC 95% Confidence Interval,Transitivity Consistency Ratio (%)
Topic Relevance,0.5028550853970386,[0.4  0.62],70.1863354037267
Comprehensiveness of Information,0.7394500507568932,[0.66 0.82],74.54545454545455
Accuracy of Information,0.2760290591398233,[0.19 0.39],60.215053763440864
Innovativeness of Viewpoints,0.7039246993631377,[0.62 0.79],69.6969696969697
Integration of Interdisciplinary Perspectives,0.7172466686450871,[0.63 0.8 ],71.51515151515152
Clarity of Logical Structure,0.6469339719443221,[0.55 0.74],73.24840764331209
Reasonableness of Chapter Arrangement,0.6256208875889281,[0.53 0.72],73.93939393939394
Quality of Introduction and Conclusion,0.6512649288459491,[0.56 0.75],73.24840764331209
Accuracy and Completeness of Citations,0.5956455596669524,[0.5 0.7],70.70063694267516
Timeliness and Relevance of References,0.6796686436169956,[0.59 0.77],74.54545454545455
Avoidance of Plagiarism and Appropriate Citation,0.2626662515991284,[0.18 0.38],56.57894736842105
Critical Analysis of Existing Research,0.6747599221083175,[0.58 0.76],70.06369426751591
Proposal of New Research Directions or Questions,0.6191206635463775,[0.52 0.72],67.9245283018868
Potential Contribution to the Field,0.6697939923119173,[0.58 0.76],70.9090909090909
Clarity of Research Method Description,0.6266876661154964,[0.53 0.73],69.73684210526315
Rationality of Method Selection,0.6331218673894674,[0.54 0.73],70.44025157232704
Rigor of Research Design,0.621934240440135,[0.53 0.72],69.73684210526315
Inclusion of Latest Research Results,0.6706754631807735,[0.58 0.76],74.54545454545455
Reflection of Current Research Hotspots,0.6648136406016915,[0.57 0.76],70.44025157232704
Fluency of Language Expression,0.5993791444362441,[0.5 0.7],74.54545454545455
Appropriateness of Professional Terminology Use,0.5454803052317589,[0.44 0.66],73.93939393939394
Conciseness of Expression,0.5993908237029244,[0.5 0.7],73.24840764331209
Practical Application Potential of Research Results,0.6363684024572318,[0.54 0.73],70.9090909090909
Feasibility of Proposed Suggestions,0.6296148402112541,[0.53 0.73],70.9090909090909
Logic of Argumentation,0.6330072874066978,[0.54 0.73],70.70063694267516
Multi-angle Analysis of Problems,0.6590863573316028,[0.57 0.75],70.9090909090909
Identification and Discussion of Research Limitations,0.6435025145217252,[0.55 0.74],69.12751677852349
