Subcategory,ICC (Intraclass Correlation Coefficient),ICC 95% Confidence Interval,Transitivity Consistency Ratio (%)
Topic Relevance,0.7382350406639687,[0.65 0.82],78.78787878787878
Comprehensiveness of Information,0.8277729330873724,[0.75 0.89],79.48717948717949
Accuracy of Information,0.7542524774135109,[0.67 0.83],68.75
Innovativeness of Viewpoints,0.8003607293609873,[0.73 0.86],82.42424242424242
Integration of Interdisciplinary Perspectives,0.4242693602565768,[0.32 0.54],91.36690647482014
Clarity of Logical Structure,0.5397618014139695,[0.37 0.68],82.42424242424242
Reasonableness of Chapter Arrangement,0.5757417128909289,[0.44 0.7 ],80.60606060606061
Quality of Introduction and Conclusion,0.7356004872376027,[0.65 0.81],80.60606060606061
Accuracy and Completeness of Citations,0.8717187478312993,[0.81 0.92],72.18045112781954
Timeliness and Relevance of References,0.7865821465212031,[0.71 0.85],73.80952380952381
Avoidance of Plagiarism and Appropriate Citation,0.776178760694205,[0.7  0.85],43.75
Critical Analysis of Existing Research,0.7507979241663394,[0.67 0.83],87.87878787878788
Proposal of New Research Directions or Questions,0.8302161750754792,[0.77 0.88],82.42424242424242
Potential Contribution to the Field,0.6214858913079192,[0.51 0.73],85.90604026845638
Clarity of Research Method Description,0.7721957552532854,[0.66 0.86],82.42424242424242
Rationality of Method Selection,0.7339171171972606,[0.64 0.82],67.74193548387096
Rigor of Research Design,0.7916173857429104,[0.71 0.86],76.92307692307693
Inclusion of Latest Research Results,0.7045703766039305,[0.6 0.8],71.53284671532847
Reflection of Current Research Hotspots,0.6197764028224223,[0.51 0.73],80.37974683544303
Fluency of Language Expression,0.6556579614405692,[0.55 0.76],80.2919708029197
Appropriateness of Professional Terminology Use,0.6741185054674742,[0.58 0.77],69.62025316455697
Conciseness of Expression,0.7040272379372707,[0.6 0.8],90.9090909090909
Practical Application Potential of Research Results,0.6770130947946916,[0.58 0.77],78.48101265822784
Feasibility of Proposed Suggestions,0.8219705160294969,[0.76 0.88],86.48648648648648
Logic of Argumentation,0.44541030320494335,[0.31 0.58],81.20805369127517
Multi-angle Analysis of Problems,0.5087019631636709,[0.4  0.63],90.30303030303031
Identification and Discussion of Research Limitations,0.7096548013507035,[0.62 0.79],76.47058823529412
