Subcategory,ICC (Intraclass Correlation Coefficient),ICC 95% Confidence Interval,Transitivity Consistency Ratio (%)
Topic Relevance,0.5519427569442361,[0.45 0.66],80.28169014084507
Comprehensiveness of Information,0.7476147117557436,[0.67 0.82],84.24242424242424
Accuracy of Information,0.3696838863642731,[0.27 0.49],67.24137931034483
Innovativeness of Viewpoints,0.6199854064072251,[0.52 0.72],78.78787878787878
Integration of Interdisciplinary Perspectives,0.675167545784583,[0.58 0.77],81.81818181818183
Clarity of Logical Structure,0.6820223118733714,[0.59 0.77],82.42424242424242
Reasonableness of Chapter Arrangement,0.6610477381832245,[0.57 0.75],85.53459119496856
Quality of Introduction and Conclusion,0.5746978950852868,[0.47 0.68],80.0
Accuracy and Completeness of Citations,0.486174126388384,[0.38 0.6 ],70.78651685393258
Timeliness and Relevance of References,0.6278423904302477,[0.53 0.73],80.60606060606061
Avoidance of Plagiarism and Appropriate Citation,0.23599701413966595,[0.15 0.35],55.55555555555556
Critical Analysis of Existing Research,0.6598718474375745,[0.57 0.75],77.57575757575758
Proposal of New Research Directions or Questions,0.5301720763095622,[0.43 0.64],78.78787878787878
Potential Contribution to the Field,0.6362165523977181,[0.54 0.73],77.57575757575758
Clarity of Research Method Description,0.6081188871868481,[0.51 0.71],87.27272727272727
Rationality of Method Selection,0.6062271557949291,[0.51 0.71],84.24242424242424
Rigor of Research Design,0.5895678114121498,[0.49 0.69],86.66666666666667
Inclusion of Latest Research Results,0.6402085500069853,[0.55 0.74],80.60606060606061
Reflection of Current Research Hotspots,0.6627737294072558,[0.57 0.76],84.24242424242424
Fluency of Language Expression,0.5211691927578832,[0.42 0.63],80.0
Appropriateness of Professional Terminology Use,0.5493457971098771,[0.45 0.66],77.5
Conciseness of Expression,0.49932731123357155,[0.4  0.61],80.0
Practical Application Potential of Research Results,0.6272082614686285,[0.53 0.73],77.57575757575758
Feasibility of Proposed Suggestions,0.5375005001723175,[0.44 0.65],77.57575757575758
Logic of Argumentation,0.634277796128159,[0.54 0.73],80.0
Multi-angle Analysis of Problems,0.6303242527179516,[0.53 0.73],81.21212121212122
Identification and Discussion of Research Limitations,0.5654592854338714,[0.47 0.67],81.21212121212122
