Subcategory,ICC (Intraclass Correlation Coefficient),ICC 95% Confidence Interval,Transitivity Consistency Ratio (%)
Topic Relevance,0.5017764332232195,[0.4  0.62],61.904761904761905
Comprehensiveness of Information,0.7711234558266133,[0.7  0.84],77.57575757575758
Accuracy of Information,0.36865507195684893,[0.27 0.49],26.47058823529412
Innovativeness of Viewpoints,0.6665360108297734,[0.57 0.76],80.60606060606061
Integration of Interdisciplinary Perspectives,0.7224332708139928,[0.64 0.8 ],76.96969696969697
Clarity of Logical Structure,0.7052957897171445,[0.62 0.79],72.5
Reasonableness of Chapter Arrangement,0.6939743783208884,[0.61 0.78],74.54545454545455
Quality of Introduction and Conclusion,0.5872455906736259,[0.49 0.69],74.54545454545455
Accuracy and Completeness of Citations,0.5409109783312935,[0.44 0.65],62.16216216216216
Timeliness and Relevance of References,0.642526890626502,[0.55 0.74],76.36363636363637
Avoidance of Plagiarism and Appropriate Citation,0.3414442614402398,[0.25 0.46],25.0
Critical Analysis of Existing Research,0.6713286667941266,[0.58 0.76],78.75
Proposal of New Research Directions or Questions,0.45959965266669706,[0.36 0.58],81.21212121212122
Potential Contribution to the Field,0.6475588752593884,[0.55 0.74],79.39393939393939
Clarity of Research Method Description,0.6418087020491424,[0.55 0.74],74.21383647798741
Rationality of Method Selection,0.6415200590413124,[0.55 0.74],75.75757575757575
Rigor of Research Design,0.6411709862799129,[0.55 0.74],76.36363636363637
Inclusion of Latest Research Results,0.6556003759320331,[0.56 0.75],76.36363636363637
Reflection of Current Research Hotspots,0.6666534223445546,[0.57 0.76],77.57575757575758
Fluency of Language Expression,0.6384220133835327,[0.54 0.74],74.54545454545455
Appropriateness of Professional Terminology Use,0.6079639765439139,[0.51 0.71],75.15923566878982
Conciseness of Expression,0.6328745050183048,[0.54 0.73],75.15151515151514
Practical Application Potential of Research Results,0.6384234693609463,[0.54 0.74],80.0
Feasibility of Proposed Suggestions,0.6219806945645301,[0.53 0.72],80.0
Logic of Argumentation,0.663906005952027,[0.57 0.76],75.0
Multi-angle Analysis of Problems,0.6862204480542057,[0.6  0.77],76.96969696969697
Identification and Discussion of Research Limitations,0.6193904326687443,[0.52 0.72],75.75757575757575
