Subcategory,ICC (Intraclass Correlation Coefficient),ICC 95% Confidence Interval,Transitivity Consistency Ratio (%)
Topic Relevance,0.49463307661176703,[0.39 0.61],63.1578947368421
Comprehensiveness of Information,0.817319818948221,[0.75 0.87],74.54545454545455
Accuracy of Information,0.3065736602379226,[0.22 0.42],46.2962962962963
Innovativeness of Viewpoints,0.7524515257550031,[0.67 0.83],72.72727272727273
Integration of Interdisciplinary Perspectives,0.7917669717462102,[0.72 0.86],75.15151515151514
Clarity of Logical Structure,0.7490548053286631,[0.67 0.82],72.72727272727273
Reasonableness of Chapter Arrangement,0.7520901471988265,[0.67 0.83],71.51515151515152
Quality of Introduction and Conclusion,0.6711091104542601,[0.58 0.76],71.51515151515152
Accuracy and Completeness of Citations,0.6563737972087517,[0.56 0.75],68.57142857142857
Timeliness and Relevance of References,0.7123511157686615,[0.63 0.79],72.12121212121212
Avoidance of Plagiarism and Appropriate Citation,0.44695291770728574,[0.35 0.57],42.62295081967213
Critical Analysis of Existing Research,0.7623230324930083,[0.69 0.83],72.72727272727273
Proposal of New Research Directions or Questions,0.6942047770170016,[0.61 0.78],72.72727272727273
Potential Contribution to the Field,0.7655871048976662,[0.69 0.84],73.93939393939394
Clarity of Research Method Description,0.6438157029196293,[0.55 0.74],75.75757575757575
Rationality of Method Selection,0.652411991874456,[0.56 0.75],75.75757575757575
Rigor of Research Design,0.6444857217079262,[0.55 0.74],75.75757575757575
Inclusion of Latest Research Results,0.7085938448347658,[0.62 0.79],72.12121212121212
Reflection of Current Research Hotspots,0.7257274701717591,[0.64 0.81],73.93939393939394
Fluency of Language Expression,0.6551987858108825,[0.56 0.75],72.72727272727273
Appropriateness of Professional Terminology Use,0.6626613532964917,[0.57 0.76],75.15151515151514
Conciseness of Expression,0.6415434939517509,[0.55 0.74],75.75757575757575
Practical Application Potential of Research Results,0.7303655325547801,[0.65 0.81],73.93939393939394
Feasibility of Proposed Suggestions,0.7056521753588824,[0.62 0.79],73.93939393939394
Logic of Argumentation,0.7207161788049642,[0.64 0.8 ],73.93939393939394
Multi-angle Analysis of Problems,0.7473266317782349,[0.67 0.82],75.75757575757575
Identification and Discussion of Research Limitations,0.6600937442061086,[0.57 0.75],73.33333333333333
