Subcategory,ICC (Intraclass Correlation Coefficient),ICC 95% Confidence Interval,Transitivity Consistency Ratio (%)
Topic Relevance,0.5440039949204372,[0.44 0.65],60.0
Comprehensiveness of Information,0.8262043785221621,[0.77 0.88],69.6969696969697
Accuracy of Information,0.2533663485928251,[0.17 0.37],52.0
Innovativeness of Viewpoints,0.8068733184100049,[0.74 0.87],72.12121212121212
Integration of Interdisciplinary Perspectives,0.7790844251759929,[0.71 0.85],71.51515151515152
Clarity of Logical Structure,0.7684573532450786,[0.69 0.84],71.51515151515152
Reasonableness of Chapter Arrangement,0.7505345735593332,[0.67 0.82],72.12121212121212
Quality of Introduction and Conclusion,0.7453266251743476,[0.67 0.82],71.51515151515152
Accuracy and Completeness of Citations,0.604355015696136,[0.51 0.71],60.36036036036037
Timeliness and Relevance of References,0.714375425105264,[0.63 0.8 ],70.9090909090909
Avoidance of Plagiarism and Appropriate Citation,0.32616834486072854,[0.23 0.44],45.614035087719294
Critical Analysis of Existing Research,0.7856859605752511,[0.71 0.85],72.12121212121212
Proposal of New Research Directions or Questions,0.7488842599170514,[0.67 0.82],69.375
Potential Contribution to the Field,0.778363373022702,[0.71 0.85],72.12121212121212
Clarity of Research Method Description,0.7011283398971686,[0.61 0.79],75.15151515151514
Rationality of Method Selection,0.7132006246599639,[0.63 0.8 ],72.72727272727273
Rigor of Research Design,0.6948969301441787,[0.61 0.78],73.33333333333333
Inclusion of Latest Research Results,0.7334370839531844,[0.65 0.81],70.9090909090909
Reflection of Current Research Hotspots,0.7316062377266189,[0.65 0.81],70.3030303030303
Fluency of Language Expression,0.674126624167581,[0.58 0.76],71.51515151515152
Appropriateness of Professional Terminology Use,0.6575268911395691,[0.56 0.75],73.71794871794873
Conciseness of Expression,0.7179015524979767,[0.63 0.8 ],71.51515151515152
Practical Application Potential of Research Results,0.737653911589355,[0.66 0.81],72.12121212121212
Feasibility of Proposed Suggestions,0.7218234314874751,[0.64 0.8 ],72.12121212121212
Logic of Argumentation,0.7472227961655955,[0.67 0.82],72.12121212121212
Multi-angle Analysis of Problems,0.7366107301942159,[0.66 0.81],72.12121212121212
Identification and Discussion of Research Limitations,0.7111318606500249,[0.63 0.79],70.9090909090909
