Subcategory,ICC (Intraclass Correlation Coefficient),ICC 95% Confidence Interval,Transitivity Consistency Ratio (%)
Topic Relevance,0.4600335104154893,[0.36 0.58],56.470588235294116
Comprehensiveness of Information,0.8048933633910605,[0.74 0.87],75.75757575757575
Accuracy of Information,0.4295642937957468,[0.33 0.55],48.148148148148145
Innovativeness of Viewpoints,0.6888796296438658,[0.59 0.78],81.21212121212122
Integration of Interdisciplinary Perspectives,0.7294072345878359,[0.65 0.81],76.96969696969697
Clarity of Logical Structure,0.7265097992105817,[0.64 0.81],74.54545454545455
Reasonableness of Chapter Arrangement,0.7295140772031706,[0.65 0.81],73.93939393939394
Quality of Introduction and Conclusion,0.638617910361489,[0.54 0.74],74.54545454545455
Accuracy and Completeness of Citations,0.6370712825756144,[0.54 0.73],69.89247311827957
Timeliness and Relevance of References,0.7486559845265993,[0.67 0.82],75.15151515151514
Avoidance of Plagiarism and Appropriate Citation,0.33196343353000657,[0.24 0.45],46.2962962962963
Critical Analysis of Existing Research,0.6906767388611702,[0.6  0.78],77.70700636942675
Proposal of New Research Directions or Questions,0.6113896387362776,[0.51 0.71],78.78787878787878
Potential Contribution to the Field,0.6941819209226632,[0.6  0.78],78.18181818181819
Clarity of Research Method Description,0.688853073551247,[0.6  0.78],74.54545454545455
Rationality of Method Selection,0.7022010936770081,[0.61 0.79],75.15151515151514
Rigor of Research Design,0.6752756251433447,[0.58 0.77],75.15151515151514
Inclusion of Latest Research Results,0.7297709715837779,[0.65 0.81],75.15151515151514
Reflection of Current Research Hotspots,0.6969122100909017,[0.61 0.78],75.15151515151514
Fluency of Language Expression,0.6516433783907464,[0.56 0.75],74.54545454545455
Appropriateness of Professional Terminology Use,0.6651603612838084,[0.57 0.76],72.54901960784314
Conciseness of Expression,0.6407330954329945,[0.55 0.74],74.54545454545455
Practical Application Potential of Research Results,0.6860279728457419,[0.6  0.77],77.35849056603774
Feasibility of Proposed Suggestions,0.6514241925910167,[0.56 0.75],78.18181818181819
Logic of Argumentation,0.7063926147033137,[0.62 0.79],76.36363636363637
Multi-angle Analysis of Problems,0.6972330170439793,[0.61 0.78],75.75757575757575
Identification and Discussion of Research Limitations,0.6835187036719307,[0.59 0.77],76.36363636363637
