Subcategory,ICC (Intraclass Correlation Coefficient),ICC 95% Confidence Interval,Transitivity Consistency Ratio (%)
Topic Relevance,0.5829667758318133,[0.48 0.69],66.42857142857143
Comprehensiveness of Information,0.7971605007179932,[0.73 0.86],73.93939393939394
Accuracy of Information,0.2652260568079939,[0.18 0.38],50.0
Innovativeness of Viewpoints,0.5531405555868287,[0.45 0.66],75.75757575757575
Integration of Interdisciplinary Perspectives,0.7104305240382748,[0.62 0.79],75.75757575757575
Clarity of Logical Structure,0.6114526515213486,[0.51 0.71],70.9090909090909
Reasonableness of Chapter Arrangement,0.5977877390087553,[0.5 0.7],71.51515151515152
Quality of Introduction and Conclusion,0.4320345637840334,[0.33 0.55],69.79865771812081
Accuracy and Completeness of Citations,0.43420815134068574,[0.33 0.55],67.93893129770993
Timeliness and Relevance of References,0.5029348142027698,[0.4  0.62],73.33333333333333
Avoidance of Plagiarism and Appropriate Citation,0.1625462229026648,[0.09 0.26],52.23880597014925
Critical Analysis of Existing Research,0.671310581137563,[0.58 0.76],75.15151515151514
Proposal of New Research Directions or Questions,0.4626192265061967,[0.36 0.58],73.125
Potential Contribution to the Field,0.6431668014861158,[0.55 0.74],75.75757575757575
Clarity of Research Method Description,0.6166996145457865,[0.52 0.72],70.1863354037267
Rationality of Method Selection,0.6081625625444571,[0.51 0.71],72.12121212121212
Rigor of Research Design,0.6119793807602026,[0.51 0.71],67.72151898734177
Inclusion of Latest Research Results,0.518635405542822,[0.42 0.63],73.33333333333333
Reflection of Current Research Hotspots,0.5386072947063917,[0.44 0.65],71.51515151515152
Fluency of Language Expression,0.4548407659315493,[0.35 0.57],71.7948717948718
Appropriateness of Professional Terminology Use,0.5923395299188337,[0.49 0.7 ],69.6774193548387
Conciseness of Expression,0.4341553819727135,[0.33 0.55],70.51282051282051
Practical Application Potential of Research Results,0.5868420735304521,[0.49 0.69],73.125
Feasibility of Proposed Suggestions,0.4661841447195661,[0.36 0.58],71.875
Logic of Argumentation,0.6012568395667472,[0.5 0.7],70.3030303030303
Multi-angle Analysis of Problems,0.6492896973924505,[0.56 0.74],76.96969696969697
Identification and Discussion of Research Limitations,0.5946268917044604,[0.5 0.7],71.51515151515152
