Subcategory,ICC (Intraclass Correlation Coefficient),ICC 95% Confidence Interval,Transitivity Consistency Ratio (%)
Topic Relevance,0.5400301412619675,[0.44 0.65],69.62962962962963
Comprehensiveness of Information,0.766524191233447,[0.69 0.84],71.51515151515152
Accuracy of Information,0.39341001239738005,[0.29 0.51],50.81967213114754
Innovativeness of Viewpoints,0.5581318181712539,[0.46 0.67],72.43589743589743
Integration of Interdisciplinary Perspectives,0.5805921546335718,[0.48 0.69],68.58974358974359
Clarity of Logical Structure,0.6164005125233537,[0.52 0.72],69.87179487179486
Reasonableness of Chapter Arrangement,0.5999516079479139,[0.5 0.7],69.62025316455697
Quality of Introduction and Conclusion,0.4799246637512594,[0.38 0.6 ],69.0909090909091
Accuracy and Completeness of Citations,0.6224323036918247,[0.53 0.72],73.33333333333333
Timeliness and Relevance of References,0.6332090861504656,[0.54 0.73],73.93939393939394
Avoidance of Plagiarism and Appropriate Citation,0.2574361879177005,[0.17 0.37],56.60377358490566
Critical Analysis of Existing Research,0.602640601242851,[0.5  0.71],70.9090909090909
Proposal of New Research Directions or Questions,0.5735762585980352,[0.47 0.68],73.93939393939394
Potential Contribution to the Field,0.6300007608740184,[0.53 0.73],72.72727272727273
Clarity of Research Method Description,0.55739817739759,[0.46 0.67],72.12121212121212
Rationality of Method Selection,0.5602954670538852,[0.46 0.67],70.3030303030303
Rigor of Research Design,0.5740742163617583,[0.47 0.68],70.3030303030303
Inclusion of Latest Research Results,0.6470411537838374,[0.55 0.74],73.93939393939394
Reflection of Current Research Hotspots,0.6114725778022663,[0.51 0.71],73.93939393939394
Fluency of Language Expression,0.4632177558005276,[0.36 0.58],69.0909090909091
Appropriateness of Professional Terminology Use,0.5467808845382285,[0.45 0.66],70.3030303030303
Conciseness of Expression,0.48176264356818155,[0.38 0.6 ],66.66666666666666
Practical Application Potential of Research Results,0.6095664268560652,[0.51 0.71],72.12121212121212
Feasibility of Proposed Suggestions,0.5914907089949251,[0.49 0.7 ],72.12121212121212
Logic of Argumentation,0.6045325840232105,[0.51 0.71],68.125
Multi-angle Analysis of Problems,0.5884363034140071,[0.49 0.69],69.6969696969697
Identification and Discussion of Research Limitations,0.5510531265601373,[0.45 0.66],72.12121212121212
