Subcategory,ICC (Intraclass Correlation Coefficient),ICC 95% Confidence Interval,Transitivity Consistency Ratio (%)
Topic Relevance,0.41145973484756354,[0.31 0.53],78.2051282051282
Comprehensiveness of Information,0.6191544247223149,[0.52 0.72],78.18181818181819
Accuracy of Information,0.2212150188825408,[0.14 0.33],71.28712871287128
Innovativeness of Viewpoints,0.626427120568509,[0.53 0.73],79.39393939393939
Integration of Interdisciplinary Perspectives,0.620901959416153,[0.52 0.72],77.57575757575758
Clarity of Logical Structure,0.6578058236382308,[0.56 0.75],75.75757575757575
Reasonableness of Chapter Arrangement,0.6092235930111725,[0.51 0.71],75.75757575757575
Quality of Introduction and Conclusion,0.4803139790265761,[0.38 0.6 ],76.96969696969697
Accuracy and Completeness of Citations,0.5643139118990376,[0.46 0.67],69.76744186046511
Timeliness and Relevance of References,0.6076196930133317,[0.51 0.71],76.36363636363637
Avoidance of Plagiarism and Appropriate Citation,0.20677654092750664,[0.13 0.31],66.01941747572816
Critical Analysis of Existing Research,0.6348160168150458,[0.54 0.73],79.39393939393939
Proposal of New Research Directions or Questions,0.5355859694534648,[0.43 0.65],78.343949044586
Potential Contribution to the Field,0.6300062218715042,[0.53 0.73],78.18181818181819
Clarity of Research Method Description,0.5426547470119861,[0.44 0.65],80.0
Rationality of Method Selection,0.5456218084234589,[0.44 0.66],78.343949044586
Rigor of Research Design,0.5254734015545962,[0.42 0.64],80.0
Inclusion of Latest Research Results,0.6038260613357713,[0.51 0.71],76.36363636363637
Reflection of Current Research Hotspots,0.6141171892470135,[0.52 0.72],76.36363636363637
Fluency of Language Expression,0.5551960175746585,[0.45 0.66],76.96969696969697
Appropriateness of Professional Terminology Use,0.5247131126456498,[0.42 0.64],79.39393939393939
Conciseness of Expression,0.5332153583905733,[0.43 0.65],76.96969696969697
Practical Application Potential of Research Results,0.5429216584678527,[0.44 0.65],78.18181818181819
Feasibility of Proposed Suggestions,0.5405262952504115,[0.44 0.65],78.18181818181819
Logic of Argumentation,0.553295013370528,[0.45 0.66],76.96969696969697
Multi-angle Analysis of Problems,0.5681317339220432,[0.47 0.68],77.07006369426752
Identification and Discussion of Research Limitations,0.5317449331586709,[0.43 0.64],79.39393939393939
