Subcategory,ICC (Intraclass Correlation Coefficient),ICC 95% Confidence Interval,Transitivity Consistency Ratio (%)
Topic Relevance,0.5377118309397626,[0.44 0.65],68.34532374100719
Comprehensiveness of Information,0.7431862660705423,[0.66 0.82],73.88535031847134
Accuracy of Information,0.2254487599952708,[0.15 0.33],56.17977528089888
Innovativeness of Viewpoints,0.5759805356510985,[0.48 0.68],80.60606060606061
Integration of Interdisciplinary Perspectives,0.6939003158208169,[0.61 0.78],72.12121212121212
Clarity of Logical Structure,0.6493222857643387,[0.56 0.74],71.51515151515152
Reasonableness of Chapter Arrangement,0.6697126500740821,[0.58 0.76],70.9090909090909
Quality of Introduction and Conclusion,0.6306048492042836,[0.53 0.73],70.9090909090909
Accuracy and Completeness of Citations,0.4668954952293254,[0.37 0.58],71.32867132867133
Timeliness and Relevance of References,0.516990398609981,[0.42 0.63],72.12121212121212
Avoidance of Plagiarism and Appropriate Citation,0.1721499353110904,[0.1  0.27],59.4059405940594
Critical Analysis of Existing Research,0.6361023742083675,[0.54 0.73],78.18181818181819
Proposal of New Research Directions or Questions,0.45023279229748275,[0.35 0.57],76.43312101910828
Potential Contribution to the Field,0.5932324674086418,[0.49 0.7 ],75.75757575757575
Clarity of Research Method Description,0.6669183132867195,[0.58 0.76],72.72727272727273
Rationality of Method Selection,0.6586968457318092,[0.57 0.75],73.33333333333333
Rigor of Research Design,0.6676544487141589,[0.58 0.76],73.33333333333333
Inclusion of Latest Research Results,0.5169067919046574,[0.42 0.63],72.12121212121212
Reflection of Current Research Hotspots,0.6126114298533559,[0.52 0.71],72.12121212121212
Fluency of Language Expression,0.5581620521031952,[0.46 0.67],70.3030303030303
Appropriateness of Professional Terminology Use,0.5936738100861934,[0.5 0.7],72.72727272727273
Conciseness of Expression,0.49105758721767734,[0.39 0.61],69.6969696969697
Practical Application Potential of Research Results,0.5669246771217802,[0.47 0.67],75.75757575757575
Feasibility of Proposed Suggestions,0.48670927711820433,[0.38 0.6 ],73.88535031847134
Logic of Argumentation,0.6317784478757856,[0.54 0.73],72.72727272727273
Multi-angle Analysis of Problems,0.6466018727418307,[0.55 0.74],71.51515151515152
Identification and Discussion of Research Limitations,0.5668336327164165,[0.47 0.67],74.0506329113924
