Subcategory,ICC (Intraclass Correlation Coefficient),ICC 95% Confidence Interval,Transitivity Consistency Ratio (%)
Topic Relevance,0.7455277738024655,[0.67 0.82],77.04918032786885
Comprehensiveness of Information,0.8738490192516932,[0.83 0.91],81.21212121212122
Accuracy of Information,0.8046020660086538,[0.74 0.87],53.125
Innovativeness of Viewpoints,0.6959060677240677,[0.61 0.78],85.45454545454545
Integration of Interdisciplinary Perspectives,0.7780796194389634,[0.71 0.85],82.38993710691824
Clarity of Logical Structure,0.6459467734560564,[0.46 0.78],87.87878787878788
Reasonableness of Chapter Arrangement,0.716410852484293,[0.58 0.82],87.87878787878788
Quality of Introduction and Conclusion,0.8207375033781129,[0.76 0.88],78.78787878787878
Accuracy and Completeness of Citations,0.8879162221942979,[0.84 0.93],85.43046357615894
Timeliness and Relevance of References,0.7785044973678646,[0.71 0.85],62.68656716417911
Avoidance of Plagiarism and Appropriate Citation,0.7671607329630747,[0.69 0.84],28.57142857142857
Critical Analysis of Existing Research,0.761521420895153,[0.69 0.83],83.43949044585987
Proposal of New Research Directions or Questions,0.9082457061353452,[0.87 0.94],84.84848484848484
Potential Contribution to the Field,0.7573856559651734,[0.68 0.83],78.80794701986756
Clarity of Research Method Description,0.7847318201352076,[0.7  0.85],73.68421052631578
Rationality of Method Selection,0.5193024128198479,[0.42 0.63],48.0
Rigor of Research Design,0.5878619061290741,[0.49 0.69],65.51724137931035
Inclusion of Latest Research Results,0.7946461299397546,[0.72 0.86],73.50427350427351
Reflection of Current Research Hotspots,0.503465161772941,[0.4  0.62],84.27672955974843
Fluency of Language Expression,0.6243424563543494,[0.47 0.75],90.29850746268657
Appropriateness of Professional Terminology Use,0.7135085562575494,[0.63 0.8 ],54.54545454545454
Conciseness of Expression,0.5840831203497949,[0.41 0.72],90.9090909090909
Practical Application Potential of Research Results,0.6791502686632633,[0.59 0.77],78.78787878787878
Feasibility of Proposed Suggestions,0.8561269464877027,[0.8 0.9],82.42424242424242
Logic of Argumentation,0.668404439627552,[0.54 0.77],85.0
Multi-angle Analysis of Problems,0.7887882323268195,[0.72 0.85],78.18181818181819
Identification and Discussion of Research Limitations,0.7226311991967347,[0.64 0.8 ],70.40816326530613
