Subcategory,ICC (Intraclass Correlation Coefficient),ICC 95% Confidence Interval,Transitivity Consistency Ratio (%)
Topic Relevance,0.4237309290612475,[0.32 0.54],84.24242424242424
Comprehensiveness of Information,0.7814203888949598,[0.71 0.85],73.93939393939394
Accuracy of Information,0.44931939642871965,[0.35 0.57],80.0
Innovativeness of Viewpoints,0.6368331668120648,[0.54 0.74],78.18181818181819
Integration of Interdisciplinary Perspectives,0.7578815706389306,[0.68 0.83],76.36363636363637
Clarity of Logical Structure,0.7309731939568854,[0.64 0.81],73.93939393939394
Reasonableness of Chapter Arrangement,0.7593553403654941,[0.68 0.83],73.33333333333333
Quality of Introduction and Conclusion,0.6548675344822809,[0.56 0.75],73.93939393939394
Accuracy and Completeness of Citations,0.5365662904937414,[0.44 0.65],78.18181818181819
Timeliness and Relevance of References,0.6306300263191915,[0.54 0.73],73.33333333333333
Avoidance of Plagiarism and Appropriate Citation,0.2685708844520786,[0.18 0.38],80.60606060606061
Critical Analysis of Existing Research,0.6856396978257411,[0.59 0.78],73.93939393939394
Proposal of New Research Directions or Questions,0.5015442534646518,[0.4  0.62],77.57575757575758
Potential Contribution to the Field,0.6427843717312826,[0.55 0.74],73.93939393939394
Clarity of Research Method Description,0.7301276197938394,[0.64 0.81],75.75757575757575
Rationality of Method Selection,0.747401941928355,[0.66 0.82],74.54545454545455
Rigor of Research Design,0.7074762040035887,[0.62 0.79],73.33333333333333
Inclusion of Latest Research Results,0.6240965186588904,[0.53 0.72],73.93939393939394
Reflection of Current Research Hotspots,0.6584400955454626,[0.57 0.75],73.93939393939394
Fluency of Language Expression,0.6344226405709436,[0.53 0.73],73.33333333333333
Appropriateness of Professional Terminology Use,0.6337285373534993,[0.54 0.73],75.15151515151514
Conciseness of Expression,0.6047386541153001,[0.51 0.71],75.15151515151514
Practical Application Potential of Research Results,0.6372543240782886,[0.54 0.73],75.15151515151514
Feasibility of Proposed Suggestions,0.46498337744341994,[0.36 0.58],73.93939393939394
Logic of Argumentation,0.7017419950459335,[0.61 0.79],74.54545454545455
Multi-angle Analysis of Problems,0.7134135468378395,[0.63 0.8 ],74.54545454545455
Identification and Discussion of Research Limitations,0.654793319228571,[0.56 0.75],73.33333333333333
