Subcategory,ICC (Intraclass Correlation Coefficient),ICC 95% Confidence Interval,Transitivity Consistency Ratio (%)
Topic Relevance,0.7136089696376933,[0.63 0.8 ],82.42424242424242
Comprehensiveness of Information,0.8291334017686712,[0.76 0.89],79.61783439490446
Accuracy of Information,0.7965943948862836,[0.72 0.86],60.37735849056604
Innovativeness of Viewpoints,0.6984686678908892,[0.61 0.78],80.60606060606061
Integration of Interdisciplinary Perspectives,0.588961000084522,[0.49 0.69],77.33333333333333
Clarity of Logical Structure,0.5147848751079901,[0.35 0.66],86.06060606060606
Reasonableness of Chapter Arrangement,0.5573266741831577,[0.43 0.68],86.48648648648648
Quality of Introduction and Conclusion,0.6995319029256005,[0.6  0.79],74.84276729559748
Accuracy and Completeness of Citations,0.8414930868998227,[0.78 0.89],72.89719626168224
Timeliness and Relevance of References,0.6434337364398108,[0.54 0.74],71.42857142857143
Avoidance of Plagiarism and Appropriate Citation,0.6534802193243213,[0.56 0.75],44.44444444444444
Critical Analysis of Existing Research,0.7331960081431053,[0.65 0.81],78.78787878787878
Proposal of New Research Directions or Questions,0.8634180569678395,[0.81 0.91],76.36363636363637
Potential Contribution to the Field,0.6324780220049021,[0.53 0.73],81.25
Clarity of Research Method Description,0.8267010279996592,[0.75 0.89],68.29268292682927
Rationality of Method Selection,0.6747540708410275,[0.58 0.77],51.515151515151516
Rigor of Research Design,0.7157093214396784,[0.63 0.8 ],52.0
Inclusion of Latest Research Results,0.6845612710769958,[0.57 0.78],76.08695652173914
Reflection of Current Research Hotspots,0.4756501454367423,[0.37 0.6 ],78.83211678832117
Fluency of Language Expression,0.5664054414921896,[0.43 0.69],89.0909090909091
Appropriateness of Professional Terminology Use,0.6549303605682352,[0.55 0.75],47.72727272727273
Conciseness of Expression,0.6222128842334579,[0.5  0.73],88.75
Practical Application Potential of Research Results,0.6481288577374079,[0.55 0.74],80.53691275167785
Feasibility of Proposed Suggestions,0.7584877435308163,[0.68 0.83],74.52229299363057
Logic of Argumentation,0.602646591423169,[0.43 0.74],87.27272727272727
Multi-angle Analysis of Problems,0.5113508157959505,[0.41 0.63],85.45454545454545
Identification and Discussion of Research Limitations,0.41418951723815417,[0.31 0.54],69.62025316455697
