Subcategory,ICC (Intraclass Correlation Coefficient),ICC 95% Confidence Interval,Transitivity Consistency Ratio (%)
Topic Relevance,0.4843185253775544,[0.38 0.6 ],56.666666666666664
Comprehensiveness of Information,0.713159476062554,[0.6  0.81],76.36363636363637
Accuracy of Information,0.3177370947112482,[0.23 0.44],55.55555555555556
Innovativeness of Viewpoints,0.6389679143009304,[0.51 0.75],80.0
Integration of Interdisciplinary Perspectives,0.7228036331718131,[0.63 0.81],79.39393939393939
Clarity of Logical Structure,0.7010627102299415,[0.6  0.79],78.78787878787878
Reasonableness of Chapter Arrangement,0.6904859858546626,[0.59 0.78],78.78787878787878
Quality of Introduction and Conclusion,0.661712055176318,[0.56 0.76],78.78787878787878
Accuracy and Completeness of Citations,0.637648981476168,[0.54 0.73],72.85714285714285
Timeliness and Relevance of References,0.5782416380690121,[0.48 0.69],76.96969696969697
Avoidance of Plagiarism and Appropriate Citation,0.32914888329586506,[0.24 0.45],62.857142857142854
Critical Analysis of Existing Research,0.6621897273683341,[0.54 0.77],80.0
Proposal of New Research Directions or Questions,0.6988688606034933,[0.6  0.79],78.18181818181819
Potential Contribution to the Field,0.6549391393385464,[0.54 0.76],78.18181818181819
Clarity of Research Method Description,0.5197955929908806,[0.41 0.64],77.57575757575758
Rationality of Method Selection,0.5165125123461524,[0.4  0.64],76.43312101910828
Rigor of Research Design,0.5040078526285803,[0.39 0.63],76.96969696969697
Inclusion of Latest Research Results,0.5862770078738037,[0.48 0.69],76.96969696969697
Reflection of Current Research Hotspots,0.6469946573416772,[0.54 0.75],76.96969696969697
Fluency of Language Expression,0.5115263412736841,[0.4  0.63],78.78787878787878
Appropriateness of Professional Terminology Use,0.43481832742539683,[0.32 0.56],76.96969696969697
Conciseness of Expression,0.4563904930370597,[0.35 0.58],78.78787878787878
Practical Application Potential of Research Results,0.6363789740160568,[0.52 0.74],80.0
Feasibility of Proposed Suggestions,0.5927383203614636,[0.48 0.71],78.98089171974523
Logic of Argumentation,0.6352926952485894,[0.52 0.74],78.78787878787878
Multi-angle Analysis of Problems,0.6629981960892662,[0.55 0.76],76.36363636363637
Identification and Discussion of Research Limitations,0.5861850948713018,[0.47 0.7 ],76.36363636363637
