Subcategory,ICC (Intraclass Correlation Coefficient),ICC 95% Confidence Interval,Transitivity Consistency Ratio (%)
Topic Relevance,0.7563506207298158,[0.68 0.83],90.30303030303031
Comprehensiveness of Information,0.8376141843985986,[0.78 0.89],81.81818181818183
Accuracy of Information,0.5223490403621756,[0.42 0.64],87.27272727272727
Innovativeness of Viewpoints,0.7181369556883596,[0.63 0.8 ],83.63636363636363
Integration of Interdisciplinary Perspectives,0.8232751708609959,[0.75 0.88],76.96969696969697
Clarity of Logical Structure,0.7730948757014026,[0.7  0.84],76.36363636363637
Reasonableness of Chapter Arrangement,0.7951045343331303,[0.72 0.86],77.57575757575758
Quality of Introduction and Conclusion,0.6975127026492615,[0.61 0.78],75.75757575757575
Accuracy and Completeness of Citations,0.5447506087115349,[0.44 0.66],87.27272727272727
Timeliness and Relevance of References,0.5778426078378078,[0.47 0.69],80.0
Avoidance of Plagiarism and Appropriate Citation,0.319992120546781,[0.23 0.44],91.51515151515152
Critical Analysis of Existing Research,0.7211391728754772,[0.64 0.8 ],81.21212121212122
Proposal of New Research Directions or Questions,0.5466909854247967,[0.45 0.66],78.18181818181819
Potential Contribution to the Field,0.715728756414806,[0.63 0.8 ],81.21212121212122
Clarity of Research Method Description,0.742416718117648,[0.66 0.82],78.18181818181819
Rationality of Method Selection,0.7315206237407397,[0.65 0.81],80.60606060606061
Rigor of Research Design,0.7364941874733045,[0.65 0.81],81.21212121212122
Inclusion of Latest Research Results,0.6001756223899976,[0.49 0.71],80.0
Reflection of Current Research Hotspots,0.7638493355835506,[0.68 0.84],77.57575757575758
Fluency of Language Expression,0.6839834967327744,[0.59 0.77],75.75757575757575
Appropriateness of Professional Terminology Use,0.6450970110120606,[0.55 0.74],78.18181818181819
Conciseness of Expression,0.5881878114457273,[0.49 0.69],77.57575757575758
Practical Application Potential of Research Results,0.6965819809774029,[0.61 0.78],82.42424242424242
Feasibility of Proposed Suggestions,0.26292241687713724,[0.18 0.38],87.87878787878788
Logic of Argumentation,0.7349152471186559,[0.65 0.81],75.75757575757575
Multi-angle Analysis of Problems,0.7892094589402195,[0.72 0.85],77.57575757575758
Identification and Discussion of Research Limitations,0.619304130620685,[0.52 0.72],77.57575757575758
