Subcategory,ICC (Intraclass Correlation Coefficient),ICC 95% Confidence Interval,Transitivity Consistency Ratio (%)
Topic Relevance,0.28782023312348065,[0.2 0.4],18.181818181818183
Comprehensiveness of Information,0.7414852369919885,[0.66 0.82],76.36363636363637
Accuracy of Information,0.3555354019563387,[0.26 0.47],23.076923076923077
Innovativeness of Viewpoints,0.6435955626270173,[0.55 0.74],77.57575757575758
Integration of Interdisciplinary Perspectives,0.6859976274236452,[0.59 0.78],65.38461538461539
Clarity of Logical Structure,0.5904303376770609,[0.48 0.7 ],72.35772357723577
Reasonableness of Chapter Arrangement,0.5887704873762576,[0.49 0.7 ],73.71794871794873
Quality of Introduction and Conclusion,0.5766064461774102,[0.47 0.68],75.0
Accuracy and Completeness of Citations,0.7016893326115212,[0.61 0.79],23.076923076923077
Timeliness and Relevance of References,0.7133109262401921,[0.63 0.8 ],77.07006369426752
Avoidance of Plagiarism and Appropriate Citation,0.18099582641758058,[0.11 0.28],25.0
Critical Analysis of Existing Research,0.6588920535094757,[0.56 0.75],77.57575757575758
Proposal of New Research Directions or Questions,0.6203702666250231,[0.52 0.72],75.75757575757575
Potential Contribution to the Field,0.6582858322075841,[0.56 0.75],77.57575757575758
Clarity of Research Method Description,0.6019888653791724,[0.5  0.71],67.52136752136752
Rationality of Method Selection,0.6536652113871503,[0.56 0.75],77.57575757575758
Rigor of Research Design,0.6301910687480771,[0.53 0.73],75.83892617449665
Inclusion of Latest Research Results,0.706619654788469,[0.62 0.79],77.07006369426752
Reflection of Current Research Hotspots,0.7096096920406254,[0.62 0.79],77.57575757575758
Fluency of Language Expression,0.5082456730939593,[0.4  0.62],69.56521739130434
Appropriateness of Professional Terminology Use,0.5412508162534492,[0.43 0.66],65.38461538461539
Conciseness of Expression,0.5392701683070091,[0.44 0.65],75.0
Practical Application Potential of Research Results,0.6494896493235413,[0.55 0.75],77.57575757575758
Feasibility of Proposed Suggestions,0.635340113813079,[0.54 0.73],77.57575757575758
Logic of Argumentation,0.6169055823569953,[0.52 0.72],73.54838709677419
Multi-angle Analysis of Problems,0.6934576136478613,[0.6  0.78],77.57575757575758
Identification and Discussion of Research Limitations,0.6868058955885746,[0.6  0.78],77.57575757575758
