Subcategory,ICC (Intraclass Correlation Coefficient),ICC 95% Confidence Interval,Transitivity Consistency Ratio (%)
Topic Relevance,0.7101873492143437,[0.62 0.8 ],19.230769230769234
Comprehensiveness of Information,0.8540109941951018,[0.79 0.9 ],84.84848484848484
Accuracy of Information,0.6255368084633539,[0.53 0.72],8.695652173913043
Innovativeness of Viewpoints,0.8110835665527582,[0.74 0.87],89.0909090909091
Integration of Interdisciplinary Perspectives,0.8437613266339906,[0.79 0.89],84.84848484848484
Clarity of Logical Structure,0.8074636319817541,[0.74 0.87],83.03030303030303
Reasonableness of Chapter Arrangement,0.8038860473907832,[0.73 0.87],84.24242424242424
Quality of Introduction and Conclusion,0.7776188549821077,[0.7  0.85],83.03030303030303
Accuracy and Completeness of Citations,0.7658776373767782,[0.69 0.84],24.137931034482758
Timeliness and Relevance of References,0.7142694673993,[0.63 0.8 ],83.64779874213836
Avoidance of Plagiarism and Appropriate Citation,0.4119372902977919,[0.31 0.53],14.285714285714285
Critical Analysis of Existing Research,0.786390426400957,[0.7  0.86],89.0909090909091
Proposal of New Research Directions or Questions,0.7876304765332717,[0.71 0.85],87.87878787878788
Potential Contribution to the Field,0.783671483636587,[0.7  0.85],87.87878787878788
Clarity of Research Method Description,0.7686740235468142,[0.69 0.84],81.76100628930818
Rationality of Method Selection,0.7682071298004274,[0.69 0.84],81.76100628930818
Rigor of Research Design,0.7493837442814781,[0.66 0.83],81.76100628930818
Inclusion of Latest Research Results,0.7337440996222534,[0.65 0.81],83.64779874213836
Reflection of Current Research Hotspots,0.7642524753606815,[0.69 0.84],84.90566037735849
Fluency of Language Expression,0.6442355796665288,[0.54 0.74],83.03030303030303
Appropriateness of Professional Terminology Use,0.608805605108143,[0.51 0.71],82.23684210526315
Conciseness of Expression,0.5723836293486844,[0.47 0.68],81.21212121212122
Practical Application Potential of Research Results,0.7666167956147295,[0.68 0.84],87.87878787878788
Feasibility of Proposed Suggestions,0.6862452133158599,[0.59 0.78],87.87878787878788
Logic of Argumentation,0.7540549923416275,[0.67 0.83],84.17721518987342
Multi-angle Analysis of Problems,0.7469508304996252,[0.66 0.82],85.53459119496856
Identification and Discussion of Research Limitations,0.6943989897311487,[0.6  0.78],86.79245283018868
