Subcategory,ICC (Intraclass Correlation Coefficient),ICC 95% Confidence Interval,Transitivity Consistency Ratio (%)
Topic Relevance,0.09426120585200899,[0.04 0.18],73.97260273972603
Comprehensiveness of Information,0.09976318409294314,[0.04 0.18],73.17073170731707
Accuracy of Information,0.018455391851267607,[-0.02  0.08],41.935483870967744
Innovativeness of Viewpoints,0.10163989440772137,[0.05 0.19],72.38095238095238
Integration of Interdisciplinary Perspectives,0.11039706970397616,[0.05 0.2 ],74.75728155339806
Clarity of Logical Structure,0.07898436587114864,[0.03 0.15],86.16352201257862
Reasonableness of Chapter Arrangement,0.0854915163501991,[0.04 0.16],80.50847457627118
Quality of Introduction and Conclusion,0.08802425859306494,[0.03 0.17],75.0
Accuracy and Completeness of Citations,0.06426673885414615,[0.02 0.14],67.81609195402298
Timeliness and Relevance of References,0.1151060376848494,[0.06 0.2 ],75.96153846153845
Avoidance of Plagiarism and Appropriate Citation,0.09932272320049536,[0.04 0.18],73.73737373737373
Critical Analysis of Existing Research,0.09994457648578586,[0.04 0.19],74.26470588235294
Proposal of New Research Directions or Questions,0.081806573954833,[0.03 0.16],73.18840579710145
Potential Contribution to the Field,0.10568161614509515,[0.05 0.19],73.80952380952381
Clarity of Research Method Description,0.07966499202978766,[0.03 0.16],82.66666666666667
Rationality of Method Selection,0.06688697899823026,[0.02 0.14],84.27672955974843
Rigor of Research Design,0.05887894586386671,[0.01 0.13],80.43478260869566
Inclusion of Latest Research Results,0.11123547806976083,[0.05 0.2 ],78.76106194690266
Reflection of Current Research Hotspots,0.10379440745495518,[0.05 0.19],78.32167832167832
Fluency of Language Expression,0.04561557535443016,[0.   0.11],82.11382113821138
Appropriateness of Professional Terminology Use,0.05471220930911089,[0.01 0.12],84.84848484848484
Conciseness of Expression,0.037137857742318245,[-0.   0.1],82.45614035087719
Practical Application Potential of Research Results,0.07989790435165123,[0.03 0.16],81.67938931297711
Feasibility of Proposed Suggestions,0.0903057653860571,[0.04 0.17],77.7027027027027
Logic of Argumentation,0.09451154998885693,[0.04 0.18],80.28169014084507
Multi-angle Analysis of Problems,0.1073993507070389,[0.05 0.19],83.03030303030303
Identification and Discussion of Research Limitations,0.08830131050029548,[0.04 0.17],80.95238095238095
