Subcategory,ICC (Intraclass Correlation Coefficient),ICC 95% Confidence Interval,Transitivity Consistency Ratio (%)
Topic Relevance,0.8088142277476749,[0.72 0.88],78.78787878787878
Comprehensiveness of Information,0.8904445621457729,[0.81 0.94],76.96969696969697
Accuracy of Information,0.7512731658753253,[0.66 0.83],69.1588785046729
Innovativeness of Viewpoints,0.7305662839164275,[0.65 0.81],80.2547770700637
Integration of Interdisciplinary Perspectives,0.7848266890395075,[0.71 0.85],74.84276729559748
Clarity of Logical Structure,0.44282826366560984,[0.3  0.59],84.24242424242424
Reasonableness of Chapter Arrangement,0.4470508055691808,[0.32 0.58],82.42424242424242
Quality of Introduction and Conclusion,0.4461729595797936,[0.34 0.57],79.24528301886792
Accuracy and Completeness of Citations,0.9017972351508022,[0.86 0.94],78.78787878787878
Timeliness and Relevance of References,0.8300683340339987,[0.76 0.89],74.10714285714286
Avoidance of Plagiarism and Appropriate Citation,0.8441107996705215,[0.79 0.89],38.88888888888889
Critical Analysis of Existing Research,0.8458569012757537,[0.78 0.9 ],75.15151515151514
Proposal of New Research Directions or Questions,0.8534192905382749,[0.8 0.9],81.21212121212122
Potential Contribution to the Field,0.8095067645634569,[0.73 0.87],81.21212121212122
Clarity of Research Method Description,0.7090295658194848,[0.59 0.81],78.18181818181819
Rationality of Method Selection,0.6502444968289884,[0.55 0.75],59.32203389830508
Rigor of Research Design,0.7603563257557318,[0.68 0.83],67.04545454545455
Inclusion of Latest Research Results,0.8515472290612098,[0.79 0.9 ],80.0
Reflection of Current Research Hotspots,0.5278516742038117,[0.4  0.66],79.24528301886792
Fluency of Language Expression,0.5069556388986074,[0.4  0.63],77.77777777777779
Appropriateness of Professional Terminology Use,0.7291313027211472,[0.63 0.81],70.1923076923077
Conciseness of Expression,0.6417703598837644,[0.53 0.75],87.27272727272727
Practical Application Potential of Research Results,0.8151531413101184,[0.73 0.88],77.57575757575758
Feasibility of Proposed Suggestions,0.7019255758878516,[0.62 0.79],80.89171974522293
Logic of Argumentation,0.6117477330763489,[0.48 0.73],79.39393939393939
Multi-angle Analysis of Problems,0.7446769278204359,[0.66 0.82],71.61290322580646
Identification and Discussion of Research Limitations,0.5379846885522749,[0.43 0.65],66.07142857142857
