Subcategory,ICC (Intraclass Correlation Coefficient),ICC 95% Confidence Interval,Transitivity Consistency Ratio (%)
Topic Relevance,0.6587266167727697,[0.57 0.75],70.94017094017094
Comprehensiveness of Information,0.7948764418067163,[0.73 0.86],83.03030303030303
Accuracy of Information,0.5560167646904631,[0.46 0.67],68.14159292035397
Innovativeness of Viewpoints,0.7576155815640854,[0.68 0.83],89.6969696969697
Integration of Interdisciplinary Perspectives,0.7904918151256025,[0.72 0.85],84.24242424242424
Clarity of Logical Structure,0.7791272872590757,[0.71 0.85],81.08108108108108
Reasonableness of Chapter Arrangement,0.7866334942283277,[0.72 0.85],81.21212121212122
Quality of Introduction and Conclusion,0.7054403033778118,[0.62 0.79],84.0
Accuracy and Completeness of Citations,0.5404287660649109,[0.44 0.65],71.56862745098039
Timeliness and Relevance of References,0.61729746075146,[0.52 0.72],81.21212121212122
Avoidance of Plagiarism and Appropriate Citation,0.3150994365574144,[0.22 0.43],70.0
Critical Analysis of Existing Research,0.7659998942177445,[0.69 0.84],86.06060606060606
Proposal of New Research Directions or Questions,0.710565526447522,[0.62 0.79],87.87878787878788
Potential Contribution to the Field,0.7280320367933742,[0.64 0.81],84.24242424242424
Clarity of Research Method Description,0.6622423455000161,[0.57 0.76],82.42424242424242
Rationality of Method Selection,0.6575106693614463,[0.56 0.75],80.89171974522293
Rigor of Research Design,0.6656066609387717,[0.57 0.76],80.89171974522293
Inclusion of Latest Research Results,0.623189628628692,[0.53 0.72],81.21212121212122
Reflection of Current Research Hotspots,0.7244644794068501,[0.64 0.8 ],81.81818181818183
Fluency of Language Expression,0.651731209198121,[0.56 0.75],85.35031847133759
Appropriateness of Professional Terminology Use,0.6594367348641809,[0.57 0.75],83.63636363636363
Conciseness of Expression,0.619062377465859,[0.52 0.72],88.53503184713377
Practical Application Potential of Research Results,0.727421724259534,[0.64 0.81],84.24242424242424
Feasibility of Proposed Suggestions,0.6506086784742678,[0.56 0.75],88.53503184713377
Logic of Argumentation,0.7551676585434702,[0.68 0.83],81.08108108108108
Multi-angle Analysis of Problems,0.7572339040019792,[0.68 0.83],84.71337579617835
Identification and Discussion of Research Limitations,0.6594407940579853,[0.57 0.75],84.71337579617835
