Subcategory,ICC (Intraclass Correlation Coefficient),ICC 95% Confidence Interval,Transitivity Consistency Ratio (%)
Topic Relevance,0.12208856209161614,[0.06 0.21],64.28571428571429
Comprehensiveness of Information,0.14378481236707621,[0.08 0.24],67.64705882352942
Accuracy of Information,0.08474635974737087,[0.03 0.16],54.83870967741935
Innovativeness of Viewpoints,0.11452756728185903,[0.06 0.2 ],73.22834645669292
Integration of Interdisciplinary Perspectives,0.0976036235760097,[0.04 0.18],75.47169811320755
Clarity of Logical Structure,0.11632425840623838,[0.06 0.2 ],85.12396694214877
Reasonableness of Chapter Arrangement,0.10624921727960639,[0.05 0.19],76.69172932330827
Quality of Introduction and Conclusion,0.09305907773971893,[0.04 0.17],73.0
Accuracy and Completeness of Citations,0.08726473161611542,[0.04 0.17],87.37864077669903
Timeliness and Relevance of References,0.14970369945285208,[0.08 0.25],73.6
Avoidance of Plagiarism and Appropriate Citation,0.04706154366544543,[0.   0.11],64.86486486486487
Critical Analysis of Existing Research,0.10602393125074505,[0.05 0.2 ],68.8
Proposal of New Research Directions or Questions,0.14153867438928144,[0.08 0.24],73.42657342657343
Potential Contribution to the Field,0.1054987615722827,[0.05 0.19],73.61111111111111
Clarity of Research Method Description,0.07615633715815288,[0.03 0.15],81.25
Rationality of Method Selection,0.07292711697061874,[0.02 0.15],80.0
Rigor of Research Design,0.08707808942961624,[0.03 0.17],80.3030303030303
Inclusion of Latest Research Results,0.1425187668640291,[0.08 0.24],77.61194029850746
Reflection of Current Research Hotspots,0.15570362426932213,[0.09 0.26],71.54471544715447
Fluency of Language Expression,0.10797886321259559,[0.05 0.2 ],65.42056074766354
Appropriateness of Professional Terminology Use,0.08933500572077341,[0.04 0.17],74.16666666666667
Conciseness of Expression,0.07512035228500961,[0.03 0.15],70.37037037037037
Practical Application Potential of Research Results,0.08913541975533254,[0.04 0.17],77.8688524590164
Feasibility of Proposed Suggestions,0.11779351664565436,[0.06 0.21],69.0909090909091
Logic of Argumentation,0.08249633531949019,[0.03 0.16],68.14159292035397
Multi-angle Analysis of Problems,0.08765281945483697,[0.03 0.17],65.8119658119658
Identification and Discussion of Research Limitations,0.10297407630637932,[0.05 0.19],72.93233082706767
