Subcategory,ICC (Intraclass Correlation Coefficient),ICC 95% Confidence Interval,Transitivity Consistency Ratio (%)
Topic Relevance,0.30039480025272214,[0.21 0.42],80.76923076923077
Comprehensiveness of Information,0.6534204007082269,[0.47 0.78],96.36363636363636
Accuracy of Information,0.2246409120168134,[0.14 0.33],70.58823529411765
Innovativeness of Viewpoints,0.6368136574047157,[0.46 0.77],97.57575757575758
Integration of Interdisciplinary Perspectives,0.6488731905951439,[0.52 0.76],93.33333333333333
Clarity of Logical Structure,0.6642016975607299,[0.55 0.77],86.06060606060606
Reasonableness of Chapter Arrangement,0.6687243437783799,[0.56 0.77],87.91946308724832
Quality of Introduction and Conclusion,0.6067892001747084,[0.48 0.72],82.80254777070064
Accuracy and Completeness of Citations,0.6968613519858876,[0.61 0.78],80.0
Timeliness and Relevance of References,0.6276824313619558,[0.51 0.74],93.33333333333333
Avoidance of Plagiarism and Appropriate Citation,0.19121866064826715,[0.12 0.3 ],75.0
Critical Analysis of Existing Research,0.6520938442459897,[0.47 0.78],97.57575757575758
Proposal of New Research Directions or Questions,0.7711688612899843,[0.66 0.85],93.93939393939394
Potential Contribution to the Field,0.6538262770313639,[0.49 0.78],97.57575757575758
Clarity of Research Method Description,0.585600557894994,[0.45 0.71],96.15384615384616
Rationality of Method Selection,0.5629809405022466,[0.42 0.69],95.75757575757575
Rigor of Research Design,0.5107179721625555,[0.36 0.65],95.15151515151516
Inclusion of Latest Research Results,0.6419404950916557,[0.52 0.75],93.33333333333333
Reflection of Current Research Hotspots,0.6109862565734977,[0.49 0.73],89.0909090909091
Fluency of Language Expression,0.44833843785905264,[0.34 0.57],83.63636363636363
Appropriateness of Professional Terminology Use,0.3653218774858192,[0.24 0.5 ],91.51515151515152
Conciseness of Expression,0.3657625547656011,[0.26 0.49],84.84848484848484
Practical Application Potential of Research Results,0.6434651694942431,[0.47 0.77],97.57575757575758
Feasibility of Proposed Suggestions,0.5942692388073751,[0.44 0.72],93.93939393939394
Logic of Argumentation,0.5497461834827132,[0.39 0.69],89.6969696969697
Multi-angle Analysis of Problems,0.579529564349738,[0.43 0.71],93.33333333333333
Identification and Discussion of Research Limitations,0.5348654033952092,[0.37 0.68],92.12121212121212
