Subcategory,ICC (Intraclass Correlation Coefficient),ICC 95% Confidence Interval,Transitivity Consistency Ratio (%)
Topic Relevance,0.7521707875779302,[0.66 0.83],79.28571428571428
Comprehensiveness of Information,0.8601250050297088,[0.77 0.92],80.0
Accuracy of Information,0.8061132057596303,[0.74 0.87],75.93984962406014
Innovativeness of Viewpoints,0.9183322321641997,[0.89 0.95],78.2051282051282
Integration of Interdisciplinary Perspectives,0.7609926518526505,[0.67 0.84],79.19463087248322
Clarity of Logical Structure,0.725356386990768,[0.63 0.81],83.03030303030303
Reasonableness of Chapter Arrangement,0.7476554340814221,[0.67 0.82],79.39393939393939
Quality of Introduction and Conclusion,0.8527819087331127,[0.8 0.9],78.343949044586
Accuracy and Completeness of Citations,0.9598737569779442,[0.94 0.97],81.81818181818183
Timeliness and Relevance of References,0.945366998809858,[0.92 0.96],75.0
Avoidance of Plagiarism and Appropriate Citation,0.941835361703577,[0.92 0.96],35.714285714285715
Critical Analysis of Existing Research,0.887173317899665,[0.81 0.93],80.60606060606061
Proposal of New Research Directions or Questions,0.9558493966678641,[0.94 0.97],75.15151515151514
Potential Contribution to the Field,0.8975111299640244,[0.85 0.93],80.60606060606061
Clarity of Research Method Description,0.8186660738010004,[0.75 0.88],74.73684210526315
Rationality of Method Selection,0.6665523060724221,[0.57 0.76],57.49999999999999
Rigor of Research Design,0.6765304373167846,[0.59 0.77],69.1358024691358
Inclusion of Latest Research Results,0.8909942039548858,[0.84 0.93],78.65168539325843
Reflection of Current Research Hotspots,0.8263947539309858,[0.74 0.89],75.15923566878982
Fluency of Language Expression,0.6273373636271508,[0.51 0.74],87.07482993197279
Appropriateness of Professional Terminology Use,0.7575273914243543,[0.67 0.84],69.76744186046511
Conciseness of Expression,0.6682595192321626,[0.53 0.78],90.9090909090909
Practical Application Potential of Research Results,0.8774752804308459,[0.83 0.92],76.36363636363637
Feasibility of Proposed Suggestions,0.9068525912661333,[0.87 0.94],72.72727272727273
Logic of Argumentation,0.8412266011212355,[0.76 0.9 ],84.24242424242424
Multi-angle Analysis of Problems,0.7699251849830635,[0.68 0.84],77.70700636942675
Identification and Discussion of Research Limitations,0.7621585519665605,[0.69 0.83],74.73684210526315
