Subcategory,ICC (Intraclass Correlation Coefficient),ICC 95% Confidence Interval,Transitivity Consistency Ratio (%)
Topic Relevance,0.6414001469623481,[0.55 0.74],83.63636363636363
Comprehensiveness of Information,0.8382927534101237,[0.78 0.89],80.0
Accuracy of Information,0.5155706326915868,[0.41 0.63],84.84848484848484
Innovativeness of Viewpoints,0.7927375647338142,[0.72 0.86],81.81818181818183
Integration of Interdisciplinary Perspectives,0.7899079727925339,[0.72 0.85],81.81818181818183
Clarity of Logical Structure,0.7938347573409612,[0.72 0.86],76.96969696969697
Reasonableness of Chapter Arrangement,0.7918129992278696,[0.72 0.86],78.18181818181819
Quality of Introduction and Conclusion,0.6997902037690914,[0.61 0.78],81.81818181818183
Accuracy and Completeness of Citations,0.6009658757288447,[0.5 0.7],84.84848484848484
Timeliness and Relevance of References,0.6568809573249476,[0.56 0.75],81.81818181818183
Avoidance of Plagiarism and Appropriate Citation,0.42219819566479555,[0.32 0.54],85.45454545454545
Critical Analysis of Existing Research,0.7848707084641263,[0.71 0.85],84.24242424242424
Proposal of New Research Directions or Questions,0.6871986089111398,[0.6  0.77],81.81818181818183
Potential Contribution to the Field,0.772774873448216,[0.7  0.84],80.60606060606061
Clarity of Research Method Description,0.7237409361826612,[0.64 0.8 ],84.24242424242424
Rationality of Method Selection,0.7293769483599091,[0.65 0.81],83.63636363636363
Rigor of Research Design,0.7238898147846692,[0.64 0.8 ],83.63636363636363
Inclusion of Latest Research Results,0.6574025989750747,[0.56 0.75],83.63636363636363
Reflection of Current Research Hotspots,0.6833061456005797,[0.59 0.77],80.60606060606061
Fluency of Language Expression,0.6746523602738982,[0.58 0.76],81.81818181818183
Appropriateness of Professional Terminology Use,0.6608130458500893,[0.57 0.75],83.03030303030303
Conciseness of Expression,0.693553649491919,[0.61 0.78],80.60606060606061
Practical Application Potential of Research Results,0.7753445244755739,[0.7  0.84],80.60606060606061
Feasibility of Proposed Suggestions,0.5849356296914658,[0.49 0.69],81.81818181818183
Logic of Argumentation,0.7776525075803722,[0.7  0.84],80.60606060606061
Multi-angle Analysis of Problems,0.7906577997562475,[0.72 0.85],80.60606060606061
Identification and Discussion of Research Limitations,0.7069211012973402,[0.62 0.79],80.60606060606061
