Subcategory,ICC (Intraclass Correlation Coefficient),ICC 95% Confidence Interval,Transitivity Consistency Ratio (%)
Topic Relevance,0.5024000749291685,[0.39 0.62],83.63636363636363
Comprehensiveness of Information,0.8661023730075169,[0.82 0.91],73.93939393939394
Accuracy of Information,0.22904205607476635,[0.15 0.34],89.6969696969697
Innovativeness of Viewpoints,0.4203852014472135,[0.31 0.55],84.84848484848484
Integration of Interdisciplinary Perspectives,0.673913325117633,[0.58 0.76],75.15151515151514
Clarity of Logical Structure,0.8018136079096707,[0.73 0.86],76.96969696969697
Reasonableness of Chapter Arrangement,0.7762670722606941,[0.7  0.84],76.36363636363637
Quality of Introduction and Conclusion,0.6810153269484861,[0.59 0.77],75.15151515151514
Accuracy and Completeness of Citations,0.2289839604070006,[0.15 0.34],80.60606060606061
Timeliness and Relevance of References,0.45114238523174716,[0.35 0.57],73.93939393939394
Avoidance of Plagiarism and Appropriate Citation,0.13542914708890538,[0.07 0.23],92.72727272727272
Critical Analysis of Existing Research,0.5443752883408716,[0.43 0.66],75.75757575757575
Proposal of New Research Directions or Questions,0.35185106490480256,[0.26 0.47],82.42424242424242
Potential Contribution to the Field,0.5502125547953703,[0.45 0.66],78.18181818181819
Clarity of Research Method Description,0.663722280059379,[0.57 0.76],75.15151515151514
Rationality of Method Selection,0.6536397508026079,[0.56 0.75],76.96969696969697
Rigor of Research Design,0.6649358078913236,[0.57 0.76],76.36363636363637
Inclusion of Latest Research Results,0.4591722173510457,[0.36 0.58],73.93939393939394
Reflection of Current Research Hotspots,0.6260316645411312,[0.53 0.73],73.93939393939394
Fluency of Language Expression,0.6227376154594337,[0.52 0.72],74.54545454545455
Appropriateness of Professional Terminology Use,0.5309678505758688,[0.43 0.64],80.0
Conciseness of Expression,0.4822194230960546,[0.38 0.6 ],76.96969696969697
Practical Application Potential of Research Results,0.6142578548212352,[0.52 0.72],73.93939393939394
Feasibility of Proposed Suggestions,0.5832834961688639,[0.48 0.69],72.72727272727273
Logic of Argumentation,0.700788272673659,[0.61 0.79],76.36363636363637
Multi-angle Analysis of Problems,0.7120663444576706,[0.63 0.8 ],72.72727272727273
Identification and Discussion of Research Limitations,0.6450165488788322,[0.55 0.74],72.72727272727273
