Subcategory,ICC (Intraclass Correlation Coefficient),ICC 95% Confidence Interval,Transitivity Consistency Ratio (%)
Topic Relevance,0.5182940850252262,[0.42 0.63],16.666666666666664
Comprehensiveness of Information,0.8215610498130458,[0.76 0.88],81.64556962025317
Accuracy of Information,0.5296054861925011,[0.43 0.64],21.428571428571427
Innovativeness of Viewpoints,0.8573220271027309,[0.8 0.9],82.42424242424242
Integration of Interdisciplinary Perspectives,0.790745334231867,[0.72 0.86],80.0
Clarity of Logical Structure,0.7777126108067427,[0.7  0.84],79.47019867549669
Reasonableness of Chapter Arrangement,0.7848088990353093,[0.71 0.85],81.64556962025317
Quality of Introduction and Conclusion,0.7572005661738279,[0.68 0.83],81.64556962025317
Accuracy and Completeness of Citations,0.6146245107522639,[0.52 0.72],33.33333333333333
Timeliness and Relevance of References,0.6261168332187714,[0.53 0.73],79.11392405063292
Avoidance of Plagiarism and Appropriate Citation,0.3934216749529745,[0.29 0.51],18.181818181818183
Critical Analysis of Existing Research,0.771424756534374,[0.7  0.84],82.42424242424242
Proposal of New Research Directions or Questions,0.7639931448113902,[0.69 0.83],80.50314465408806
Potential Contribution to the Field,0.7722559207628041,[0.7  0.84],82.42424242424242
Clarity of Research Method Description,0.7050772054723502,[0.62 0.79],80.12820512820514
Rationality of Method Selection,0.6817736460252907,[0.59 0.77],81.64556962025317
Rigor of Research Design,0.6551104200628481,[0.56 0.75],81.64556962025317
Inclusion of Latest Research Results,0.6302224463123381,[0.53 0.73],79.11392405063292
Reflection of Current Research Hotspots,0.63706340311743,[0.54 0.73],79.11392405063292
Fluency of Language Expression,0.671753724265186,[0.58 0.76],78.84615384615384
Appropriateness of Professional Terminology Use,0.7064346159135886,[0.62 0.79],80.37974683544303
Conciseness of Expression,0.5999247212630496,[0.5 0.7],82.78145695364239
Practical Application Potential of Research Results,0.7425418859647155,[0.66 0.82],84.84848484848484
Feasibility of Proposed Suggestions,0.6465762317699841,[0.55 0.74],83.63636363636363
Logic of Argumentation,0.7373147506538212,[0.66 0.81],79.74683544303798
Multi-angle Analysis of Problems,0.7421937989025161,[0.66 0.82],81.64556962025317
Identification and Discussion of Research Limitations,0.6265886637790948,[0.53 0.73],81.64556962025317
