Subcategory,ICC (Intraclass Correlation Coefficient),ICC 95% Confidence Interval,Transitivity Consistency Ratio (%)
Topic Relevance,0.44126463385802633,[0.31 0.58],82.5503355704698
Comprehensiveness of Information,0.800820677681038,[0.66 0.88],81.81818181818183
Accuracy of Information,0.7883840591399828,[0.7  0.86],76.19047619047619
Innovativeness of Viewpoints,0.9015193985742757,[0.86 0.93],82.42424242424242
Integration of Interdisciplinary Perspectives,0.6961165869781144,[0.59 0.79],83.09859154929578
Clarity of Logical Structure,0.7727525076885692,[0.62 0.87],85.44303797468355
Reasonableness of Chapter Arrangement,0.7742545752393062,[0.64 0.86],84.10596026490066
Quality of Introduction and Conclusion,0.8356349541971425,[0.76 0.89],77.57575757575758
Accuracy and Completeness of Citations,0.9386515285249628,[0.9  0.96],83.5820895522388
Timeliness and Relevance of References,0.9272345444235381,[0.89 0.95],68.13186813186813
Avoidance of Plagiarism and Appropriate Citation,0.9266848167762413,[0.9  0.95],41.17647058823529
Critical Analysis of Existing Research,0.8076338066600596,[0.74 0.87],75.6578947368421
Proposal of New Research Directions or Questions,0.9493775480558333,[0.93 0.97],82.42424242424242
Potential Contribution to the Field,0.9111962526471628,[0.87 0.94],83.43949044585987
Clarity of Research Method Description,0.8056644612243893,[0.66 0.89],85.44303797468355
Rationality of Method Selection,0.6444228682786595,[0.52 0.75],78.43137254901961
Rigor of Research Design,0.8076155278040785,[0.73 0.87],82.4074074074074
Inclusion of Latest Research Results,0.9214191533947573,[0.88 0.95],74.07407407407408
Reflection of Current Research Hotspots,0.8693997768407563,[0.81 0.91],80.79470198675497
Fluency of Language Expression,0.0125981156552619,[-0.01  0.05],95.74468085106383
Appropriateness of Professional Terminology Use,0.5955733059639883,[0.48 0.71],80.85106382978722
Conciseness of Expression,0.6010483391583645,[0.49 0.71],81.81818181818183
Practical Application Potential of Research Results,0.9050101987536611,[0.86 0.94],82.38993710691824
Feasibility of Proposed Suggestions,0.9057438317213289,[0.87 0.94],84.84848484848484
Logic of Argumentation,0.7579204596814642,[0.65 0.84],87.89808917197452
Multi-angle Analysis of Problems,0.7059052379357433,[0.6 0.8],89.0909090909091
Identification and Discussion of Research Limitations,0.7326607216283033,[0.65 0.81],75.96899224806202
