Subcategory,ICC (Intraclass Correlation Coefficient),ICC 95% Confidence Interval,Transitivity Consistency Ratio (%)
Topic Relevance,0.5211826810010123,[0.4  0.64],71.3375796178344
Comprehensiveness of Information,0.6526454821195614,[0.48 0.78],77.57575757575758
Accuracy of Information,0.7307679941353875,[0.62 0.82],55.670103092783506
Innovativeness of Viewpoints,0.7369755212459821,[0.66 0.81],83.03030303030303
Integration of Interdisciplinary Perspectives,0.4950010018931294,[0.39 0.61],74.0
Clarity of Logical Structure,0.7324392106138465,[0.57 0.84],81.21212121212122
Reasonableness of Chapter Arrangement,0.758798230456109,[0.63 0.85],81.21212121212122
Quality of Introduction and Conclusion,0.7917925939435365,[0.72 0.86],73.91304347826086
Accuracy and Completeness of Citations,0.8610782590169,[0.8  0.91],66.66666666666666
Timeliness and Relevance of References,0.7284551407461436,[0.64 0.81],60.273972602739725
Avoidance of Plagiarism and Appropriate Citation,0.7820910724059452,[0.71 0.85],42.10526315789473
Critical Analysis of Existing Research,0.698138226062912,[0.58 0.8 ],73.33333333333333
Proposal of New Research Directions or Questions,0.8754821012957325,[0.83 0.92],73.24840764331209
Potential Contribution to the Field,0.7303994057775035,[0.64 0.81],79.19463087248322
Clarity of Research Method Description,0.5948490204484016,[0.48 0.71],79.61783439490446
Rationality of Method Selection,0.3913415366309964,[0.29 0.51],45.16129032258064
Rigor of Research Design,0.5173567919938211,[0.42 0.63],64.40677966101694
Inclusion of Latest Research Results,0.669849426516154,[0.56 0.77],67.44186046511628
Reflection of Current Research Hotspots,0.5931188000668726,[0.48 0.71],72.22222222222221
Fluency of Language Expression,0.6727640073694479,[0.53 0.78],86.18421052631578
Appropriateness of Professional Terminology Use,0.6052884264251621,[0.49 0.72],49.2063492063492
Conciseness of Expression,0.6976948454540282,[0.59 0.79],83.03030303030303
Practical Application Potential of Research Results,0.7794019800003881,[0.7  0.85],76.51006711409396
Feasibility of Proposed Suggestions,0.8287202151824391,[0.77 0.88],74.54545454545455
Logic of Argumentation,0.6450878474161261,[0.48 0.77],75.81699346405229
Multi-angle Analysis of Problems,0.5291809053619834,[0.42 0.65],81.41025641025641
Identification and Discussion of Research Limitations,0.7935483308269264,[0.72 0.86],71.32867132867133
