Subcategory,ICC (Intraclass Correlation Coefficient),ICC 95% Confidence Interval,Transitivity Consistency Ratio (%)
Topic Relevance,0.5062167340855867,[0.4  0.62],87.87878787878788
Comprehensiveness of Information,0.7205465836312538,[0.64 0.8 ],73.33333333333333
Accuracy of Information,0.5790348884010538,[0.48 0.69],87.87878787878788
Innovativeness of Viewpoints,0.6202066619781644,[0.52 0.72],75.15151515151514
Integration of Interdisciplinary Perspectives,0.6384391776831823,[0.54 0.74],75.15151515151514
Clarity of Logical Structure,0.7017073939716403,[0.61 0.79],76.36363636363637
Reasonableness of Chapter Arrangement,0.7268925890945772,[0.64 0.81],76.36363636363637
Quality of Introduction and Conclusion,0.6952170795580043,[0.61 0.78],76.36363636363637
Accuracy and Completeness of Citations,0.4568133828737917,[0.36 0.57],87.87878787878788
Timeliness and Relevance of References,0.4764296938535204,[0.37 0.59],76.96969696969697
Avoidance of Plagiarism and Appropriate Citation,0.231522129527055,[0.15 0.34],89.0909090909091
Critical Analysis of Existing Research,0.6259367877669658,[0.53 0.72],76.96969696969697
Proposal of New Research Directions or Questions,0.5685402655692189,[0.47 0.68],78.78787878787878
Potential Contribution to the Field,0.628929841942524,[0.53 0.73],78.78787878787878
Clarity of Research Method Description,0.6598793260884785,[0.57 0.75],75.15151515151514
Rationality of Method Selection,0.6791251521015835,[0.59 0.77],73.93939393939394
Rigor of Research Design,0.638042895710096,[0.54 0.73],74.54545454545455
Inclusion of Latest Research Results,0.4731508494443118,[0.37 0.59],76.96969696969697
Reflection of Current Research Hotspots,0.49262892877446607,[0.39 0.61],78.78787878787878
Fluency of Language Expression,0.6423043918579391,[0.55 0.74],76.96969696969697
Appropriateness of Professional Terminology Use,0.6167601346227459,[0.52 0.72],75.15151515151514
Conciseness of Expression,0.6238097665967961,[0.53 0.72],76.96969696969697
Practical Application Potential of Research Results,0.636396473678011,[0.54 0.73],78.18181818181819
Feasibility of Proposed Suggestions,0.6092882702145378,[0.51 0.71],78.78787878787878
Logic of Argumentation,0.6939949156805927,[0.61 0.78],76.96969696969697
Multi-angle Analysis of Problems,0.6350172161632789,[0.54 0.73],78.18181818181819
Identification and Discussion of Research Limitations,0.6332217778077721,[0.54 0.73],78.78787878787878
