Subcategory,ICC (Intraclass Correlation Coefficient),ICC 95% Confidence Interval,Transitivity Consistency Ratio (%)
Topic Relevance,0.1010135977280837,[0.04 0.19],69.01408450704226
Comprehensiveness of Information,0.1405919106941968,[0.08 0.23],68.42105263157895
Accuracy of Information,0.08761418067925873,[0.03 0.17],60.60606060606061
Innovativeness of Viewpoints,0.13754966409356217,[0.07 0.23],68.57142857142857
Integration of Interdisciplinary Perspectives,0.10660425799331723,[0.05 0.19],78.57142857142857
Clarity of Logical Structure,0.07974398274520338,[0.03 0.15],86.66666666666667
Reasonableness of Chapter Arrangement,0.0821536594762877,[0.03 0.16],77.93103448275862
Quality of Introduction and Conclusion,0.09532834711417057,[0.04 0.18],77.60000000000001
Accuracy and Completeness of Citations,0.0225877941697603,[-0.01  0.08],85.96491228070175
Timeliness and Relevance of References,0.08735270394158452,[0.03 0.17],75.177304964539
Avoidance of Plagiarism and Appropriate Citation,0.04378996803152973,[0.   0.11],71.73913043478261
Critical Analysis of Existing Research,0.1266704435032209,[0.06 0.22],68.75
Proposal of New Research Directions or Questions,0.09531640924784088,[0.04 0.18],68.42105263157895
Potential Contribution to the Field,0.1095670140651482,[0.05 0.2 ],69.44444444444444
Clarity of Research Method Description,0.09087887440828113,[0.04 0.17],77.27272727272727
Rationality of Method Selection,0.0980858563659711,[0.04 0.18],82.03125
Rigor of Research Design,0.09646629656871443,[0.04 0.18],74.48275862068967
Inclusion of Latest Research Results,0.0849179802700385,[0.03 0.17],75.52447552447552
Reflection of Current Research Hotspots,0.0871088561967725,[0.03 0.17],75.88652482269504
Fluency of Language Expression,0.07791048367001484,[0.03 0.16],69.85294117647058
Appropriateness of Professional Terminology Use,0.08092172579828243,[0.03 0.16],67.6923076923077
Conciseness of Expression,0.06561528483232501,[0.02 0.14],72.44897959183673
Practical Application Potential of Research Results,0.09975427158845218,[0.04 0.19],76.74418604651163
Feasibility of Proposed Suggestions,0.06823814231908035,[0.02 0.15],72.6027397260274
Logic of Argumentation,0.08362424955389103,[0.03 0.17],71.66666666666667
Multi-angle Analysis of Problems,0.09963291647106573,[0.04 0.19],73.72262773722628
Identification and Discussion of Research Limitations,0.09983096130470014,[0.04 0.19],74.28571428571429
