Subcategory,ICC (Intraclass Correlation Coefficient),ICC 95% Confidence Interval,Transitivity Consistency Ratio (%)
Topic Relevance,0.777887881450349,[0.7  0.85],72.65625
Comprehensiveness of Information,0.8823537646701979,[0.83 0.92],76.96969696969697
Accuracy of Information,0.8668609609386716,[0.82 0.91],53.73134328358209
Innovativeness of Viewpoints,0.7184122031250333,[0.63 0.8 ],87.87878787878788
Integration of Interdisciplinary Perspectives,0.3415350356262563,[0.25 0.46],77.41935483870968
Clarity of Logical Structure,0.6802965140241981,[0.56 0.78],75.52447552447552
Reasonableness of Chapter Arrangement,0.664327938188487,[0.56 0.76],81.41025641025641
Quality of Introduction and Conclusion,0.7607655365649281,[0.68 0.83],75.15151515151514
Accuracy and Completeness of Citations,0.9285239993545081,[0.9  0.95],65.17857142857143
Timeliness and Relevance of References,0.8256853011543857,[0.76 0.88],48.275862068965516
Avoidance of Plagiarism and Appropriate Citation,0.8250201154673471,[0.76 0.88],24.137931034482758
Critical Analysis of Existing Research,0.7855578003733084,[0.71 0.85],81.81818181818183
Proposal of New Research Directions or Questions,0.8676347199028092,[0.82 0.91],78.18181818181819
Potential Contribution to the Field,0.6900902793518464,[0.59 0.78],77.20588235294117
Clarity of Research Method Description,0.8495736701493851,[0.78 0.9 ],68.29268292682927
Rationality of Method Selection,0.6048937256052377,[0.51 0.71],51.02040816326531
Rigor of Research Design,0.821037384903885,[0.76 0.88],51.66666666666667
Inclusion of Latest Research Results,0.8231250057852847,[0.76 0.88],69.0909090909091
Reflection of Current Research Hotspots,0.39292866399144966,[0.28 0.52],73.07692307692307
Fluency of Language Expression,0.6366576997986109,[0.52 0.74],77.8688524590164
Appropriateness of Professional Terminology Use,0.7296866003125768,[0.65 0.81],44.44444444444444
Conciseness of Expression,0.7091227835018815,[0.6 0.8],86.06060606060606
Practical Application Potential of Research Results,0.6033897028045208,[0.5  0.71],75.71428571428571
Feasibility of Proposed Suggestions,0.8234456140667173,[0.76 0.88],80.0
Logic of Argumentation,0.7347980888242946,[0.64 0.82],70.39999999999999
Multi-angle Analysis of Problems,0.24455703879003451,[0.16 0.36],84.84848484848484
Identification and Discussion of Research Limitations,0.6445710125687857,[0.55 0.74],65.76576576576578
