Subcategory,ICC (Intraclass Correlation Coefficient),ICC 95% Confidence Interval,Transitivity Consistency Ratio (%)
Topic Relevance,0.7540279365440349,[0.68 0.83],74.35897435897436
Comprehensiveness of Information,0.8383412984034373,[0.78 0.89],84.84848484848484
Accuracy of Information,0.5010597528403573,[0.4  0.62],56.25
Innovativeness of Viewpoints,0.8223347955698903,[0.76 0.88],81.41025641025641
Integration of Interdisciplinary Perspectives,0.8054994691071272,[0.74 0.87],87.34177215189874
Clarity of Logical Structure,0.777445367021513,[0.7  0.85],89.6969696969697
Reasonableness of Chapter Arrangement,0.7787636694604847,[0.71 0.85],89.6969696969697
Quality of Introduction and Conclusion,0.7372729054437965,[0.66 0.81],89.6969696969697
Accuracy and Completeness of Citations,0.6615888559895089,[0.57 0.75],60.0
Timeliness and Relevance of References,0.6772260192957038,[0.59 0.77],89.0909090909091
Avoidance of Plagiarism and Appropriate Citation,0.2870771976168107,[0.2 0.4],62.96296296296296
Critical Analysis of Existing Research,0.8339247096942457,[0.77 0.89],81.81818181818183
Proposal of New Research Directions or Questions,0.7860410299528383,[0.72 0.85],90.30303030303031
Potential Contribution to the Field,0.8161314524035895,[0.75 0.87],89.1025641025641
Clarity of Research Method Description,0.6965283552189152,[0.61 0.78],83.33333333333334
Rationality of Method Selection,0.7076466826115638,[0.62 0.79],84.24242424242424
Rigor of Research Design,0.680684447500031,[0.59 0.77],83.97435897435898
Inclusion of Latest Research Results,0.6989066592231403,[0.61 0.78],87.5
Reflection of Current Research Hotspots,0.7226207079948546,[0.64 0.8 ],89.6969696969697
Fluency of Language Expression,0.6542695435187283,[0.56 0.75],89.6969696969697
Appropriateness of Professional Terminology Use,0.6740071605618285,[0.58 0.76],85.98726114649682
Conciseness of Expression,0.5503119068683622,[0.45 0.66],89.6969696969697
Practical Application Potential of Research Results,0.8092293792397443,[0.74 0.87],87.83783783783784
Feasibility of Proposed Suggestions,0.6685920483454835,[0.58 0.76],89.171974522293
Logic of Argumentation,0.7724395685616505,[0.7  0.84],89.6969696969697
Multi-angle Analysis of Problems,0.7758303436606443,[0.7  0.84],89.6969696969697
Identification and Discussion of Research Limitations,0.6631423123995417,[0.57 0.76],88.53503184713377
