Subcategory,ICC (Intraclass Correlation Coefficient),ICC 95% Confidence Interval,Transitivity Consistency Ratio (%)
Topic Relevance,0.6929579177815612,[0.6  0.78],39.473684210526315
Comprehensiveness of Information,0.6409635441220671,[0.49 0.76],84.84848484848484
Accuracy of Information,0.6864617429592089,[0.59 0.78],29.03225806451613
Innovativeness of Viewpoints,0.4856937018279884,[0.35 0.62],84.84848484848484
Integration of Interdisciplinary Perspectives,0.5936597628192842,[0.48 0.7 ],84.84848484848484
Clarity of Logical Structure,0.47544151402575613,[0.37 0.6 ],79.39393939393939
Reasonableness of Chapter Arrangement,0.5037357589257048,[0.4  0.62],78.18181818181819
Quality of Introduction and Conclusion,0.48203507429281045,[0.38 0.6 ],78.343949044586
Accuracy and Completeness of Citations,0.7605747863571795,[0.68 0.83],31.25
Timeliness and Relevance of References,0.5643499957612087,[0.45 0.68],86.06060606060606
Avoidance of Plagiarism and Appropriate Citation,0.5088990066225163,[0.41 0.62],27.586206896551722
Critical Analysis of Existing Research,0.47729078651594653,[0.34 0.62],84.84848484848484
Proposal of New Research Directions or Questions,0.44776120980844464,[0.32 0.58],89.6969696969697
Potential Contribution to the Field,0.4759752411112711,[0.35 0.61],86.06060606060606
Clarity of Research Method Description,0.5177965015441433,[0.4  0.64],84.84848484848484
Rationality of Method Selection,0.5137876392324807,[0.39 0.64],84.84848484848484
Rigor of Research Design,0.5146940491442646,[0.39 0.64],84.84848484848484
Inclusion of Latest Research Results,0.5731468624349486,[0.46 0.69],86.06060606060606
Reflection of Current Research Hotspots,0.5602966938133079,[0.44 0.68],86.06060606060606
Fluency of Language Expression,0.4184850749456064,[0.31 0.54],79.39393939393939
Appropriateness of Professional Terminology Use,0.41003554684666227,[0.3  0.54],84.84848484848484
Conciseness of Expression,0.3148663232416254,[0.22 0.43],80.12422360248446
Practical Application Potential of Research Results,0.4881346341008448,[0.36 0.62],86.06060606060606
Feasibility of Proposed Suggestions,0.4568831171796598,[0.33 0.59],86.06060606060606
Logic of Argumentation,0.5113252700869537,[0.39 0.63],86.06060606060606
Multi-angle Analysis of Problems,0.5051770034013238,[0.38 0.63],84.84848484848484
Identification and Discussion of Research Limitations,0.5019904207349714,[0.38 0.63],84.84848484848484
