Subcategory,ICC (Intraclass Correlation Coefficient),ICC 95% Confidence Interval,Transitivity Consistency Ratio (%)
Topic Relevance,0.07442910378315433,[0.03 0.15],63.793103448275865
Comprehensiveness of Information,0.09339971910394096,[0.04 0.17],60.0
Accuracy of Information,0.0682651388146865,[0.02 0.14],30.0
Innovativeness of Viewpoints,0.1796190575637537,[0.11 0.28],73.97260273972603
Integration of Interdisciplinary Perspectives,0.06709422621931664,[0.02 0.14],76.34408602150538
Clarity of Logical Structure,0.05486921675342058,[0.01 0.12],82.4074074074074
Reasonableness of Chapter Arrangement,0.06395382558690588,[0.02 0.13],72.47706422018348
Quality of Introduction and Conclusion,0.09023883408738684,[0.04 0.17],65.69343065693431
Accuracy and Completeness of Citations,-0.0013826655917808463,[-0.03  0.05],87.37864077669903
Timeliness and Relevance of References,0.04294921517487018,[0.   0.11],72.82608695652173
Avoidance of Plagiarism and Appropriate Citation,0.02959611408332426,[-0.01  0.09],67.67676767676768
Critical Analysis of Existing Research,0.167265401959301,[0.1  0.27],71.73913043478261
Proposal of New Research Directions or Questions,0.18927172482953025,[0.11 0.29],72.85714285714285
Potential Contribution to the Field,0.13041990995891967,[0.07 0.22],72.72727272727273
Clarity of Research Method Description,0.0765977616223878,[0.03 0.15],78.26086956521739
Rationality of Method Selection,0.06319377622295894,[0.02 0.13],78.90625
Rigor of Research Design,0.08420711133307715,[0.03 0.16],75.63025210084034
Inclusion of Latest Research Results,0.05553053389696153,[0.01 0.13],76.85950413223141
Reflection of Current Research Hotspots,0.07511386290704168,[0.02 0.15],75.38461538461539
Fluency of Language Expression,0.10540975628537858,[0.05 0.19],68.25396825396825
Appropriateness of Professional Terminology Use,0.09659231988947009,[0.04 0.18],66.97247706422019
Conciseness of Expression,0.09847237923028694,[0.04 0.18],71.81818181818181
Practical Application Potential of Research Results,0.10551488785553935,[0.05 0.19],71.66666666666667
Feasibility of Proposed Suggestions,0.11423164225279912,[0.05 0.2 ],72.8
Logic of Argumentation,0.08161328915295628,[0.03 0.16],72.0
Multi-angle Analysis of Problems,0.1121291388198656,[0.05 0.2 ],70.49180327868852
Identification and Discussion of Research Limitations,0.09597309385440589,[0.04 0.18],74.78260869565217
