Subcategory,ICC (Intraclass Correlation Coefficient),ICC 95% Confidence Interval,Transitivity Consistency Ratio (%)
Topic Relevance,0.12367599043628048,[0.06 0.21],43.75
Comprehensiveness of Information,0.18195802355479734,[0.11 0.28],46.51162790697674
Accuracy of Information,0.06946051602814703,[0.02 0.14],18.181818181818183
Innovativeness of Viewpoints,0.18965810837664224,[0.12 0.29],65.95744680851064
Integration of Interdisciplinary Perspectives,0.12148837246090434,[0.06 0.21],50.847457627118644
Clarity of Logical Structure,0.10201103613526077,[0.05 0.18],88.46153846153845
Reasonableness of Chapter Arrangement,0.13029017298561887,[0.07 0.22],75.0
Quality of Introduction and Conclusion,0.12821515168513015,[0.07 0.22],70.49180327868852
Accuracy and Completeness of Citations,0.11280745432822274,[0.06 0.2 ],86.40776699029125
Timeliness and Relevance of References,0.20945973080563876,[0.13 0.32],71.68141592920354
Avoidance of Plagiarism and Appropriate Citation,0.13493936877131996,[0.07 0.23],75.0
Critical Analysis of Existing Research,0.20337956347781766,[0.13 0.31],75.0
Proposal of New Research Directions or Questions,0.18163089839736152,[0.11 0.28],66.40625
Potential Contribution to the Field,0.18420137888111,[0.11 0.29],80.16528925619835
Clarity of Research Method Description,0.12156829612547959,[0.06 0.21],75.0
Rationality of Method Selection,0.14050851303985043,[0.08 0.23],75.25773195876289
Rigor of Research Design,0.11948735773423873,[0.06 0.21],72.72727272727273
Inclusion of Latest Research Results,0.15921295877560093,[0.09 0.26],76.19047619047619
Reflection of Current Research Hotspots,0.17403220876409342,[0.1  0.27],75.49019607843137
Fluency of Language Expression,0.1044728584709506,[0.05 0.19],68.0
Appropriateness of Professional Terminology Use,0.14899626027610308,[0.08 0.24],73.73737373737373
Conciseness of Expression,0.11866125454458995,[0.06 0.21],72.72727272727273
Practical Application Potential of Research Results,0.1405803803550829,[0.08 0.23],71.27659574468085
Feasibility of Proposed Suggestions,0.15685000891298054,[0.09 0.25],71.30434782608695
Logic of Argumentation,0.12926333142535526,[0.07 0.22],71.68141592920354
Multi-angle Analysis of Problems,0.16307947019867547,[0.09 0.26],72.0
Identification and Discussion of Research Limitations,0.1250242152182393,[0.06 0.22],72.89719626168224
