Subcategory,ICC (Intraclass Correlation Coefficient),ICC 95% Confidence Interval,Transitivity Consistency Ratio (%)
Topic Relevance,0.11952334181606099,[0.06 0.21],55.10204081632652
Comprehensiveness of Information,0.14233572636922776,[0.08 0.23],69.23076923076923
Accuracy of Information,0.10671796805227238,[0.05 0.19],55.26315789473685
Innovativeness of Viewpoints,0.1479860141563655,[0.08 0.24],63.52941176470588
Integration of Interdisciplinary Perspectives,0.12231885922180323,[0.06 0.21],63.63636363636363
Clarity of Logical Structure,0.028189302705421315,[-0.    0.08],92.85714285714286
Reasonableness of Chapter Arrangement,0.06481512488159637,[0.02 0.13],82.11382113821138
Quality of Introduction and Conclusion,0.0359599865957813,[-0.   0.1],82.5503355704698
Accuracy and Completeness of Citations,0.025107322316007114,[-0.01  0.08],84.15841584158416
Timeliness and Relevance of References,0.14170254119339082,[0.08 0.24],72.22222222222221
Avoidance of Plagiarism and Appropriate Citation,0.012066933409613437,[-0.02  0.07],69.87951807228916
Critical Analysis of Existing Research,0.12421680239429948,[0.06 0.22],75.0
Proposal of New Research Directions or Questions,0.1427972750628199,[0.08 0.24],72.3076923076923
Potential Contribution to the Field,0.10745847937189176,[0.05 0.19],70.79646017699115
Clarity of Research Method Description,0.029624346342137734,[-0.01  0.09],82.6086956521739
Rationality of Method Selection,0.018560124389259868,[-0.01  0.07],90.0
Rigor of Research Design,0.01688452938026405,[-0.02  0.07],83.78378378378379
Inclusion of Latest Research Results,0.10728530391246655,[0.05 0.19],80.9090909090909
Reflection of Current Research Hotspots,0.10076057604180852,[0.04 0.19],73.10924369747899
Fluency of Language Expression,0.03503931280869024,[-0.   0.1],83.6734693877551
Appropriateness of Professional Terminology Use,0.022355853979476183,[-0.01  0.08],85.39325842696628
Conciseness of Expression,0.041425417292767115,[0.   0.11],85.71428571428571
Practical Application Potential of Research Results,0.06766864087913263,[0.02 0.14],80.62015503875969
Feasibility of Proposed Suggestions,0.076162881226273,[0.03 0.15],77.34375
Logic of Argumentation,0.04228545977401019,[0.   0.11],85.43689320388349
Multi-angle Analysis of Problems,0.07411378761493397,[0.02 0.15],82.10526315789474
Identification and Discussion of Research Limitations,0.06161422362482079,[0.01 0.13],81.89655172413794
