Subcategory,ICC (Intraclass Correlation Coefficient),ICC 95% Confidence Interval,Transitivity Consistency Ratio (%)
Topic Relevance,0.16425980672316887,[0.1  0.26],64.81481481481481
Comprehensiveness of Information,0.15427446277825332,[0.09 0.25],60.57692307692307
Accuracy of Information,0.10303550040722469,[0.05 0.19],64.15094339622641
Innovativeness of Viewpoints,0.10879362333746288,[0.05 0.19],76.76056338028168
Integration of Interdisciplinary Perspectives,0.05568892342661689,[0.01 0.13],70.86614173228347
Clarity of Logical Structure,0.06925938712449928,[0.03 0.14],78.18181818181819
Reasonableness of Chapter Arrangement,0.06316152635738034,[0.02 0.13],76.64233576642336
Quality of Introduction and Conclusion,0.06755218998352233,[0.02 0.14],65.60000000000001
Accuracy and Completeness of Citations,0.04569994867441177,[0.01 0.11],73.46938775510205
Timeliness and Relevance of References,0.1022068551126822,[0.05 0.19],63.70967741935484
Avoidance of Plagiarism and Appropriate Citation,0.07523746166605011,[0.02 0.15],67.85714285714286
Critical Analysis of Existing Research,0.10088441479777567,[0.04 0.19],73.48484848484848
Proposal of New Research Directions or Questions,0.10423175766350887,[0.05 0.19],75.36231884057972
Potential Contribution to the Field,0.07744215633925061,[0.03 0.16],72.26277372262774
Clarity of Research Method Description,0.04779954335731315,[0.01 0.11],71.9298245614035
Rationality of Method Selection,0.056258058733481796,[0.01 0.13],74.3801652892562
Rigor of Research Design,0.06487222032315965,[0.02 0.14],64.16666666666667
Inclusion of Latest Research Results,0.09218868258967744,[0.04 0.17],70.0
Reflection of Current Research Hotspots,0.10234129526772585,[0.05 0.19],67.96875
Fluency of Language Expression,0.05600620837333442,[0.01 0.13],65.76576576576578
Appropriateness of Professional Terminology Use,0.07192447499440102,[0.02 0.15],67.3469387755102
Conciseness of Expression,0.04691606845623778,[0.   0.11],62.637362637362635
Practical Application Potential of Research Results,0.07483537021850971,[0.03 0.15],67.44186046511628
Feasibility of Proposed Suggestions,0.05777415626977843,[0.01 0.13],66.66666666666666
Logic of Argumentation,0.07362670168049963,[0.02 0.15],69.10569105691057
Multi-angle Analysis of Problems,0.05074350130352273,[0.01 0.12],68.50393700787401
Identification and Discussion of Research Limitations,0.07727896593235463,[0.03 0.15],70.58823529411765
