Subcategory,ICC (Intraclass Correlation Coefficient),ICC 95% Confidence Interval,Transitivity Consistency Ratio (%)
Topic Relevance,0.10790996680605248,[0.05 0.19],73.58490566037736
Comprehensiveness of Information,0.10178351789971023,[0.05 0.19],71.83098591549296
Accuracy of Information,0.04163324746995006,[-0.    0.11],58.620689655172406
Innovativeness of Viewpoints,0.13609712768275617,[0.07 0.23],70.9090909090909
Integration of Interdisciplinary Perspectives,0.1270596362666504,[0.07 0.22],61.038961038961034
Clarity of Logical Structure,0.12623424966593252,[0.07 0.21],81.48148148148148
Reasonableness of Chapter Arrangement,0.17283166526355723,[0.1  0.27],77.62237762237763
Quality of Introduction and Conclusion,0.16930823121351263,[0.1  0.27],76.37795275590551
Accuracy and Completeness of Citations,0.0687631990748315,[0.02 0.14],77.52808988764045
Timeliness and Relevance of References,0.16579075699515175,[0.1  0.27],77.51937984496125
Avoidance of Plagiarism and Appropriate Citation,0.08437436330700306,[0.03 0.16],71.91011235955057
Critical Analysis of Existing Research,0.12301792153248736,[0.06 0.22],78.66666666666666
Proposal of New Research Directions or Questions,0.1516945963368816,[0.08 0.25],77.34375
Potential Contribution to the Field,0.1491266719369098,[0.08 0.25],76.5625
Clarity of Research Method Description,0.15068565167970543,[0.08 0.25],71.53284671532847
Rationality of Method Selection,0.15707507320060482,[0.09 0.26],75.17241379310344
Rigor of Research Design,0.1500263941274131,[0.08 0.25],72.66187050359713
Inclusion of Latest Research Results,0.128695082909051,[0.06 0.22],78.87323943661971
Reflection of Current Research Hotspots,0.12857010699860238,[0.06 0.23],75.75757575757575
Fluency of Language Expression,0.16303178376353483,[0.09 0.27],66.30434782608695
Appropriateness of Professional Terminology Use,0.15348482009385683,[0.08 0.26],71.07438016528926
Conciseness of Expression,0.17503680576445002,[0.1  0.28],68.90756302521008
Practical Application Potential of Research Results,0.13338884068133536,[0.07 0.23],77.68595041322314
Feasibility of Proposed Suggestions,0.123158856552228,[0.06 0.22],73.27586206896551
Logic of Argumentation,0.15160004497159685,[0.08 0.25],71.64179104477611
Multi-angle Analysis of Problems,0.15163267498192476,[0.08 0.25],75.63025210084034
Identification and Discussion of Research Limitations,0.1647722684111377,[0.09 0.27],74.61538461538461
