Subcategory,ICC (Intraclass Correlation Coefficient),ICC 95% Confidence Interval,Transitivity Consistency Ratio (%)
Topic Relevance,0.0277969988426265,[-0.01  0.09],47.61904761904761
Comprehensiveness of Information,0.007887573395345078,[-0.03  0.06],55.932203389830505
Accuracy of Information,0.02975578034682076,[-0.01  0.09],50.0
Innovativeness of Viewpoints,0.07292552242936391,[0.02 0.15],62.88659793814433
Integration of Interdisciplinary Perspectives,0.04978668806188512,[0.01 0.12],59.09090909090909
Clarity of Logical Structure,-0.00015310089541736957,[-0.02  0.04],91.72413793103448
Reasonableness of Chapter Arrangement,0.034482297735588564,[-0.    0.09],87.60330578512396
Quality of Introduction and Conclusion,0.007972749010604968,[-0.02  0.06],76.92307692307693
Accuracy and Completeness of Citations,0.04484949954126775,[0.01 0.11],78.02197802197803
Timeliness and Relevance of References,0.03282772476142643,[-0.01  0.1 ],73.91304347826086
Avoidance of Plagiarism and Appropriate Citation,0.02204136401736305,[-0.02  0.08],64.19753086419753
Critical Analysis of Existing Research,0.07677421938808358,[0.02 0.16],70.08547008547008
Proposal of New Research Directions or Questions,0.19221457452156948,[0.12 0.3 ],71.64179104477611
Potential Contribution to the Field,0.09385134212545541,[0.04 0.18],73.52941176470588
Clarity of Research Method Description,-0.006545103287524739,[-0.03  0.04],80.7017543859649
Rationality of Method Selection,0.010972051425862845,[-0.02  0.06],82.44274809160305
Rigor of Research Design,0.01426002648801408,[-0.02  0.07],77.11864406779661
Inclusion of Latest Research Results,0.03878048384374122,[-0.    0.11],75.83333333333333
Reflection of Current Research Hotspots,0.01882250263305045,[-0.02  0.08],69.02654867256636
Fluency of Language Expression,-0.003461147359944861,[-0.03  0.05],75.5813953488372
Appropriateness of Professional Terminology Use,0.0020176604035824315,[-0.03  0.05],75.0
Conciseness of Expression,0.01733509024700776,[-0.02  0.08],73.68421052631578
Practical Application Potential of Research Results,0.0190633817776207,[-0.02  0.08],82.8125
Feasibility of Proposed Suggestions,0.04900289257871368,[0.   0.12],76.33587786259542
Logic of Argumentation,-0.006148473127922162,[-0.04  0.04],76.03305785123968
Multi-angle Analysis of Problems,-0.008602862672178331,[-0.04  0.04],76.0
Identification and Discussion of Research Limitations,-0.0021405409498093907,[-0.03  0.05],76.69172932330827
