Subcategory,ICC (Intraclass Correlation Coefficient),ICC 95% Confidence Interval,Transitivity Consistency Ratio (%)
Topic Relevance,0.09497648092782796,[0.04 0.17],55.00000000000001
Comprehensiveness of Information,0.06726855786934799,[0.02 0.14],51.42857142857142
Accuracy of Information,0.07592328176125586,[0.03 0.15],60.0
Innovativeness of Viewpoints,0.1210907869982082,[0.06 0.21],64.17910447761194
Integration of Interdisciplinary Perspectives,0.04609855358976936,[0.   0.11],52.63157894736842
Clarity of Logical Structure,-0.0021237903024511123,[-0.03  0.04],88.57142857142857
Reasonableness of Chapter Arrangement,0.0016996071566691725,[-0.03  0.05],82.53968253968253
Quality of Introduction and Conclusion,0.01098441866741731,[-0.02  0.07],64.92537313432835
Accuracy and Completeness of Citations,0.02511297007037753,[-0.01  0.08],65.0
Timeliness and Relevance of References,0.0755916174916503,[0.02 0.15],63.114754098360656
Avoidance of Plagiarism and Appropriate Citation,0.048584184718189156,[0.   0.12],53.84615384615385
Critical Analysis of Existing Research,0.08789943833734314,[0.03 0.17],69.04761904761905
Proposal of New Research Directions or Questions,0.09854857888010667,[0.04 0.18],64.81481481481481
Potential Contribution to the Field,0.09788444353188497,[0.04 0.18],64.34108527131784
Clarity of Research Method Description,0.004293923918928509,[-0.03  0.06],77.39130434782608
Rationality of Method Selection,0.04157012194769267,[0.   0.11],70.47619047619048
Rigor of Research Design,0.01029670115166891,[-0.02  0.07],70.37037037037037
Inclusion of Latest Research Results,0.03368244086067639,[-0.01  0.1 ],68.85245901639344
Reflection of Current Research Hotspots,0.04396359519068551,[0.   0.11],66.0
Fluency of Language Expression,0.002875508970917573,[-0.03  0.06],68.80733944954129
Appropriateness of Professional Terminology Use,-0.008972078534905021,[-0.04  0.04],65.55555555555556
Conciseness of Expression,0.018381728908101243,[-0.02  0.08],66.66666666666666
Practical Application Potential of Research Results,0.03748355013757611,[-0.   0.1],65.59139784946237
Feasibility of Proposed Suggestions,0.04773290570451194,[0.   0.12],61.386138613861384
Logic of Argumentation,0.03887583960335733,[-0.   0.1],70.29702970297029
Multi-angle Analysis of Problems,0.0508873992721468,[0.01 0.12],69.1588785046729
Identification and Discussion of Research Limitations,0.04138864268426101,[-0.    0.11],71.05263157894737
