Subcategory,ICC (Intraclass Correlation Coefficient),ICC 95% Confidence Interval,Transitivity Consistency Ratio (%)
Topic Relevance,0.10213174908264895,[0.05 0.18],45.45454545454545
Comprehensiveness of Information,0.05733172704187255,[0.01 0.13],52.83018867924528
Accuracy of Information,0.0031725674170576383,[-0.03  0.06],40.74074074074074
Innovativeness of Viewpoints,0.09879836009127925,[0.05 0.18],67.46987951807229
Integration of Interdisciplinary Perspectives,0.16421865386436718,[0.1  0.26],63.1578947368421
Clarity of Logical Structure,0.03864558966060001,[0.  0.1],84.45945945945947
Reasonableness of Chapter Arrangement,0.06235967167694911,[0.02 0.13],71.66666666666667
Quality of Introduction and Conclusion,0.07101388377859987,[0.02 0.15],75.75757575757575
Accuracy and Completeness of Citations,-0.026443173831355846,[-0.05  0.01],73.41772151898735
Timeliness and Relevance of References,0.0714401452324883,[0.02 0.15],72.64150943396226
Avoidance of Plagiarism and Appropriate Citation,0.03358531647115081,[-0.01  0.1 ],64.54545454545455
Critical Analysis of Existing Research,0.09664024305847341,[0.04 0.18],75.71428571428571
Proposal of New Research Directions or Questions,0.15535525182393883,[0.09 0.25],74.19354838709677
Potential Contribution to the Field,0.13274468881374948,[0.07 0.23],73.61111111111111
Clarity of Research Method Description,0.06815099951883116,[0.02 0.14],78.78787878787878
Rationality of Method Selection,0.06575322203418914,[0.02 0.14],76.22950819672131
Rigor of Research Design,0.06986909765508993,[0.02 0.14],78.78787878787878
Inclusion of Latest Research Results,0.10462470126189063,[0.05 0.19],77.09923664122137
Reflection of Current Research Hotspots,0.11654050470135062,[0.06 0.2 ],71.01449275362319
Fluency of Language Expression,0.0670125008616476,[0.02 0.14],72.66187050359713
Appropriateness of Professional Terminology Use,0.059584392636823864,[0.01 0.13],77.44360902255639
Conciseness of Expression,0.07539179021705372,[0.03 0.15],77.77777777777779
Practical Application Potential of Research Results,0.08730954958156192,[0.03 0.17],78.0
Feasibility of Proposed Suggestions,0.09311919256648513,[0.04 0.18],77.84810126582279
Logic of Argumentation,0.07239856135926744,[0.02 0.15],82.26950354609929
Multi-angle Analysis of Problems,0.08216330639855995,[0.03 0.16],82.08955223880598
Identification and Discussion of Research Limitations,0.06717430615160849,[0.02 0.14],81.29496402877699
