Subcategory,ICC (Intraclass Correlation Coefficient),ICC 95% Confidence Interval,Transitivity Consistency Ratio (%)
Topic Relevance,-0.017035809547440346,[-0.04  0.03],91.80327868852459
Comprehensiveness of Information,-0.0029225759991075274,[-0.03  0.05],76.81159420289855
Accuracy of Information,0.03850122183002985,[-0.   0.1],61.702127659574465
Innovativeness of Viewpoints,0.023982163999074737,[-0.01  0.08],83.01886792452831
Integration of Interdisciplinary Perspectives,0.0646291394306088,[0.02 0.14],67.85714285714286
Clarity of Logical Structure,0.03621065543866575,[0.   0.09],86.5079365079365
Reasonableness of Chapter Arrangement,0.02660991244727083,[-0.01  0.08],78.19548872180451
Quality of Introduction and Conclusion,0.03403728884891627,[-0.01  0.1 ],73.72262773722628
Accuracy and Completeness of Citations,-0.0075785198978052465,[-0.03  0.04],80.95238095238095
Timeliness and Relevance of References,0.05301486275999078,[0.01 0.12],73.04347826086956
Avoidance of Plagiarism and Appropriate Citation,0.022258131281579982,[-0.01  0.08],78.94736842105263
Critical Analysis of Existing Research,0.07108923395263325,[0.02 0.15],80.53097345132744
Proposal of New Research Directions or Questions,0.10068109643991308,[0.05 0.18],78.0
Potential Contribution to the Field,0.08456082549137109,[0.03 0.16],72.64957264957265
Clarity of Research Method Description,0.04871794113229932,[0.01 0.11],77.06422018348624
Rationality of Method Selection,0.025534579348331154,[-0.01  0.08],84.21052631578947
Rigor of Research Design,0.025391149092435335,[-0.01  0.08],83.46456692913385
Inclusion of Latest Research Results,0.04389284533064953,[0.   0.11],85.3146853146853
Reflection of Current Research Hotspots,0.058259033272087826,[0.01 0.13],80.13245033112582
Fluency of Language Expression,0.0356953946473278,[-0.   0.1],83.96946564885496
Appropriateness of Professional Terminology Use,0.053056934409722874,[0.01 0.12],75.0
Conciseness of Expression,0.04483733251403154,[0.   0.11],83.47826086956522
Practical Application Potential of Research Results,0.0721437713575074,[0.03 0.14],83.08823529411765
Feasibility of Proposed Suggestions,0.10428669210665989,[0.05 0.19],85.71428571428571
Logic of Argumentation,0.05580098429943126,[0.01 0.12],81.14754098360656
Multi-angle Analysis of Problems,0.06105755453624296,[0.02 0.13],87.32394366197182
Identification and Discussion of Research Limitations,0.06153422676918226,[0.02 0.13],81.48148148148148
