Subcategory,ICC (Intraclass Correlation Coefficient),ICC 95% Confidence Interval,Transitivity Consistency Ratio (%)
Topic Relevance,0.12090278666438531,[0.06 0.21],71.08433734939759
Comprehensiveness of Information,0.15136953203035078,[0.09 0.25],69.90291262135922
Accuracy of Information,0.07777649112332373,[0.03 0.15],58.18181818181818
Innovativeness of Viewpoints,0.16672650369486755,[0.1  0.26],71.96969696969697
Integration of Interdisciplinary Perspectives,0.15310111225793452,[0.09 0.25],77.67857142857143
Clarity of Logical Structure,0.10423175673585548,[0.05 0.18],79.1044776119403
Reasonableness of Chapter Arrangement,0.12737440620718413,[0.07 0.22],66.42335766423358
Quality of Introduction and Conclusion,0.1888020348953915,[0.12 0.29],71.3375796178344
Accuracy and Completeness of Citations,0.06890840606594782,[0.02 0.14],69.52380952380952
Timeliness and Relevance of References,0.13454855611355032,[0.07 0.23],67.62589928057554
Avoidance of Plagiarism and Appropriate Citation,0.11776709462765164,[0.06 0.21],65.76576576576578
Critical Analysis of Existing Research,0.18812022084320307,[0.11 0.29],77.77777777777779
Proposal of New Research Directions or Questions,0.151664246420757,[0.09 0.25],73.61111111111111
Potential Contribution to the Field,0.15588299600199906,[0.09 0.25],74.0506329113924
Clarity of Research Method Description,0.15300265887161896,[0.09 0.25],67.6923076923077
Rationality of Method Selection,0.16904233167357838,[0.1  0.27],74.82993197278913
Rigor of Research Design,0.16197853034587473,[0.09 0.26],66.66666666666666
Inclusion of Latest Research Results,0.16920406234614496,[0.1  0.27],63.63636363636363
Reflection of Current Research Hotspots,0.1822951180279637,[0.11 0.28],63.41463414634146
Fluency of Language Expression,0.16109776973788048,[0.09 0.26],70.50359712230215
Appropriateness of Professional Terminology Use,0.16116739609053618,[0.09 0.26],65.85365853658537
Conciseness of Expression,0.13848228992263306,[0.07 0.23],65.51724137931035
Practical Application Potential of Research Results,0.16804094590846833,[0.1  0.27],71.73913043478261
Feasibility of Proposed Suggestions,0.18106930447679223,[0.11 0.28],69.23076923076923
Logic of Argumentation,0.15887018431254055,[0.09 0.26],63.70967741935484
Multi-angle Analysis of Problems,0.19046551683888308,[0.12 0.3 ],65.0
Identification and Discussion of Research Limitations,0.18896171202843148,[0.11 0.29],64.86486486486487
