Subcategory,ICC (Intraclass Correlation Coefficient),ICC 95% Confidence Interval,Transitivity Consistency Ratio (%)
Topic Relevance,0.16225727220600952,[0.09 0.26],69.35483870967742
Comprehensiveness of Information,0.16642356850185858,[0.1  0.27],74.57627118644068
Accuracy of Information,0.09340133164761862,[0.04 0.18],56.666666666666664
Innovativeness of Viewpoints,0.12680340398148765,[0.07 0.22],71.69811320754717
Integration of Interdisciplinary Perspectives,0.14163057129758097,[0.08 0.24],63.366336633663366
Clarity of Logical Structure,0.08701695428304904,[0.04 0.16],92.40506329113924
Reasonableness of Chapter Arrangement,0.10515329986333098,[0.05 0.19],93.33333333333333
Quality of Introduction and Conclusion,0.11700942006455803,[0.06 0.2 ],80.74074074074075
Accuracy and Completeness of Citations,0.1260284783920525,[0.07 0.21],84.16666666666667
Timeliness and Relevance of References,0.13205704789919834,[0.07 0.22],76.41509433962264
Avoidance of Plagiarism and Appropriate Citation,0.1084151987279745,[0.05 0.19],77.77777777777779
Critical Analysis of Existing Research,0.12895745525599792,[0.07 0.22],83.72093023255815
Proposal of New Research Directions or Questions,0.18949441226842983,[0.11 0.3 ],80.89171974522293
Potential Contribution to the Field,0.165429296592664,[0.1  0.27],81.41025641025641
Clarity of Research Method Description,0.11504906522981467,[0.06 0.2 ],85.9375
Rationality of Method Selection,0.10987909330602265,[0.05 0.2 ],88.18897637795276
Rigor of Research Design,0.09822848750798127,[0.04 0.18],90.2439024390244
Inclusion of Latest Research Results,0.11530279313281082,[0.06 0.2 ],88.37209302325581
Reflection of Current Research Hotspots,0.13382389333464587,[0.07 0.23],83.96946564885496
Fluency of Language Expression,0.09590181454725885,[0.04 0.18],83.63636363636363
Appropriateness of Professional Terminology Use,0.08020776484054741,[0.03 0.16],82.94573643410853
Conciseness of Expression,0.07791597979260836,[0.03 0.16],83.84615384615385
Practical Application Potential of Research Results,0.14026133348864767,[0.08 0.24],84.90566037735849
Feasibility of Proposed Suggestions,0.14752033178436225,[0.08 0.25],85.23489932885906
Logic of Argumentation,0.15175865679952366,[0.08 0.25],86.04651162790698
Multi-angle Analysis of Problems,0.13772892803493664,[0.07 0.23],79.85611510791367
Identification and Discussion of Research Limitations,0.14496169102277684,[0.08 0.24],81.88405797101449
