Subcategory,ICC (Intraclass Correlation Coefficient),ICC 95% Confidence Interval,Transitivity Consistency Ratio (%)
Topic Relevance,0.24547239434860718,[0.16 0.36],54.794520547945204
Comprehensiveness of Information,0.1987806229449553,[0.12 0.3 ],55.952380952380956
Accuracy of Information,0.058228848279188866,[0.01 0.13],50.0
Innovativeness of Viewpoints,0.2853671480247717,[0.2 0.4],65.0485436893204
Integration of Interdisciplinary Perspectives,0.1205783116311197,[0.06 0.21],67.81609195402298
Clarity of Logical Structure,0.014031056370773244,[-0.01  0.06],92.99363057324841
Reasonableness of Chapter Arrangement,0.039815487159787576,[0.  0.1],89.55223880597015
Quality of Introduction and Conclusion,0.07355947302345459,[0.02 0.15],77.24137931034483
Accuracy and Completeness of Citations,-0.0012483080162430274,[-0.03  0.04],90.19607843137256
Timeliness and Relevance of References,0.12545429868022226,[0.06 0.22],77.68595041322314
Avoidance of Plagiarism and Appropriate Citation,0.09476646533214964,[0.04 0.18],70.87378640776699
Critical Analysis of Existing Research,0.22943557810635556,[0.15 0.34],68.86792452830188
Proposal of New Research Directions or Questions,0.2574908297380571,[0.17 0.37],75.17241379310344
Potential Contribution to the Field,0.22197465547705966,[0.14 0.33],75.53956834532374
Clarity of Research Method Description,0.031295259994941066,[-0.01  0.09],83.47826086956522
Rationality of Method Selection,0.06718763636961858,[0.02 0.14],83.73983739837398
Rigor of Research Design,0.06469891533863854,[0.02 0.14],83.33333333333334
Inclusion of Latest Research Results,0.1271335261200082,[0.07 0.22],82.35294117647058
Reflection of Current Research Hotspots,0.16992283908922612,[0.1  0.27],76.92307692307693
Fluency of Language Expression,0.11025496396392356,[0.05 0.2 ],78.03030303030303
Appropriateness of Professional Terminology Use,0.08882300727376313,[0.04 0.17],79.59183673469387
Conciseness of Expression,0.06488519120038279,[0.02 0.14],80.59701492537313
Practical Application Potential of Research Results,0.09953234321623644,[0.04 0.18],85.13513513513513
Feasibility of Proposed Suggestions,0.12852382206968255,[0.07 0.22],81.9047619047619
Logic of Argumentation,0.07955613139637167,[0.03 0.16],80.3921568627451
Multi-angle Analysis of Problems,0.09490274300679141,[0.04 0.18],78.57142857142857
Identification and Discussion of Research Limitations,0.07849215656852278,[0.03 0.16],80.55555555555556
