Subcategory,ICC (Intraclass Correlation Coefficient),ICC 95% Confidence Interval,Transitivity Consistency Ratio (%)
Topic Relevance,0.08898435365768739,[0.04 0.17],75.49019607843137
Comprehensiveness of Information,0.08774904909985738,[0.04 0.16],69.23076923076923
Accuracy of Information,0.01065038645342319,[-0.02  0.06],45.83333333333333
Innovativeness of Viewpoints,0.10322700377161062,[0.05 0.18],77.77777777777779
Integration of Interdisciplinary Perspectives,0.12081104487542088,[0.06 0.21],70.22900763358778
Clarity of Logical Structure,-0.0007053685582931566,[-0.03  0.04],80.46875
Reasonableness of Chapter Arrangement,0.03127168569023836,[-0.01  0.09],73.75886524822694
Quality of Introduction and Conclusion,0.03445579600198701,[-0.01  0.1 ],66.11570247933885
Accuracy and Completeness of Citations,0.016569246658599844,[-0.02  0.07],62.5
Timeliness and Relevance of References,0.05913132821256627,[0.01 0.13],65.98639455782312
Avoidance of Plagiarism and Appropriate Citation,0.029108808385143046,[-0.01  0.09],64.0
Critical Analysis of Existing Research,0.09775844370025066,[0.04 0.18],71.31782945736434
Proposal of New Research Directions or Questions,0.12436721886287742,[0.06 0.21],76.15894039735099
Potential Contribution to the Field,0.10971749483968411,[0.05 0.19],73.07692307692307
Clarity of Research Method Description,-0.0008095403725791411,[-0.03  0.05],77.35849056603774
Rationality of Method Selection,0.026824434185530953,[-0.01  0.09],78.2258064516129
Rigor of Research Design,0.046176677714162964,[0.   0.11],73.07692307692307
Inclusion of Latest Research Results,0.0755135266557856,[0.03 0.15],74.61538461538461
Reflection of Current Research Hotspots,0.07521396046679563,[0.03 0.15],65.44117647058823
Fluency of Language Expression,0.027819129140305168,[-0.01  0.09],67.74193548387096
Appropriateness of Professional Terminology Use,0.027927430861801425,[-0.01  0.09],69.35483870967742
Conciseness of Expression,0.033480702850034336,[-0.01  0.1 ],70.07874015748031
Practical Application Potential of Research Results,0.0492293788898023,[0.01 0.12],68.84057971014492
Feasibility of Proposed Suggestions,0.052531552579951,[0.01 0.12],67.44186046511628
Logic of Argumentation,0.037367142338328774,[-0.   0.1],68.36734693877551
Multi-angle Analysis of Problems,0.03907059069779465,[-0.   0.1],70.39999999999999
Identification and Discussion of Research Limitations,0.036750976203462356,[-0.   0.1],71.30434782608695
