Subcategory,ICC (Intraclass Correlation Coefficient),ICC 95% Confidence Interval,Transitivity Consistency Ratio (%)
Topic Relevance,0.4101396421586071,[0.31 0.53],56.36363636363636
Comprehensiveness of Information,0.7269907344213656,[0.63 0.81],85.45454545454545
Accuracy of Information,0.2926064164395052,[0.2  0.41],51.85185185185185
Innovativeness of Viewpoints,0.6659710907244606,[0.54 0.77],92.72727272727272
Integration of Interdisciplinary Perspectives,0.7415807807579329,[0.66 0.82],87.26114649681529
Clarity of Logical Structure,0.6405569667925891,[0.54 0.74],83.43949044585987
Reasonableness of Chapter Arrangement,0.6611833767339623,[0.57 0.76],83.03030303030303
Quality of Introduction and Conclusion,0.5840811167962151,[0.48 0.69],85.45454545454545
Accuracy and Completeness of Citations,0.7199065702077422,[0.64 0.8 ],50.0
Timeliness and Relevance of References,0.6788824141564792,[0.59 0.77],86.66666666666667
Avoidance of Plagiarism and Appropriate Citation,0.2340000682663755,[0.15 0.34],40.0
Critical Analysis of Existing Research,0.6517245453434419,[0.53 0.76],92.72727272727272
Proposal of New Research Directions or Questions,0.761901237346763,[0.68 0.84],91.51515151515152
Potential Contribution to the Field,0.6909345266521586,[0.58 0.79],91.51515151515152
Clarity of Research Method Description,0.5562358096656946,[0.44 0.67],87.27272727272727
Rationality of Method Selection,0.5655393088180363,[0.45 0.68],84.84848484848484
Rigor of Research Design,0.5109745818677167,[0.39 0.63],86.66666666666667
Inclusion of Latest Research Results,0.6958030018649329,[0.6  0.78],86.66666666666667
Reflection of Current Research Hotspots,0.6647830538484238,[0.57 0.76],86.66666666666667
Fluency of Language Expression,0.4388006300359895,[0.33 0.56],83.03030303030303
Appropriateness of Professional Terminology Use,0.39432405031603984,[0.28 0.52],87.87878787878788
Conciseness of Expression,0.3948377847558798,[0.29 0.52],83.63636363636363
Practical Application Potential of Research Results,0.6663357825681407,[0.55 0.77],91.51515151515152
Feasibility of Proposed Suggestions,0.6223709027843775,[0.5  0.73],91.51515151515152
Logic of Argumentation,0.5639588480490347,[0.45 0.68],87.27272727272727
Multi-angle Analysis of Problems,0.6413724812682188,[0.54 0.74],85.45454545454545
Identification and Discussion of Research Limitations,0.5780047413031715,[0.46 0.69],87.27272727272727
