Subcategory,ICC (Intraclass Correlation Coefficient),ICC 95% Confidence Interval,Transitivity Consistency Ratio (%)
Topic Relevance,0.4367667441476955,[0.34 0.56],26.666666666666668
Comprehensiveness of Information,0.7872261172941758,[0.72 0.85],81.0126582278481
Accuracy of Information,0.32335162539346496,[0.23 0.44],31.818181818181817
Innovativeness of Viewpoints,0.7522208682377562,[0.67 0.83],83.03030303030303
Integration of Interdisciplinary Perspectives,0.7450578314441499,[0.67 0.82],74.0506329113924
Clarity of Logical Structure,0.6353370054503723,[0.54 0.73],80.60606060606061
Reasonableness of Chapter Arrangement,0.6454717052499302,[0.55 0.74],77.21518987341773
Quality of Introduction and Conclusion,0.5129325806791765,[0.41 0.63],76.97368421052632
Accuracy and Completeness of Citations,0.6844516894944805,[0.6  0.77],52.17391304347826
Timeliness and Relevance of References,0.647070924534407,[0.55 0.74],77.84810126582279
Avoidance of Plagiarism and Appropriate Citation,0.3841239928021722,[0.29 0.5 ],26.31578947368421
Critical Analysis of Existing Research,0.6656646302564183,[0.57 0.76],83.03030303030303
Proposal of New Research Directions or Questions,0.7089236670595698,[0.62 0.79],82.42424242424242
Potential Contribution to the Field,0.6645891455152019,[0.57 0.76],80.0
Clarity of Research Method Description,0.617258227391572,[0.52 0.72],84.81012658227847
Rationality of Method Selection,0.6154421220539226,[0.52 0.72],84.17721518987342
Rigor of Research Design,0.5878485725418333,[0.49 0.69],84.17721518987342
Inclusion of Latest Research Results,0.6706956699334858,[0.58 0.76],77.84810126582279
Reflection of Current Research Hotspots,0.6084700908482817,[0.51 0.71],73.41772151898735
Fluency of Language Expression,0.5042314910756799,[0.4  0.62],79.74683544303798
Appropriateness of Professional Terminology Use,0.5393726985605543,[0.44 0.65],80.98591549295774
Conciseness of Expression,0.4445056843421465,[0.34 0.56],79.74683544303798
Practical Application Potential of Research Results,0.6173892876568527,[0.52 0.72],86.06060606060606
Feasibility of Proposed Suggestions,0.5541180277944983,[0.45 0.66],80.60606060606061
Logic of Argumentation,0.607077092602206,[0.51 0.71],84.24242424242424
Multi-angle Analysis of Problems,0.6377980675472033,[0.54 0.73],75.31645569620254
Identification and Discussion of Research Limitations,0.49854414420076054,[0.4  0.61],75.31645569620254
