Subcategory,ICC (Intraclass Correlation Coefficient),ICC 95% Confidence Interval,Transitivity Consistency Ratio (%)
Topic Relevance,0.18551587639542286,[0.11 0.29],68.0
Comprehensiveness of Information,0.2585622474188358,[0.17 0.37],79.62962962962963
Accuracy of Information,0.11838512746571765,[0.06 0.21],53.191489361702125
Innovativeness of Viewpoints,0.2618614828595077,[0.18 0.37],85.71428571428571
Integration of Interdisciplinary Perspectives,0.28623815768732097,[0.2 0.4],80.48780487804879
Clarity of Logical Structure,0.1528469979117292,[0.09 0.25],81.34328358208955
Reasonableness of Chapter Arrangement,0.16679811593864877,[0.1  0.26],82.99319727891157
Quality of Introduction and Conclusion,0.1782379212342672,[0.11 0.28],76.27118644067797
Accuracy and Completeness of Citations,0.125656677886673,[0.07 0.21],71.42857142857143
Timeliness and Relevance of References,0.2564047390412079,[0.17 0.37],81.67938931297711
Avoidance of Plagiarism and Appropriate Citation,0.13896101338287759,[0.07 0.23],77.35849056603774
Critical Analysis of Existing Research,0.30475432094482907,[0.21 0.42],76.0
Proposal of New Research Directions or Questions,0.2554629452458006,[0.17 0.37],78.87323943661971
Potential Contribution to the Field,0.2938834461574122,[0.2  0.41],78.03030303030303
Clarity of Research Method Description,0.1596857107831329,[0.09 0.26],73.68421052631578
Rationality of Method Selection,0.1452423766014266,[0.08 0.24],75.1937984496124
Rigor of Research Design,0.1614513811970674,[0.09 0.26],77.68595041322314
Inclusion of Latest Research Results,0.28674681298960225,[0.2 0.4],83.06451612903226
Reflection of Current Research Hotspots,0.255837613796619,[0.17 0.37],77.77777777777779
Fluency of Language Expression,0.16268773321932806,[0.09 0.26],78.90625
Appropriateness of Professional Terminology Use,0.18004086373477196,[0.11 0.28],70.33898305084746
Conciseness of Expression,0.15547514271178614,[0.09 0.25],71.96969696969697
Practical Application Potential of Research Results,0.2573206048311936,[0.17 0.37],70.9090909090909
Feasibility of Proposed Suggestions,0.2345394318658807,[0.15 0.35],73.21428571428571
Logic of Argumentation,0.1936482570724858,[0.12 0.3 ],72.64957264957265
Multi-angle Analysis of Problems,0.2406046470965675,[0.16 0.35],74.16666666666667
Identification and Discussion of Research Limitations,0.21159052856560204,[0.13 0.32],74.57627118644068
