Subcategory,ICC (Intraclass Correlation Coefficient),ICC 95% Confidence Interval,Transitivity Consistency Ratio (%)
Topic Relevance,0.7021650841861081,[0.61 0.79],72.78911564625851
Comprehensiveness of Information,0.892518828393567,[0.83 0.93],77.57575757575758
Accuracy of Information,0.7390287292097839,[0.65 0.82],58.69565217391305
Innovativeness of Viewpoints,0.7666689435732494,[0.69 0.84],78.18181818181819
Integration of Interdisciplinary Perspectives,0.8165316359033635,[0.75 0.88],80.0
Clarity of Logical Structure,0.43737170592545693,[0.29 0.59],84.45945945945947
Reasonableness of Chapter Arrangement,0.5577788904025267,[0.4 0.7],82.42424242424242
Quality of Introduction and Conclusion,0.6890355575575674,[0.59 0.78],78.78787878787878
Accuracy and Completeness of Citations,0.9229450473224085,[0.88 0.95],71.71052631578947
Timeliness and Relevance of References,0.8872019368113687,[0.84 0.93],66.3157894736842
Avoidance of Plagiarism and Appropriate Citation,0.8593997925091023,[0.8  0.91],54.54545454545454
Critical Analysis of Existing Research,0.8255727214154288,[0.75 0.89],79.39393939393939
Proposal of New Research Directions or Questions,0.9171751338956458,[0.88 0.95],83.63636363636363
Potential Contribution to the Field,0.8501303932723233,[0.79 0.9 ],75.75757575757575
Clarity of Research Method Description,0.8210862362032961,[0.76 0.88],52.94117647058824
Rationality of Method Selection,0.7095208056330577,[0.62 0.79],25.71428571428571
Rigor of Research Design,0.6924928751141876,[0.6  0.78],46.15384615384615
Inclusion of Latest Research Results,0.8536881691651512,[0.78 0.91],73.68421052631578
Reflection of Current Research Hotspots,0.747413027921611,[0.64 0.83],74.66666666666667
Fluency of Language Expression,0.5363154203992138,[0.4  0.67],88.33333333333333
Appropriateness of Professional Terminology Use,0.5588011026077887,[0.45 0.67],57.14285714285714
Conciseness of Expression,0.6985650939257415,[0.54 0.81],90.9090909090909
Practical Application Potential of Research Results,0.7871822127029321,[0.7  0.86],76.96969696969697
Feasibility of Proposed Suggestions,0.8500741742283137,[0.79 0.9 ],82.42424242424242
Logic of Argumentation,0.5924858521232471,[0.43 0.73],78.343949044586
Multi-angle Analysis of Problems,0.8289033150042726,[0.76 0.89],81.21212121212122
Identification and Discussion of Research Limitations,0.7806448567160892,[0.71 0.85],68.64406779661016
