Subcategory,ICC (Intraclass Correlation Coefficient),ICC 95% Confidence Interval,Transitivity Consistency Ratio (%)
Topic Relevance,0.41284707483030836,[0.31 0.53],56.25
Comprehensiveness of Information,0.7980530294533507,[0.73 0.86],75.15151515151514
Accuracy of Information,0.37495764287780486,[0.28 0.49],33.33333333333333
Innovativeness of Viewpoints,0.733991554291376,[0.65 0.81],73.33333333333333
Integration of Interdisciplinary Perspectives,0.6344410828462279,[0.54 0.73],77.57575757575758
Clarity of Logical Structure,0.731958591948678,[0.65 0.81],76.96969696969697
Reasonableness of Chapter Arrangement,0.7141100807676567,[0.63 0.8 ],76.36363636363637
Quality of Introduction and Conclusion,0.6737749675574388,[0.58 0.76],76.36363636363637
Accuracy and Completeness of Citations,0.4512568946881786,[0.35 0.57],46.478873239436616
Timeliness and Relevance of References,0.6510470984966509,[0.56 0.75],76.96969696969697
Avoidance of Plagiarism and Appropriate Citation,0.23126105751803025,[0.15 0.34],29.03225806451613
Critical Analysis of Existing Research,0.7467281056096948,[0.67 0.82],75.15151515151514
Proposal of New Research Directions or Questions,0.7070019151217878,[0.62 0.79],73.33333333333333
Potential Contribution to the Field,0.7347169660274648,[0.65 0.81],76.96969696969697
Clarity of Research Method Description,0.6481060195589032,[0.55 0.74],75.75757575757575
Rationality of Method Selection,0.6759783272873792,[0.59 0.77],73.24840764331209
Rigor of Research Design,0.6726348022478983,[0.58 0.76],73.33333333333333
Inclusion of Latest Research Results,0.6579793353485082,[0.57 0.75],76.96969696969697
Reflection of Current Research Hotspots,0.6526164286906607,[0.56 0.75],77.57575757575758
Fluency of Language Expression,0.6506924527322735,[0.56 0.75],76.96969696969697
Appropriateness of Professional Terminology Use,0.67426011859352,[0.58 0.76],73.33333333333333
Conciseness of Expression,0.633097380730924,[0.54 0.73],76.96969696969697
Practical Application Potential of Research Results,0.6924622348712858,[0.6  0.78],75.15151515151514
Feasibility of Proposed Suggestions,0.6896081752406463,[0.6  0.78],75.15151515151514
Logic of Argumentation,0.6969078542328847,[0.61 0.78],76.36363636363637
Multi-angle Analysis of Problems,0.6897131944620588,[0.6  0.78],78.98089171974523
Identification and Discussion of Research Limitations,0.6667004516748457,[0.58 0.76],75.15151515151514
