Subcategory,ICC (Intraclass Correlation Coefficient),ICC 95% Confidence Interval,Transitivity Consistency Ratio (%)
Topic Relevance,0.3801082165284551,[0.28 0.5 ],65.11627906976744
Comprehensiveness of Information,0.6885640294296641,[0.54 0.8 ],94.54545454545455
Accuracy of Information,0.38513408879200683,[0.29 0.5 ],52.27272727272727
Innovativeness of Viewpoints,0.6759506746804215,[0.54 0.79],87.27272727272727
Integration of Interdisciplinary Perspectives,0.6807544997571713,[0.58 0.77],90.50632911392405
Clarity of Logical Structure,0.6406513282452004,[0.5  0.76],96.36363636363636
Reasonableness of Chapter Arrangement,0.6385289287060294,[0.51 0.75],96.0
Quality of Introduction and Conclusion,0.5736366524750588,[0.44 0.7 ],93.67088607594937
Accuracy and Completeness of Citations,0.6116980840359905,[0.51 0.71],60.0
Timeliness and Relevance of References,0.5854961466750117,[0.48 0.69],91.51515151515152
Avoidance of Plagiarism and Appropriate Citation,0.32605010583944694,[0.23 0.44],60.0
Critical Analysis of Existing Research,0.6844459812629118,[0.56 0.79],89.6969696969697
Proposal of New Research Directions or Questions,0.7063250362683852,[0.61 0.79],89.0909090909091
Potential Contribution to the Field,0.6404464498528588,[0.53 0.74],89.86486486486487
Clarity of Research Method Description,0.5963688272989301,[0.48 0.71],89.6969696969697
Rationality of Method Selection,0.6030065368556607,[0.49 0.71],87.16216216216216
Rigor of Research Design,0.5764687152847253,[0.46 0.69],89.1025641025641
Inclusion of Latest Research Results,0.607310395905943,[0.5  0.71],91.51515151515152
Reflection of Current Research Hotspots,0.5980459469108497,[0.49 0.7 ],92.12121212121212
Fluency of Language Expression,0.4039929099296063,[0.28 0.54],94.90445859872611
Appropriateness of Professional Terminology Use,0.4338444597407798,[0.3  0.57],93.33333333333333
Conciseness of Expression,0.3706278922523109,[0.25 0.5 ],94.26751592356688
Practical Application Potential of Research Results,0.6036598004325486,[0.49 0.71],88.48484848484848
Feasibility of Proposed Suggestions,0.5885330120092226,[0.48 0.7 ],88.48484848484848
Logic of Argumentation,0.5981122968747498,[0.46 0.72],89.0909090909091
Multi-angle Analysis of Problems,0.629014125029561,[0.51 0.74],91.94630872483222
Identification and Discussion of Research Limitations,0.5709286661158275,[0.46 0.69],93.67088607594937
