Subcategory,ICC (Intraclass Correlation Coefficient),ICC 95% Confidence Interval,Transitivity Consistency Ratio (%)
Topic Relevance,0.36052180243256415,[0.26 0.48],66.34615384615384
Comprehensiveness of Information,0.7314096147284525,[0.65 0.81],80.60606060606061
Accuracy of Information,0.2563346118577387,[0.17 0.37],44.44444444444444
Innovativeness of Viewpoints,0.7151696834898607,[0.63 0.8 ],80.0
Integration of Interdisciplinary Perspectives,0.6163500488776771,[0.52 0.72],83.03030303030303
Clarity of Logical Structure,0.6177774631754386,[0.52 0.72],76.96969696969697
Reasonableness of Chapter Arrangement,0.6319397258829416,[0.54 0.73],76.96969696969697
Quality of Introduction and Conclusion,0.5573507930956446,[0.46 0.67],76.36363636363637
Accuracy and Completeness of Citations,0.47106547300295987,[0.37 0.59],62.637362637362635
Timeliness and Relevance of References,0.5652381526437661,[0.46 0.67],83.54430379746836
Avoidance of Plagiarism and Appropriate Citation,0.29831440693672906,[0.21 0.42],52.38095238095239
Critical Analysis of Existing Research,0.6695613007978074,[0.58 0.76],79.39393939393939
Proposal of New Research Directions or Questions,0.6890512913663831,[0.6  0.78],78.78787878787878
Potential Contribution to the Field,0.660547802472807,[0.57 0.75],77.57575757575758
Clarity of Research Method Description,0.632416729810297,[0.54 0.73],79.39393939393939
Rationality of Method Selection,0.6636346438484098,[0.57 0.76],79.39393939393939
Rigor of Research Design,0.6595079378463535,[0.57 0.75],79.39393939393939
Inclusion of Latest Research Results,0.5577776600289441,[0.46 0.67],83.54430379746836
Reflection of Current Research Hotspots,0.6097093578290357,[0.51 0.71],81.81818181818183
Fluency of Language Expression,0.5416298899981133,[0.44 0.65],78.98089171974523
Appropriateness of Professional Terminology Use,0.6128657166070253,[0.52 0.71],78.18181818181819
Conciseness of Expression,0.5528034622339482,[0.45 0.66],76.58227848101265
Practical Application Potential of Research Results,0.6406933437839457,[0.55 0.74],78.18181818181819
Feasibility of Proposed Suggestions,0.6205432413537856,[0.52 0.72],78.18181818181819
Logic of Argumentation,0.5796006507498457,[0.48 0.69],79.87012987012987
Multi-angle Analysis of Problems,0.6319451781652333,[0.54 0.73],84.24242424242424
Identification and Discussion of Research Limitations,0.6018169857983479,[0.5 0.7],86.06060606060606
