Subcategory,ICC (Intraclass Correlation Coefficient),ICC 95% Confidence Interval,Transitivity Consistency Ratio (%)
Topic Relevance,0.6422861793390046,[0.54 0.74],54.54545454545454
Comprehensiveness of Information,0.8519254523384203,[0.79 0.9 ],81.21212121212122
Accuracy of Information,0.5020312716751555,[0.4  0.62],57.30337078651685
Innovativeness of Viewpoints,0.8074556570632954,[0.74 0.87],80.0
Integration of Interdisciplinary Perspectives,0.8302831345740728,[0.77 0.88],76.07361963190185
Clarity of Logical Structure,0.8345593565174024,[0.78 0.89],74.54545454545455
Reasonableness of Chapter Arrangement,0.8281177724067557,[0.77 0.88],76.96969696969697
Quality of Introduction and Conclusion,0.6926699202294871,[0.6  0.78],73.33333333333333
Accuracy and Completeness of Citations,0.693620759129058,[0.61 0.78],59.09090909090909
Timeliness and Relevance of References,0.7411833977506883,[0.66 0.82],81.21212121212122
Avoidance of Plagiarism and Appropriate Citation,0.5168239324834701,[0.41 0.63],57.77777777777777
Critical Analysis of Existing Research,0.8289412213376554,[0.76 0.88],81.21212121212122
Proposal of New Research Directions or Questions,0.72717994046667,[0.64 0.81],78.18181818181819
Potential Contribution to the Field,0.8030791733555908,[0.73 0.87],81.21212121212122
Clarity of Research Method Description,0.7336273463067965,[0.65 0.81],75.0
Rationality of Method Selection,0.7398001535266467,[0.66 0.82],77.21518987341773
Rigor of Research Design,0.718783941188276,[0.63 0.8 ],75.0
Inclusion of Latest Research Results,0.7584261881038886,[0.68 0.83],81.21212121212122
Reflection of Current Research Hotspots,0.7871059385043178,[0.72 0.85],76.96969696969697
Fluency of Language Expression,0.7030780449514396,[0.62 0.79],73.33333333333333
Appropriateness of Professional Terminology Use,0.6776572164545743,[0.59 0.77],75.75757575757575
Conciseness of Expression,0.5979205146667501,[0.5 0.7],75.15151515151514
Practical Application Potential of Research Results,0.6348597097222604,[0.54 0.73],79.39393939393939
Feasibility of Proposed Suggestions,0.5819545607416079,[0.48 0.69],78.18181818181819
Logic of Argumentation,0.7662454938642271,[0.69 0.84],76.36363636363637
Multi-angle Analysis of Problems,0.7910181733306846,[0.72 0.86],76.96969696969697
Identification and Discussion of Research Limitations,0.7041364691110266,[0.62 0.79],75.9493670886076
