Subcategory,ICC (Intraclass Correlation Coefficient),ICC 95% Confidence Interval,Transitivity Consistency Ratio (%)
Topic Relevance,0.11328670996770225,[0.06 0.2 ],100.0
Comprehensiveness of Information,0.6109893277165478,[0.51 0.71],75.15151515151514
Accuracy of Information,0.35928715314955645,[0.26 0.48],89.6969696969697
Innovativeness of Viewpoints,0.49180452516410755,[0.39 0.61],77.57575757575758
Integration of Interdisciplinary Perspectives,0.5785730786468054,[0.48 0.68],75.75757575757575
Clarity of Logical Structure,0.43112960270600187,[0.33 0.55],80.60606060606061
Reasonableness of Chapter Arrangement,0.48310565797501626,[0.38 0.6 ],79.39393939393939
Quality of Introduction and Conclusion,0.45357949064728154,[0.35 0.57],77.57575757575758
Accuracy and Completeness of Citations,0.13923510255398025,[0.08 0.23],93.93939393939394
Timeliness and Relevance of References,0.16733053136978307,[0.1  0.27],78.78787878787878
Avoidance of Plagiarism and Appropriate Citation,0.03154142656050671,[-0.01  0.09],99.39393939393939
Critical Analysis of Existing Research,0.42545969972550524,[0.32 0.54],80.0
Proposal of New Research Directions or Questions,0.37499165095523146,[0.28 0.49],75.75757575757575
Potential Contribution to the Field,0.4087020384566706,[0.31 0.53],80.0
Clarity of Research Method Description,0.5258597653021677,[0.42 0.64],73.93939393939394
Rationality of Method Selection,0.4951638010949224,[0.39 0.61],72.72727272727273
Rigor of Research Design,0.5076374296543982,[0.41 0.62],73.93939393939394
Inclusion of Latest Research Results,0.18136545776261448,[0.11 0.28],78.78787878787878
Reflection of Current Research Hotspots,0.21215969295868226,[0.14 0.32],78.78787878787878
Fluency of Language Expression,0.44549582074248395,[0.34 0.56],79.39393939393939
Appropriateness of Professional Terminology Use,0.41894101600340045,[0.32 0.54],73.93939393939394
Conciseness of Expression,0.4319100423125466,[0.33 0.55],80.0
Practical Application Potential of Research Results,0.38701850387441444,[0.29 0.51],80.0
Feasibility of Proposed Suggestions,0.3310131273623154,[0.24 0.45],80.0
Logic of Argumentation,0.40492623847646797,[0.31 0.52],82.42424242424242
Multi-angle Analysis of Problems,0.4453311058085199,[0.34 0.56],80.60606060606061
Identification and Discussion of Research Limitations,0.3724125069302194,[0.28 0.49],80.0
