Subcategory,ICC (Intraclass Correlation Coefficient),ICC 95% Confidence Interval,Transitivity Consistency Ratio (%)
Topic Relevance,0.5044988731575426,[0.4  0.62],79.67479674796748
Comprehensiveness of Information,0.816775261485594,[0.71 0.89],82.42424242424242
Accuracy of Information,0.7775183023932386,[0.7  0.85],64.15094339622641
Innovativeness of Viewpoints,0.8495551275584429,[0.79 0.9 ],76.96969696969697
Integration of Interdisciplinary Perspectives,0.651463965514867,[0.55 0.75],78.78787878787878
Clarity of Logical Structure,0.7003441626447501,[0.6  0.79],85.23489932885906
Reasonableness of Chapter Arrangement,0.6890064408817368,[0.59 0.78],80.0
Quality of Introduction and Conclusion,0.6917976701695232,[0.6  0.78],78.52348993288591
Accuracy and Completeness of Citations,0.9190997017748963,[0.89 0.95],82.16560509554141
Timeliness and Relevance of References,0.8957816372797897,[0.85 0.93],77.77777777777779
Avoidance of Plagiarism and Appropriate Citation,0.8319335241677497,[0.77 0.88],34.375
Critical Analysis of Existing Research,0.8719616790157995,[0.82 0.91],76.36363636363637
Proposal of New Research Directions or Questions,0.927098903345533,[0.9  0.95],78.18181818181819
Potential Contribution to the Field,0.8773256222386351,[0.82 0.92],81.69014084507043
Clarity of Research Method Description,0.8032069054301165,[0.74 0.86],20.689655172413794
Rationality of Method Selection,0.7704376268492126,[0.7  0.84],35.483870967741936
Rigor of Research Design,0.702468966902213,[0.62 0.79],58.69565217391305
Inclusion of Latest Research Results,0.878519485335867,[0.83 0.92],81.81818181818183
Reflection of Current Research Hotspots,0.777178710438947,[0.68 0.85],79.59183673469387
Fluency of Language Expression,0.5516285112419441,[0.45 0.66],79.7752808988764
Appropriateness of Professional Terminology Use,0.6936064212565736,[0.6  0.78],65.21739130434783
Conciseness of Expression,0.4125583905069195,[0.31 0.53],83.63636363636363
Practical Application Potential of Research Results,0.8064781780603256,[0.73 0.87],79.39393939393939
Feasibility of Proposed Suggestions,0.7910548627826894,[0.72 0.85],76.36363636363637
Logic of Argumentation,0.7547854070227024,[0.67 0.83],84.44444444444444
Multi-angle Analysis of Problems,0.7814579513323938,[0.7  0.85],82.42424242424242
Identification and Discussion of Research Limitations,0.9251769072869286,[0.89 0.95],69.76744186046511
