Subcategory,ICC (Intraclass Correlation Coefficient),ICC 95% Confidence Interval,Transitivity Consistency Ratio (%)
Topic Relevance,0.4376435622568001,[0.33 0.56],75.96899224806202
Comprehensiveness of Information,0.6525626583521441,[0.53 0.76],85.25641025641025
Accuracy of Information,0.25767389147315056,[0.17 0.37],55.00000000000001
Innovativeness of Viewpoints,0.6795205780037631,[0.57 0.78],87.27272727272727
Integration of Interdisciplinary Perspectives,0.6596048507030166,[0.57 0.75],83.63636363636363
Clarity of Logical Structure,0.5970353275430724,[0.48 0.71],84.84848484848484
Reasonableness of Chapter Arrangement,0.6232287995437567,[0.52 0.73],85.45454545454545
Quality of Introduction and Conclusion,0.5752324630869055,[0.47 0.69],86.06060606060606
Accuracy and Completeness of Citations,0.7290970143559667,[0.65 0.81],65.82278481012658
Timeliness and Relevance of References,0.6498944613569987,[0.55 0.75],86.57718120805369
Avoidance of Plagiarism and Appropriate Citation,0.2521999544943026,[0.17 0.36],61.53846153846154
Critical Analysis of Existing Research,0.6621368338535523,[0.55 0.76],87.27272727272727
Proposal of New Research Directions or Questions,0.7439469453822403,[0.66 0.82],87.27272727272727
Potential Contribution to the Field,0.6648358936411862,[0.55 0.77],87.27272727272727
Clarity of Research Method Description,0.580156769947058,[0.46 0.7 ],89.1025641025641
Rationality of Method Selection,0.6058989790808684,[0.48 0.72],84.84848484848484
Rigor of Research Design,0.5483978046303496,[0.42 0.67],85.45454545454545
Inclusion of Latest Research Results,0.669890325716271,[0.57 0.76],85.98726114649682
Reflection of Current Research Hotspots,0.632559972322572,[0.53 0.73],86.06060606060606
Fluency of Language Expression,0.4371021544480951,[0.32 0.56],86.16352201257862
Appropriateness of Professional Terminology Use,0.41922721413998304,[0.31 0.55],85.45454545454545
Conciseness of Expression,0.4551931053465136,[0.34 0.58],86.06060606060606
Practical Application Potential of Research Results,0.6353235602592354,[0.52 0.74],87.27272727272727
Feasibility of Proposed Suggestions,0.620163823563276,[0.51 0.73],87.27272727272727
Logic of Argumentation,0.5831850882887604,[0.46 0.7 ],86.06060606060606
Multi-angle Analysis of Problems,0.610660926259692,[0.51 0.72],86.06060606060606
Identification and Discussion of Research Limitations,0.5785562958852624,[0.46 0.69],86.66666666666667
