Subcategory,ICC (Intraclass Correlation Coefficient),ICC 95% Confidence Interval,Transitivity Consistency Ratio (%)
Topic Relevance,0.7023602573306823,[0.61 0.79],57.57575757575758
Comprehensiveness of Information,0.8996282213619268,[0.86 0.93],76.875
Accuracy of Information,0.5122364426254257,[0.41 0.63],56.71641791044776
Innovativeness of Viewpoints,0.8628658364826347,[0.81 0.91],79.39393939393939
Integration of Interdisciplinary Perspectives,0.874938058108716,[0.83 0.92],79.39393939393939
Clarity of Logical Structure,0.8355921854521008,[0.78 0.89],78.18181818181819
Reasonableness of Chapter Arrangement,0.8247218400424811,[0.76 0.88],78.18181818181819
Quality of Introduction and Conclusion,0.7539950343721697,[0.68 0.83],78.18181818181819
Accuracy and Completeness of Citations,0.7432696042071757,[0.66 0.82],73.04347826086956
Timeliness and Relevance of References,0.85501865086264,[0.8 0.9],77.57575757575758
Avoidance of Plagiarism and Appropriate Citation,0.4774957321035332,[0.38 0.59],53.96825396825397
Critical Analysis of Existing Research,0.8640334878543673,[0.81 0.91],79.39393939393939
Proposal of New Research Directions or Questions,0.8350004756886098,[0.78 0.89],79.39393939393939
Potential Contribution to the Field,0.8630381162672041,[0.81 0.91],79.39393939393939
Clarity of Research Method Description,0.7967438535939851,[0.73 0.86],77.57575757575758
Rationality of Method Selection,0.7959639442853685,[0.73 0.86],77.57575757575758
Rigor of Research Design,0.7788829960624504,[0.71 0.85],77.57575757575758
Inclusion of Latest Research Results,0.8577828007448557,[0.81 0.9 ],77.57575757575758
Reflection of Current Research Hotspots,0.8274428849682923,[0.77 0.88],77.57575757575758
Fluency of Language Expression,0.7760525169886118,[0.7  0.84],78.18181818181819
Appropriateness of Professional Terminology Use,0.7749410597404837,[0.7  0.84],77.57575757575758
Conciseness of Expression,0.7638930920371019,[0.69 0.83],78.18181818181819
Practical Application Potential of Research Results,0.8573307511368957,[0.8 0.9],77.57575757575758
Feasibility of Proposed Suggestions,0.7272734703618692,[0.64 0.81],77.57575757575758
Logic of Argumentation,0.7984148165405481,[0.73 0.86],77.57575757575758
Multi-angle Analysis of Problems,0.7969309432945797,[0.73 0.86],77.57575757575758
Identification and Discussion of Research Limitations,0.7200713099560654,[0.64 0.8 ],77.57575757575758
