Subcategory,ICC (Intraclass Correlation Coefficient),ICC 95% Confidence Interval,Transitivity Consistency Ratio (%)
Topic Relevance,0.48869313178059287,[0.39 0.6 ],77.57575757575758
Comprehensiveness of Information,0.7096740508017643,[0.62 0.79],75.75757575757575
Accuracy of Information,0.442934127906357,[0.34 0.56],77.57575757575758
Innovativeness of Viewpoints,0.6788763592830205,[0.59 0.77],75.75757575757575
Integration of Interdisciplinary Perspectives,0.6641256649907242,[0.57 0.76],75.75757575757575
Clarity of Logical Structure,0.7224188123039929,[0.64 0.8 ],76.36363636363637
Reasonableness of Chapter Arrangement,0.6878958988860223,[0.6  0.78],75.75757575757575
Quality of Introduction and Conclusion,0.6473594289964433,[0.55 0.74],75.75757575757575
Accuracy and Completeness of Citations,0.382647680814965,[0.28 0.5 ],82.42424242424242
Timeliness and Relevance of References,0.37382911656146534,[0.28 0.49],75.15151515151514
Avoidance of Plagiarism and Appropriate Citation,0.2700638450811701,[0.18 0.38],81.81818181818183
Critical Analysis of Existing Research,0.6759210093542658,[0.59 0.77],75.75757575757575
Proposal of New Research Directions or Questions,0.5065550809464938,[0.4  0.62],77.57575757575758
Potential Contribution to the Field,0.6344100045485378,[0.54 0.73],77.57575757575758
Clarity of Research Method Description,0.5762844439191267,[0.48 0.68],76.96969696969697
Rationality of Method Selection,0.57677260895943,[0.48 0.68],76.36363636363637
Rigor of Research Design,0.5554455598317634,[0.45 0.66],76.36363636363637
Inclusion of Latest Research Results,0.38929351359565173,[0.29 0.51],75.15151515151514
Reflection of Current Research Hotspots,0.3685829017890728,[0.27 0.49],77.57575757575758
Fluency of Language Expression,0.5919056153839106,[0.49 0.7 ],76.36363636363637
Appropriateness of Professional Terminology Use,0.547770397932722,[0.45 0.66],75.15151515151514
Conciseness of Expression,0.5897732814788823,[0.49 0.69],75.75757575757575
Practical Application Potential of Research Results,0.593975304411061,[0.5 0.7],77.57575757575758
Feasibility of Proposed Suggestions,0.5338721283542421,[0.43 0.65],78.18181818181819
Logic of Argumentation,0.6256417842260893,[0.53 0.72],76.36363636363637
Multi-angle Analysis of Problems,0.6045513811799237,[0.51 0.71],76.36363636363637
Identification and Discussion of Research Limitations,0.5700605569200456,[0.47 0.68],79.39393939393939
