Subcategory,ICC (Intraclass Correlation Coefficient),ICC 95% Confidence Interval,Transitivity Consistency Ratio (%)
Topic Relevance,0.5769540960061867,[0.48 0.68],54.54545454545454
Comprehensiveness of Information,0.59823691753528,[0.43 0.73],91.51515151515152
Accuracy of Information,0.48120860092128703,[0.38 0.6 ],59.09090909090909
Innovativeness of Viewpoints,0.588445069282913,[0.42 0.73],94.54545454545455
Integration of Interdisciplinary Perspectives,0.6179267939898422,[0.47 0.74],91.51515151515152
Clarity of Logical Structure,0.5051875350738677,[0.36 0.64],95.15151515151516
Reasonableness of Chapter Arrangement,0.5177105017292531,[0.37 0.66],95.15151515151516
Quality of Introduction and Conclusion,0.4862823818793037,[0.35 0.62],95.15151515151516
Accuracy and Completeness of Citations,0.709820813470213,[0.62 0.79],59.375
Timeliness and Relevance of References,0.533732194274667,[0.39 0.67],92.72727272727272
Avoidance of Plagiarism and Appropriate Citation,0.427488509901072,[0.33 0.55],56.52173913043478
Critical Analysis of Existing Research,0.5979414197046472,[0.43 0.73],94.54545454545455
Proposal of New Research Directions or Questions,0.6465179607357094,[0.52 0.76],95.15151515151516
Potential Contribution to the Field,0.5924507148116559,[0.43 0.73],94.54545454545455
Clarity of Research Method Description,0.5048823195297928,[0.35 0.65],94.54545454545455
Rationality of Method Selection,0.49872615518869645,[0.34 0.64],94.54545454545455
Rigor of Research Design,0.4842291950576305,[0.33 0.63],94.54545454545455
Inclusion of Latest Research Results,0.5495591159355641,[0.41 0.68],92.72727272727272
Reflection of Current Research Hotspots,0.5218619428424404,[0.39 0.65],92.72727272727272
Fluency of Language Expression,0.34686789786438155,[0.23 0.48],94.54545454545455
Appropriateness of Professional Terminology Use,0.33334930736762836,[0.21 0.47],94.54545454545455
Conciseness of Expression,0.3337416195231154,[0.22 0.47],95.15151515151516
Practical Application Potential of Research Results,0.5722445558064259,[0.42 0.71],95.15151515151516
Feasibility of Proposed Suggestions,0.5176060804631133,[0.38 0.65],94.54545454545455
Logic of Argumentation,0.5185866378063545,[0.37 0.66],94.54545454545455
Multi-angle Analysis of Problems,0.5104087942287874,[0.37 0.65],91.51515151515152
Identification and Discussion of Research Limitations,0.5192984013390285,[0.37 0.66],94.54545454545455
