Subcategory,ICC (Intraclass Correlation Coefficient),ICC 95% Confidence Interval,Transitivity Consistency Ratio (%)
Topic Relevance,0.5655911212137988,[0.46 0.67],89.0909090909091
Comprehensiveness of Information,0.8867858661425401,[0.84 0.92],84.24242424242424
Accuracy of Information,0.4923918941533842,[0.39 0.61],87.27272727272727
Innovativeness of Viewpoints,0.7678627096616343,[0.69 0.84],83.03030303030303
Integration of Interdisciplinary Perspectives,0.887470983297688,[0.84 0.92],86.06060606060606
Clarity of Logical Structure,0.8689413034357711,[0.82 0.91],81.81818181818183
Reasonableness of Chapter Arrangement,0.8503707419713645,[0.8 0.9],84.24242424242424
Quality of Introduction and Conclusion,0.6840781216949872,[0.59 0.77],86.66666666666667
Accuracy and Completeness of Citations,0.442035723703385,[0.34 0.56],87.27272727272727
Timeliness and Relevance of References,0.5232772639189006,[0.42 0.64],83.03030303030303
Avoidance of Plagiarism and Appropriate Citation,0.2819058390030177,[0.19 0.4 ],87.27272727272727
Critical Analysis of Existing Research,0.7717855377386755,[0.7  0.84],82.42424242424242
Proposal of New Research Directions or Questions,0.5713955361643986,[0.47 0.68],84.84848484848484
Potential Contribution to the Field,0.7541749059692645,[0.68 0.83],83.03030303030303
Clarity of Research Method Description,0.5668904739752312,[0.47 0.67],87.27272727272727
Rationality of Method Selection,0.5692201155557075,[0.47 0.68],87.27272727272727
Rigor of Research Design,0.5321165241951648,[0.43 0.64],87.27272727272727
Inclusion of Latest Research Results,0.5369650754932955,[0.44 0.65],83.03030303030303
Reflection of Current Research Hotspots,0.5567848301273319,[0.46 0.67],84.84848484848484
Fluency of Language Expression,0.8258303297128617,[0.76 0.88],87.27272727272727
Appropriateness of Professional Terminology Use,0.8345493157632421,[0.78 0.89],85.45454545454545
Conciseness of Expression,0.6946840266962553,[0.61 0.78],86.66666666666667
Practical Application Potential of Research Results,0.6708064015103065,[0.58 0.76],81.81818181818183
Feasibility of Proposed Suggestions,0.43336973328888606,[0.33 0.55],89.0909090909091
Logic of Argumentation,0.804138360281319,[0.74 0.86],84.24242424242424
Multi-angle Analysis of Problems,0.752683740049829,[0.67 0.83],84.24242424242424
Identification and Discussion of Research Limitations,0.5618394796076094,[0.46 0.67],83.63636363636363
