Subcategory,ICC (Intraclass Correlation Coefficient),ICC 95% Confidence Interval,Transitivity Consistency Ratio (%)
Topic Relevance,0.7639648214302487,[0.68 0.84],78.18181818181819
Comprehensiveness of Information,0.8615466105599128,[0.78 0.92],81.81818181818183
Accuracy of Information,0.8542619096082305,[0.8 0.9],72.81553398058253
Innovativeness of Viewpoints,0.6671591324318719,[0.58 0.76],80.60606060606061
Integration of Interdisciplinary Perspectives,0.6503039740874548,[0.53 0.76],81.21212121212122
Clarity of Logical Structure,0.6702473195192061,[0.51 0.79],87.27272727272727
Reasonableness of Chapter Arrangement,0.7397216627309348,[0.62 0.83],85.0
Quality of Introduction and Conclusion,0.6216678333656036,[0.52 0.72],78.78787878787878
Accuracy and Completeness of Citations,0.9543643506162588,[0.93 0.97],75.93984962406014
Timeliness and Relevance of References,0.8868446572402148,[0.84 0.92],69.51219512195121
Avoidance of Plagiarism and Appropriate Citation,0.914125754482668,[0.88 0.94],38.46153846153847
Critical Analysis of Existing Research,0.8311993005674707,[0.75 0.89],81.81818181818183
Proposal of New Research Directions or Questions,0.9012483060749096,[0.86 0.93],80.60606060606061
Potential Contribution to the Field,0.7132824087523053,[0.62 0.8 ],72.54901960784314
Clarity of Research Method Description,0.834930115600174,[0.77 0.89],83.33333333333334
Rationality of Method Selection,0.7413508675235069,[0.66 0.82],55.35714285714286
Rigor of Research Design,0.7798835973178595,[0.71 0.85],65.27777777777779
Inclusion of Latest Research Results,0.7975632131050614,[0.73 0.86],73.6
Reflection of Current Research Hotspots,0.5348351195418523,[0.43 0.65],78.343949044586
Fluency of Language Expression,0.610354870046593,[0.49 0.72],88.81578947368422
Appropriateness of Professional Terminology Use,0.7567219231260476,[0.67 0.83],65.85365853658537
Conciseness of Expression,0.7591395296053189,[0.65 0.84],89.6969696969697
Practical Application Potential of Research Results,0.7558267034768598,[0.68 0.83],73.02631578947368
Feasibility of Proposed Suggestions,0.8353984823136881,[0.78 0.89],78.78787878787878
Logic of Argumentation,0.7872551353569005,[0.68 0.87],86.62420382165605
Multi-angle Analysis of Problems,0.7545679069917602,[0.66 0.83],74.375
Identification and Discussion of Research Limitations,0.7833382591712589,[0.71 0.85],61.25000000000001
