Subcategory,ICC (Intraclass Correlation Coefficient),ICC 95% Confidence Interval,Transitivity Consistency Ratio (%)
Topic Relevance,0.8044121807479013,[0.74 0.87],0.0
Comprehensiveness of Information,0.8560322167764494,[0.8 0.9],78.26086956521739
Accuracy of Information,0.7040612278698386,[0.62 0.79],25.0
Innovativeness of Viewpoints,0.7650615959655686,[0.69 0.84],78.18181818181819
Integration of Interdisciplinary Perspectives,0.8143624111827221,[0.75 0.87],77.12418300653596
Clarity of Logical Structure,0.6444638799431104,[0.55 0.74],76.36363636363637
Reasonableness of Chapter Arrangement,0.6570634402327992,[0.56 0.75],76.36363636363637
Quality of Introduction and Conclusion,0.6065157134813706,[0.51 0.71],76.36363636363637
Accuracy and Completeness of Citations,0.6429690438084956,[0.55 0.74],27.77777777777778
Timeliness and Relevance of References,0.6866473682727587,[0.6  0.77],74.83443708609272
Avoidance of Plagiarism and Appropriate Citation,0.44200197177007916,[0.34 0.56],22.22222222222222
Critical Analysis of Existing Research,0.7596466913663837,[0.68 0.83],79.39393939393939
Proposal of New Research Directions or Questions,0.7376072390363573,[0.66 0.81],78.18181818181819
Potential Contribution to the Field,0.7498549242431115,[0.67 0.82],79.39393939393939
Clarity of Research Method Description,0.694287972561944,[0.61 0.78],77.12418300653596
Rationality of Method Selection,0.6883766149440014,[0.6  0.78],75.79617834394905
Rigor of Research Design,0.7005282417212783,[0.61 0.79],75.79617834394905
Inclusion of Latest Research Results,0.7094616065327605,[0.62 0.79],74.83443708609272
Reflection of Current Research Hotspots,0.7117293840531967,[0.63 0.79],76.36363636363637
Fluency of Language Expression,0.54825482243571,[0.45 0.66],74.375
Appropriateness of Professional Terminology Use,0.6136359100344012,[0.52 0.71],78.1456953642384
Conciseness of Expression,0.5235848123894583,[0.42 0.64],75.15151515151514
Practical Application Potential of Research Results,0.7264992298315078,[0.64 0.81],79.39393939393939
Feasibility of Proposed Suggestions,0.6355746258022491,[0.54 0.73],79.39393939393939
Logic of Argumentation,0.7144541544996018,[0.63 0.8 ],76.36363636363637
Multi-angle Analysis of Problems,0.7003370120087782,[0.61 0.79],76.36363636363637
Identification and Discussion of Research Limitations,0.6829404712130315,[0.59 0.77],76.36363636363637
