Subcategory,ICC (Intraclass Correlation Coefficient),ICC 95% Confidence Interval,Transitivity Consistency Ratio (%)
Topic Relevance,0.654439834560643,[0.56 0.75],16.666666666666664
Comprehensiveness of Information,0.8903520321754127,[0.85 0.93],80.60606060606061
Accuracy of Information,0.6445182724252487,[0.55 0.74],16.666666666666664
Innovativeness of Viewpoints,0.7762791061047212,[0.7  0.84],79.39393939393939
Integration of Interdisciplinary Perspectives,0.8444064840693126,[0.79 0.89],81.81818181818183
Clarity of Logical Structure,0.8269753602979525,[0.76 0.88],83.63636363636363
Reasonableness of Chapter Arrangement,0.8259736603372229,[0.76 0.88],80.89171974522293
Quality of Introduction and Conclusion,0.7292952188581422,[0.65 0.81],79.39393939393939
Accuracy and Completeness of Citations,0.6562427313276882,[0.56 0.75],48.888888888888886
Timeliness and Relevance of References,0.7771561567696825,[0.7  0.84],83.03030303030303
Avoidance of Plagiarism and Appropriate Citation,0.4394230298853344,[0.34 0.56],26.923076923076923
Critical Analysis of Existing Research,0.7703326972988765,[0.7  0.84],82.42424242424242
Proposal of New Research Directions or Questions,0.7172662962091508,[0.63 0.8 ],75.75757575757575
Potential Contribution to the Field,0.7708909590536466,[0.7  0.84],78.78787878787878
Clarity of Research Method Description,0.7771114572255743,[0.7  0.84],83.03030303030303
Rationality of Method Selection,0.7810093937957143,[0.71 0.85],83.03030303030303
Rigor of Research Design,0.7732606740161362,[0.7  0.84],83.03030303030303
Inclusion of Latest Research Results,0.7862768302101864,[0.72 0.85],83.03030303030303
Reflection of Current Research Hotspots,0.7738266681399213,[0.7  0.84],81.81818181818183
Fluency of Language Expression,0.6749929687665093,[0.58 0.77],80.89171974522293
Appropriateness of Professional Terminology Use,0.747272173403423,[0.67 0.82],84.24242424242424
Conciseness of Expression,0.6675323297710776,[0.58 0.76],80.89171974522293
Practical Application Potential of Research Results,0.7382268275255182,[0.66 0.81],76.96969696969697
Feasibility of Proposed Suggestions,0.73291062610175,[0.65 0.81],78.18181818181819
Logic of Argumentation,0.7845368000043814,[0.71 0.85],83.63636363636363
Multi-angle Analysis of Problems,0.7574032413670442,[0.68 0.83],81.81818181818183
Identification and Discussion of Research Limitations,0.7430987587161864,[0.66 0.82],79.39393939393939
