Subcategory,ICC (Intraclass Correlation Coefficient),ICC 95% Confidence Interval,Transitivity Consistency Ratio (%)
Topic Relevance,0.3969852859356141,[0.29 0.52],83.92857142857143
Comprehensiveness of Information,0.5628751803863279,[0.4 0.7],90.9090909090909
Accuracy of Information,0.17186773514208353,[0.1  0.27],70.73170731707317
Innovativeness of Viewpoints,0.6037160510366667,[0.46 0.73],92.35668789808918
Integration of Interdisciplinary Perspectives,0.4970513281213296,[0.36 0.63],96.81528662420382
Clarity of Logical Structure,0.5447010566073495,[0.4  0.68],95.27027027027027
Reasonableness of Chapter Arrangement,0.5368456556679885,[0.41 0.66],87.27272727272727
Quality of Introduction and Conclusion,0.548737869567904,[0.41 0.68],91.0828025477707
Accuracy and Completeness of Citations,0.5620490856173287,[0.46 0.67],69.86301369863014
Timeliness and Relevance of References,0.5295221017813904,[0.41 0.65],89.1025641025641
Avoidance of Plagiarism and Appropriate Citation,0.1270839050845236,[0.07 0.22],75.67567567567568
Critical Analysis of Existing Research,0.5703711009489472,[0.43 0.7 ],92.72727272727272
Proposal of New Research Directions or Questions,0.6429330462079057,[0.53 0.75],85.98726114649682
Potential Contribution to the Field,0.567416781154624,[0.44 0.69],87.87878787878788
Clarity of Research Method Description,0.46311879595533495,[0.31 0.61],93.71069182389937
Rationality of Method Selection,0.4844522681451273,[0.34 0.62],95.15151515151516
Rigor of Research Design,0.45537267171153734,[0.3 0.6],94.54545454545455
Inclusion of Latest Research Results,0.5505308125192073,[0.43 0.67],88.48484848484848
Reflection of Current Research Hotspots,0.5765301807856819,[0.46 0.69],89.0909090909091
Fluency of Language Expression,0.40270028319533513,[0.27 0.54],90.9090909090909
Appropriateness of Professional Terminology Use,0.3117456534432832,[0.18 0.46],98.7878787878788
Conciseness of Expression,0.38734432103914285,[0.26 0.52],92.12121212121212
Practical Application Potential of Research Results,0.5714560633698115,[0.44 0.7 ],91.51515151515152
Feasibility of Proposed Suggestions,0.5274806834127821,[0.39 0.66],92.12121212121212
Logic of Argumentation,0.5103545923036144,[0.37 0.65],90.625
Multi-angle Analysis of Problems,0.54274600363942,[0.41 0.67],87.87878787878788
Identification and Discussion of Research Limitations,0.5195927412977064,[0.39 0.65],87.87878787878788
