Subcategory,ICC (Intraclass Correlation Coefficient),ICC 95% Confidence Interval,Transitivity Consistency Ratio (%)
Topic Relevance,0.29051998370446136,[0.2  0.41],100.0
Comprehensiveness of Information,0.5048585313060167,[0.37 0.64],97.57575757575758
Accuracy of Information,0.024901763338607982,[-0.01  0.08],100.0
Innovativeness of Viewpoints,0.6562689497698151,[0.53 0.76],89.74358974358975
Integration of Interdisciplinary Perspectives,0.5722553125099724,[0.46 0.69],92.12121212121212
Clarity of Logical Structure,0.5865730787898092,[0.43 0.72],92.12121212121212
Reasonableness of Chapter Arrangement,0.5410205723722156,[0.41 0.67],95.15151515151516
Quality of Introduction and Conclusion,0.5602321790729856,[0.41 0.69],89.0909090909091
Accuracy and Completeness of Citations,0.6151675770273652,[0.52 0.72],60.0
Timeliness and Relevance of References,0.5967736568881086,[0.48 0.71],92.72727272727272
Avoidance of Plagiarism and Appropriate Citation,0.08799902413589386,[0.03 0.17],63.63636363636363
Critical Analysis of Existing Research,0.6180608199143989,[0.49 0.73],93.58974358974359
Proposal of New Research Directions or Questions,0.725526360298814,[0.62 0.81],88.48484848484848
Potential Contribution to the Field,0.6139536487443887,[0.49 0.73],92.12121212121212
Clarity of Research Method Description,0.4785952697860142,[0.36 0.61],92.12121212121212
Rationality of Method Selection,0.49208962706930065,[0.37 0.62],92.12121212121212
Rigor of Research Design,0.47654651629062267,[0.35 0.61],95.75757575757575
Inclusion of Latest Research Results,0.5840860976497941,[0.47 0.7 ],92.72727272727272
Reflection of Current Research Hotspots,0.5890784262093635,[0.47 0.7 ],88.48484848484848
Fluency of Language Expression,0.46306310464122785,[0.32 0.61],93.93939393939394
Appropriateness of Professional Terminology Use,0.34090418511620324,[0.23 0.47],86.57718120805369
Conciseness of Expression,0.39816551942246625,[0.27 0.54],94.90445859872611
Practical Application Potential of Research Results,0.5148100421166727,[0.39 0.64],95.51282051282051
Feasibility of Proposed Suggestions,0.5367480168737676,[0.41 0.66],90.30303030303031
Logic of Argumentation,0.5466100863460099,[0.41 0.68],93.58974358974359
Multi-angle Analysis of Problems,0.5456155190429679,[0.42 0.67],92.12121212121212
Identification and Discussion of Research Limitations,0.5214232604641795,[0.39 0.65],93.58974358974359
