Subcategory,ICC (Intraclass Correlation Coefficient),ICC 95% Confidence Interval,Transitivity Consistency Ratio (%)
Topic Relevance,0.45793280468550146,[0.36 0.58],50.0
Comprehensiveness of Information,0.7737319025939331,[0.69 0.85],78.98089171974523
Accuracy of Information,0.35499924038502734,[0.26 0.47],31.57894736842105
Innovativeness of Viewpoints,0.662087314096877,[0.56 0.76],74.66666666666667
Integration of Interdisciplinary Perspectives,0.7543385516741816,[0.68 0.83],70.0
Clarity of Logical Structure,0.7184571305157852,[0.63 0.8 ],72.72727272727273
Reasonableness of Chapter Arrangement,0.6821363125375287,[0.59 0.77],77.70700636942675
Quality of Introduction and Conclusion,0.6812456934495915,[0.59 0.77],76.96969696969697
Accuracy and Completeness of Citations,0.593206471986869,[0.49 0.7 ],43.75
Timeliness and Relevance of References,0.5479330837019509,[0.45 0.66],75.75757575757575
Avoidance of Plagiarism and Appropriate Citation,0.29918987161071015,[0.21 0.42],28.57142857142857
Critical Analysis of Existing Research,0.6535075287632982,[0.55 0.75],72.95597484276729
Proposal of New Research Directions or Questions,0.7366682237027324,[0.65 0.81],76.28205128205127
Potential Contribution to the Field,0.6781140032085397,[0.58 0.77],76.36363636363637
Clarity of Research Method Description,0.5827640669216146,[0.48 0.69],74.66666666666667
Rationality of Method Selection,0.5884459456360365,[0.49 0.69],72.72727272727273
Rigor of Research Design,0.5797948007341179,[0.48 0.69],72.5
Inclusion of Latest Research Results,0.5709470991147406,[0.47 0.68],75.75757575757575
Reflection of Current Research Hotspots,0.6186856949097514,[0.52 0.72],75.15151515151514
Fluency of Language Expression,0.5660490338986316,[0.47 0.67],72.12121212121212
Appropriateness of Professional Terminology Use,0.5308944696829442,[0.43 0.64],76.92307692307693
Conciseness of Expression,0.5408465713961588,[0.44 0.65],73.93939393939394
Practical Application Potential of Research Results,0.6402399989758902,[0.54 0.74],74.0506329113924
Feasibility of Proposed Suggestions,0.5560574183791253,[0.45 0.67],75.75757575757575
Logic of Argumentation,0.696711659602262,[0.61 0.78],72.72727272727273
Multi-angle Analysis of Problems,0.6845425973019764,[0.59 0.77],73.71794871794873
Identification and Discussion of Research Limitations,0.5579557419722005,[0.46 0.67],73.93939393939394
