Subcategory,ICC (Intraclass Correlation Coefficient),ICC 95% Confidence Interval,Transitivity Consistency Ratio (%)
Topic Relevance,0.4356079979301174,[0.33 0.55],86.66666666666667
Comprehensiveness of Information,0.7903832844195195,[0.71 0.86],79.39393939393939
Accuracy of Information,0.3708561905423233,[0.27 0.49],89.0909090909091
Innovativeness of Viewpoints,0.3689612155187702,[0.27 0.49],84.84848484848484
Integration of Interdisciplinary Perspectives,0.7774372418003768,[0.7  0.84],76.96969696969697
Clarity of Logical Structure,0.7938848582930466,[0.72 0.86],80.0
Reasonableness of Chapter Arrangement,0.7315062017921119,[0.64 0.81],76.36363636363637
Quality of Introduction and Conclusion,0.5333322799533992,[0.42 0.65],74.54545454545455
Accuracy and Completeness of Citations,0.6781820655166383,[0.59 0.77],88.48484848484848
Timeliness and Relevance of References,0.3820389736620663,[0.28 0.5 ],82.42424242424242
Avoidance of Plagiarism and Appropriate Citation,0.2579068493150684,[0.17 0.37],86.66666666666667
Critical Analysis of Existing Research,0.5358517070156863,[0.43 0.65],84.24242424242424
Proposal of New Research Directions or Questions,0.32073448016688216,[0.23 0.44],82.42424242424242
Potential Contribution to the Field,0.5114461225368749,[0.41 0.63],76.36363636363637
Clarity of Research Method Description,0.5690451676103593,[0.47 0.68],81.21212121212122
Rationality of Method Selection,0.6110069712891737,[0.51 0.71],76.96969696969697
Rigor of Research Design,0.571129437727981,[0.47 0.68],76.36363636363637
Inclusion of Latest Research Results,0.39486542917328976,[0.3  0.51],83.03030303030303
Reflection of Current Research Hotspots,0.551241050513468,[0.45 0.66],76.36363636363637
Fluency of Language Expression,0.5656691668174199,[0.46 0.67],76.96969696969697
Appropriateness of Professional Terminology Use,0.5579454574724692,[0.45 0.67],78.18181818181819
Conciseness of Expression,0.504831836775263,[0.4  0.62],80.0
Practical Application Potential of Research Results,0.49738978684668333,[0.39 0.61],78.18181818181819
Feasibility of Proposed Suggestions,0.3171145231880958,[0.23 0.43],76.96969696969697
Logic of Argumentation,0.6509393863131583,[0.55 0.75],75.15151515151514
Multi-angle Analysis of Problems,0.723904637808518,[0.64 0.8 ],73.93939393939394
Identification and Discussion of Research Limitations,0.5258983567778761,[0.42 0.64],74.54545454545455
