Subcategory,ICC (Intraclass Correlation Coefficient),ICC 95% Confidence Interval,Transitivity Consistency Ratio (%)
Topic Relevance,0.536092935478037,[0.43 0.65],61.53846153846154
Comprehensiveness of Information,0.7563144812089672,[0.67 0.83],90.30303030303031
Accuracy of Information,0.1548247848352415,[0.09 0.25],25.0
Innovativeness of Viewpoints,0.7327245759836072,[0.65 0.81],88.48484848484848
Integration of Interdisciplinary Perspectives,0.7148430039344514,[0.63 0.8 ],89.74358974358975
Clarity of Logical Structure,0.7019024783698302,[0.62 0.79],83.63636363636363
Reasonableness of Chapter Arrangement,0.6938665216667093,[0.61 0.78],81.21212121212122
Quality of Introduction and Conclusion,0.6845952171487241,[0.6  0.77],85.25641025641025
Accuracy and Completeness of Citations,0.6355068506575964,[0.54 0.73],46.42857142857143
Timeliness and Relevance of References,0.6517438498093373,[0.56 0.75],85.45454545454545
Avoidance of Plagiarism and Appropriate Citation,0.20313303175957367,[0.13 0.31],44.44444444444444
Critical Analysis of Existing Research,0.7297076048421967,[0.64 0.81],88.48484848484848
Proposal of New Research Directions or Questions,0.7561849445771476,[0.68 0.83],81.81818181818183
Potential Contribution to the Field,0.7345093489209629,[0.65 0.81],79.39393939393939
Clarity of Research Method Description,0.6404234852115213,[0.55 0.74],83.33333333333334
Rationality of Method Selection,0.6595905238698677,[0.57 0.75],80.76923076923077
Rigor of Research Design,0.6261627841134304,[0.53 0.73],83.63636363636363
Inclusion of Latest Research Results,0.6964910839935436,[0.61 0.78],85.45454545454545
Reflection of Current Research Hotspots,0.6965827061909414,[0.61 0.78],81.21212121212122
Fluency of Language Expression,0.5888949965942902,[0.49 0.69],84.61538461538461
Appropriateness of Professional Terminology Use,0.515612845947809,[0.41 0.63],88.74172185430463
Conciseness of Expression,0.585874390965803,[0.49 0.69],84.61538461538461
Practical Application Potential of Research Results,0.7093050685843124,[0.62 0.79],89.0909090909091
Feasibility of Proposed Suggestions,0.6521723076343146,[0.56 0.75],89.0909090909091
Logic of Argumentation,0.6671529979485801,[0.58 0.76],88.48484848484848
Multi-angle Analysis of Problems,0.6718879966440077,[0.58 0.76],85.25641025641025
Identification and Discussion of Research Limitations,0.6169371546507887,[0.52 0.72],83.03030303030303
