Subcategory,ICC (Intraclass Correlation Coefficient),ICC 95% Confidence Interval,Transitivity Consistency Ratio (%)
Topic Relevance,0.582261968377707,[0.48 0.69],58.333333333333336
Comprehensiveness of Information,0.8162424006638241,[0.75 0.87],78.78787878787878
Accuracy of Information,0.521490862015217,[0.42 0.63],61.53846153846154
Innovativeness of Viewpoints,0.7738526901269395,[0.7  0.84],78.78787878787878
Integration of Interdisciplinary Perspectives,0.808970691958947,[0.74 0.87],79.39393939393939
Clarity of Logical Structure,0.8055440319844597,[0.74 0.87],75.15151515151514
Reasonableness of Chapter Arrangement,0.7901947761546766,[0.72 0.86],79.39393939393939
Quality of Introduction and Conclusion,0.7496178750880057,[0.67 0.82],75.0
Accuracy and Completeness of Citations,0.583281490098939,[0.48 0.69],59.67741935483871
Timeliness and Relevance of References,0.6589466592910844,[0.56 0.75],79.39393939393939
Avoidance of Plagiarism and Appropriate Citation,0.3557920631225666,[0.26 0.47],55.172413793103445
Critical Analysis of Existing Research,0.7457037578517206,[0.66 0.82],78.78787878787878
Proposal of New Research Directions or Questions,0.7290606592256282,[0.64 0.81],78.84615384615384
Potential Contribution to the Field,0.7187357515520587,[0.63 0.8 ],78.78787878787878
Clarity of Research Method Description,0.6648289678307205,[0.57 0.76],78.78787878787878
Rationality of Method Selection,0.6662886589254409,[0.57 0.76],78.78787878787878
Rigor of Research Design,0.6749976345608261,[0.58 0.77],78.78787878787878
Inclusion of Latest Research Results,0.6729849666742548,[0.58 0.76],79.39393939393939
Reflection of Current Research Hotspots,0.6968802170438974,[0.61 0.78],79.39393939393939
Fluency of Language Expression,0.7577721146297995,[0.68 0.83],75.15151515151514
Appropriateness of Professional Terminology Use,0.7241718504715714,[0.64 0.8 ],78.2051282051282
Conciseness of Expression,0.683818026492448,[0.59 0.77],75.15151515151514
Practical Application Potential of Research Results,0.6926055702380219,[0.6  0.78],78.84615384615384
Feasibility of Proposed Suggestions,0.6446685833225485,[0.55 0.74],78.84615384615384
Logic of Argumentation,0.7582107925988979,[0.68 0.83],78.84615384615384
Multi-angle Analysis of Problems,0.7652871636813684,[0.69 0.84],79.39393939393939
Identification and Discussion of Research Limitations,0.6667622045919418,[0.57 0.76],79.39393939393939
