Subcategory,ICC (Intraclass Correlation Coefficient),ICC 95% Confidence Interval,Transitivity Consistency Ratio (%)
Topic Relevance,0.46662701787849853,[0.36 0.58],79.24528301886792
Comprehensiveness of Information,0.7014630258661116,[0.61 0.79],78.78787878787878
Accuracy of Information,0.3149014871407114,[0.22 0.43],64.40677966101694
Innovativeness of Viewpoints,0.6501912439369804,[0.56 0.74],76.36363636363637
Integration of Interdisciplinary Perspectives,0.6469204176101109,[0.55 0.74],80.60606060606061
Clarity of Logical Structure,0.6416867409377245,[0.55 0.74],80.60606060606061
Reasonableness of Chapter Arrangement,0.6324911798947952,[0.54 0.73],80.60606060606061
Quality of Introduction and Conclusion,0.5768086734001866,[0.48 0.68],80.60606060606061
Accuracy and Completeness of Citations,0.5471501805230301,[0.45 0.66],73.48484848484848
Timeliness and Relevance of References,0.5955840106994502,[0.5 0.7],78.343949044586
Avoidance of Plagiarism and Appropriate Citation,0.3083774953705077,[0.22 0.43],58.06451612903226
Critical Analysis of Existing Research,0.6400378628782919,[0.54 0.74],76.36363636363637
Proposal of New Research Directions or Questions,0.5296604913511601,[0.43 0.64],78.78787878787878
Potential Contribution to the Field,0.6598815822320564,[0.57 0.75],76.36363636363637
Clarity of Research Method Description,0.525902767624389,[0.42 0.64],83.03030303030303
Rationality of Method Selection,0.5354062548998916,[0.43 0.65],83.03030303030303
Rigor of Research Design,0.5038013356855423,[0.4  0.62],83.03030303030303
Inclusion of Latest Research Results,0.6084813285008165,[0.51 0.71],78.78787878787878
Reflection of Current Research Hotspots,0.5364070188520127,[0.43 0.65],81.21212121212122
Fluency of Language Expression,0.5430085945195349,[0.44 0.65],80.76923076923077
Appropriateness of Professional Terminology Use,0.5192206105022431,[0.42 0.63],80.60606060606061
Conciseness of Expression,0.5291879071783,[0.43 0.64],80.60606060606061
Practical Application Potential of Research Results,0.5901098303167462,[0.49 0.69],76.36363636363637
Feasibility of Proposed Suggestions,0.5438715841815683,[0.44 0.65],76.10062893081762
Logic of Argumentation,0.5397008214584919,[0.44 0.65],83.03030303030303
Multi-angle Analysis of Problems,0.5233618203392651,[0.42 0.64],80.60606060606061
Identification and Discussion of Research Limitations,0.5016878167780826,[0.4  0.62],75.75757575757575
