Subcategory,ICC (Intraclass Correlation Coefficient),ICC 95% Confidence Interval,Transitivity Consistency Ratio (%)
Topic Relevance,0.5761965526483165,[0.48 0.68],74.52229299363057
Comprehensiveness of Information,0.7962067773219699,[0.73 0.86],77.07006369426752
Accuracy of Information,0.3726499306986268,[0.28 0.49],66.0377358490566
Innovativeness of Viewpoints,0.7256620395785953,[0.64 0.81],72.72727272727273
Integration of Interdisciplinary Perspectives,0.7030888515265327,[0.62 0.79],78.18181818181819
Clarity of Logical Structure,0.6964413078077714,[0.61 0.78],69.87179487179486
Reasonableness of Chapter Arrangement,0.6513152698565436,[0.56 0.75],72.72727272727273
Quality of Introduction and Conclusion,0.585189491262937,[0.49 0.69],70.9090909090909
Accuracy and Completeness of Citations,0.6565864309419028,[0.56 0.75],77.37226277372264
Timeliness and Relevance of References,0.6902714133900324,[0.6  0.78],73.33333333333333
Avoidance of Plagiarism and Appropriate Citation,0.27162649866449107,[0.19 0.39],60.824742268041234
Critical Analysis of Existing Research,0.7466930421564333,[0.67 0.82],72.72727272727273
Proposal of New Research Directions or Questions,0.5790187730716119,[0.48 0.69],71.69811320754717
Potential Contribution to the Field,0.7389764407946018,[0.66 0.82],72.72727272727273
Clarity of Research Method Description,0.6840838142478032,[0.59 0.77],75.15151515151514
Rationality of Method Selection,0.6747332739031439,[0.58 0.76],74.54545454545455
Rigor of Research Design,0.665382543752185,[0.57 0.76],72.12121212121212
Inclusion of Latest Research Results,0.6858832857391495,[0.6  0.77],73.33333333333333
Reflection of Current Research Hotspots,0.6519179277955361,[0.56 0.75],73.33333333333333
Fluency of Language Expression,0.569478208358774,[0.47 0.68],69.6969696969697
Appropriateness of Professional Terminology Use,0.6070296076216447,[0.51 0.71],72.72727272727273
Conciseness of Expression,0.5756579961827484,[0.48 0.68],70.3030303030303
Practical Application Potential of Research Results,0.6821402303302752,[0.59 0.77],69.18238993710692
Feasibility of Proposed Suggestions,0.6234021950018601,[0.53 0.72],72.12121212121212
Logic of Argumentation,0.646430837049723,[0.55 0.74],71.51515151515152
Multi-angle Analysis of Problems,0.6612507974957883,[0.57 0.75],70.88607594936708
Identification and Discussion of Research Limitations,0.6153766554342566,[0.52 0.72],72.12121212121212
