Subcategory,ICC (Intraclass Correlation Coefficient),ICC 95% Confidence Interval,Transitivity Consistency Ratio (%)
Topic Relevance,0.6194323768472307,[0.52 0.72],69.48051948051948
Comprehensiveness of Information,0.8231942401506234,[0.76 0.88],71.7948717948718
Accuracy of Information,0.23958523411554325,[0.16 0.35],56.09756097560976
Innovativeness of Viewpoints,0.6728057362773433,[0.58 0.76],76.96969696969697
Integration of Interdisciplinary Perspectives,0.7131841303735345,[0.63 0.8 ],72.72727272727273
Clarity of Logical Structure,0.684320860878577,[0.6  0.77],75.15151515151514
Reasonableness of Chapter Arrangement,0.6774403062390161,[0.59 0.77],75.15151515151514
Quality of Introduction and Conclusion,0.5857214319361398,[0.49 0.69],73.93939393939394
Accuracy and Completeness of Citations,0.5686644787438987,[0.47 0.68],63.8095238095238
Timeliness and Relevance of References,0.6604095012594574,[0.57 0.75],73.07692307692307
Avoidance of Plagiarism and Appropriate Citation,0.15152094891907403,[0.09 0.25],50.0
Critical Analysis of Existing Research,0.7236662196948351,[0.64 0.8 ],74.54545454545455
Proposal of New Research Directions or Questions,0.5665742216636328,[0.47 0.67],76.28205128205127
Potential Contribution to the Field,0.7199004033237246,[0.64 0.8 ],76.96969696969697
Clarity of Research Method Description,0.6279881837910382,[0.53 0.73],75.15151515151514
Rationality of Method Selection,0.6309754998987346,[0.54 0.73],75.15151515151514
Rigor of Research Design,0.6147211341155284,[0.52 0.72],75.15151515151514
Inclusion of Latest Research Results,0.6719887622029425,[0.58 0.76],73.07692307692307
Reflection of Current Research Hotspots,0.6849529940409097,[0.6  0.77],73.33333333333333
Fluency of Language Expression,0.6046781094159653,[0.51 0.71],75.15151515151514
Appropriateness of Professional Terminology Use,0.5634503492822264,[0.46 0.67],76.36363636363637
Conciseness of Expression,0.6002154120987808,[0.5 0.7],75.15151515151514
Practical Application Potential of Research Results,0.7212248780962868,[0.64 0.8 ],76.96969696969697
Feasibility of Proposed Suggestions,0.7018143617407026,[0.62 0.79],76.96969696969697
Logic of Argumentation,0.6520219578681107,[0.56 0.75],73.93939393939394
Multi-angle Analysis of Problems,0.6882787866360017,[0.6  0.78],72.72727272727273
Identification and Discussion of Research Limitations,0.6484060721093675,[0.55 0.74],73.33333333333333
