Subcategory,ICC (Intraclass Correlation Coefficient),ICC 95% Confidence Interval,Transitivity Consistency Ratio (%)
Topic Relevance,0.5548536569069477,[0.45 0.66],73.25581395348837
Comprehensiveness of Information,0.8249863975493396,[0.76 0.88],81.21212121212122
Accuracy of Information,0.4929562066484262,[0.39 0.61],51.28205128205128
Innovativeness of Viewpoints,0.7903954267140166,[0.72 0.85],80.60606060606061
Integration of Interdisciplinary Perspectives,0.7775523709054994,[0.7  0.84],76.92307692307693
Clarity of Logical Structure,0.7745957488738799,[0.7  0.84],80.12820512820514
Reasonableness of Chapter Arrangement,0.7721079727580338,[0.7  0.84],76.96969696969697
Quality of Introduction and Conclusion,0.7396918514957125,[0.66 0.82],76.96969696969697
Accuracy and Completeness of Citations,0.6399196836137878,[0.55 0.74],69.81132075471697
Timeliness and Relevance of References,0.6755814979573536,[0.59 0.77],78.18181818181819
Avoidance of Plagiarism and Appropriate Citation,0.3589590277544882,[0.26 0.48],52.83018867924528
Critical Analysis of Existing Research,0.7820313867151679,[0.71 0.85],80.60606060606061
Proposal of New Research Directions or Questions,0.7255379505991941,[0.64 0.81],80.0
Potential Contribution to the Field,0.771067996474334,[0.7  0.84],80.60606060606061
Clarity of Research Method Description,0.7168529581154788,[0.63 0.8 ],81.21212121212122
Rationality of Method Selection,0.7253784019933799,[0.64 0.8 ],81.21212121212122
Rigor of Research Design,0.7171866856656791,[0.63 0.8 ],81.21212121212122
Inclusion of Latest Research Results,0.6869360289012042,[0.6  0.77],78.18181818181819
Reflection of Current Research Hotspots,0.7274047732946092,[0.64 0.81],79.48717948717949
Fluency of Language Expression,0.7397737982252961,[0.66 0.82],80.60606060606061
Appropriateness of Professional Terminology Use,0.6839173335566487,[0.59 0.77],80.60606060606061
Conciseness of Expression,0.7131439750003997,[0.63 0.8 ],80.60606060606061
Practical Application Potential of Research Results,0.7441781405508496,[0.66 0.82],80.60606060606061
Feasibility of Proposed Suggestions,0.6904987272631691,[0.6  0.78],80.60606060606061
Logic of Argumentation,0.7508852730313711,[0.67 0.82],80.60606060606061
Multi-angle Analysis of Problems,0.7482131698928548,[0.67 0.82],80.60606060606061
Identification and Discussion of Research Limitations,0.7037177739527316,[0.62 0.79],80.60606060606061
