Subcategory,ICC (Intraclass Correlation Coefficient),ICC 95% Confidence Interval,Transitivity Consistency Ratio (%)
Topic Relevance,0.5191932743141164,[0.42 0.63],82.42424242424242
Comprehensiveness of Information,0.8172251715478821,[0.75 0.87],83.03030303030303
Accuracy of Information,0.33534394274772356,[0.24 0.45],61.25000000000001
Innovativeness of Viewpoints,0.5933099297578207,[0.49 0.7 ],82.42424242424242
Integration of Interdisciplinary Perspectives,0.701392472805237,[0.61 0.79],84.84848484848484
Clarity of Logical Structure,0.6671192107728767,[0.58 0.76],80.60606060606061
Reasonableness of Chapter Arrangement,0.6304677991697253,[0.53 0.73],81.81818181818183
Quality of Introduction and Conclusion,0.5558136666155568,[0.46 0.66],80.60606060606061
Accuracy and Completeness of Citations,0.6806100319930469,[0.59 0.77],77.5
Timeliness and Relevance of References,0.7138113197526801,[0.63 0.8 ],79.39393939393939
Avoidance of Plagiarism and Appropriate Citation,0.2292777322825455,[0.15 0.34],65.0
Critical Analysis of Existing Research,0.6580219871640086,[0.57 0.75],80.0
Proposal of New Research Directions or Questions,0.5815596175380788,[0.48 0.69],84.24242424242424
Potential Contribution to the Field,0.6388260210009482,[0.54 0.74],80.0
Clarity of Research Method Description,0.6598719771243049,[0.57 0.75],79.48717948717949
Rationality of Method Selection,0.6445235595563551,[0.55 0.74],78.78787878787878
Rigor of Research Design,0.6180686385158957,[0.52 0.72],80.60606060606061
Inclusion of Latest Research Results,0.7051900404353703,[0.62 0.79],79.39393939393939
Reflection of Current Research Hotspots,0.6660365752203264,[0.57 0.76],81.21212121212122
Fluency of Language Expression,0.5401624794705592,[0.44 0.65],80.60606060606061
Appropriateness of Professional Terminology Use,0.5893861769345022,[0.49 0.69],82.42424242424242
Conciseness of Expression,0.5360765096244526,[0.43 0.65],80.60606060606061
Practical Application Potential of Research Results,0.6584234340110471,[0.57 0.75],78.18181818181819
Feasibility of Proposed Suggestions,0.6316283527755095,[0.54 0.73],80.26315789473685
Logic of Argumentation,0.6320832530966846,[0.54 0.73],78.78787878787878
Multi-angle Analysis of Problems,0.6481669867039164,[0.55 0.74],84.84848484848484
Identification and Discussion of Research Limitations,0.6382314086441089,[0.54 0.74],80.0
