Subcategory,ICC (Intraclass Correlation Coefficient),ICC 95% Confidence Interval,Transitivity Consistency Ratio (%)
Topic Relevance,0.16219529419433812,[0.09 0.26],38.46153846153847
Comprehensiveness of Information,0.15065502622200694,[0.08 0.25],48.64864864864865
Accuracy of Information,0.08969387812905384,[0.04 0.17],50.0
Innovativeness of Viewpoints,0.11581990942158357,[0.06 0.2 ],66.66666666666666
Integration of Interdisciplinary Perspectives,0.13139527359121403,[0.07 0.22],64.51612903225806
Clarity of Logical Structure,0.04040763178933128,[0.01 0.09],99.24242424242425
Reasonableness of Chapter Arrangement,0.04371790468899175,[0.01 0.1 ],95.27027027027027
Quality of Introduction and Conclusion,0.06876859636874838,[0.02 0.14],74.75728155339806
Accuracy and Completeness of Citations,0.03647627514168243,[-0.   0.1],92.07920792079209
Timeliness and Relevance of References,0.10007955719958651,[0.05 0.18],86.53846153846155
Avoidance of Plagiarism and Appropriate Citation,0.05390179618877612,[0.01 0.12],75.25773195876289
Critical Analysis of Existing Research,0.12086247156124243,[0.06 0.21],81.41592920353983
Proposal of New Research Directions or Questions,0.14990779998654002,[0.08 0.25],86.5546218487395
Potential Contribution to the Field,0.11885176848559001,[0.06 0.21],84.21052631578947
Clarity of Research Method Description,0.09879146443234142,[0.05 0.18],82.88288288288288
Rationality of Method Selection,0.08937030009888533,[0.04 0.17],87.71929824561403
Rigor of Research Design,0.09180198853425861,[0.04 0.17],85.15625
Inclusion of Latest Research Results,0.10186168208482999,[0.05 0.19],86.56716417910447
Reflection of Current Research Hotspots,0.11370184824009574,[0.06 0.2 ],88.57142857142857
Fluency of Language Expression,0.0501489055032065,[0.01 0.12],82.35294117647058
Appropriateness of Professional Terminology Use,0.0756864467703956,[0.03 0.15],83.89830508474576
Conciseness of Expression,0.0525681375946155,[0.01 0.12],84.31372549019608
Practical Application Potential of Research Results,0.08048520885024531,[0.03 0.16],92.5
Feasibility of Proposed Suggestions,0.0662616333648801,[0.02 0.14],91.66666666666666
Logic of Argumentation,0.0720009046050049,[0.02 0.15],88.39285714285714
Multi-angle Analysis of Problems,0.06525138258314456,[0.02 0.14],88.28828828828829
Identification and Discussion of Research Limitations,0.05493804810765392,[0.01 0.12],86.11111111111111
