Subcategory,ICC (Intraclass Correlation Coefficient),ICC 95% Confidence Interval,Transitivity Consistency Ratio (%)
Topic Relevance,0.7149319752431688,[0.63 0.8 ],69.73684210526315
Comprehensiveness of Information,0.8661740146044619,[0.82 0.91],72.12121212121212
Accuracy of Information,0.5558134984136397,[0.46 0.66],56.00000000000001
Innovativeness of Viewpoints,0.8523917212538782,[0.8 0.9],73.93939393939394
Integration of Interdisciplinary Perspectives,0.8585365997760795,[0.81 0.9 ],73.93939393939394
Clarity of Logical Structure,0.8553396895153974,[0.8 0.9],75.15151515151514
Reasonableness of Chapter Arrangement,0.8411206365843401,[0.78 0.89],73.33333333333333
Quality of Introduction and Conclusion,0.8182247335483289,[0.76 0.87],75.15151515151514
Accuracy and Completeness of Citations,0.6940929444131794,[0.61 0.78],62.93103448275862
Timeliness and Relevance of References,0.7107286771196307,[0.63 0.79],73.93939393939394
Avoidance of Plagiarism and Appropriate Citation,0.5207093575338401,[0.42 0.63],59.154929577464785
Critical Analysis of Existing Research,0.8527779965031425,[0.8 0.9],73.93939393939394
Proposal of New Research Directions or Questions,0.8084479623362475,[0.74 0.87],73.93939393939394
Potential Contribution to the Field,0.7990896703047176,[0.73 0.86],73.93939393939394
Clarity of Research Method Description,0.7251485254767978,[0.64 0.8 ],75.15151515151514
Rationality of Method Selection,0.7314986222540228,[0.65 0.81],75.15151515151514
Rigor of Research Design,0.6901541777968566,[0.6  0.78],75.15151515151514
Inclusion of Latest Research Results,0.7241676836942146,[0.64 0.8 ],73.93939393939394
Reflection of Current Research Hotspots,0.7121762587673389,[0.63 0.79],73.93939393939394
Fluency of Language Expression,0.7659115150466148,[0.69 0.84],75.15151515151514
Appropriateness of Professional Terminology Use,0.7609414709964056,[0.68 0.83],73.24840764331209
Conciseness of Expression,0.7490223864121516,[0.67 0.82],75.15151515151514
Practical Application Potential of Research Results,0.7698614917046138,[0.7  0.84],73.93939393939394
Feasibility of Proposed Suggestions,0.695786029113665,[0.61 0.78],73.93939393939394
Logic of Argumentation,0.826613213683164,[0.77 0.88],75.15151515151514
Multi-angle Analysis of Problems,0.8103405179436417,[0.75 0.87],73.93939393939394
Identification and Discussion of Research Limitations,0.681504645944138,[0.59 0.77],73.93939393939394
