Subcategory,ICC (Intraclass Correlation Coefficient),ICC 95% Confidence Interval,Transitivity Consistency Ratio (%)
Topic Relevance,0.696732194224121,[0.61 0.78],67.79661016949152
Comprehensiveness of Information,0.8451779647083468,[0.79 0.89],84.84848484848484
Accuracy of Information,0.4110798501546642,[0.31 0.53],45.94594594594595
Innovativeness of Viewpoints,0.8273393937409059,[0.77 0.88],81.21212121212122
Integration of Interdisciplinary Perspectives,0.7926333613899966,[0.72 0.86],78.18181818181819
Clarity of Logical Structure,0.7952876003427157,[0.73 0.86],79.39393939393939
Reasonableness of Chapter Arrangement,0.779601230512008,[0.71 0.85],80.0
Quality of Introduction and Conclusion,0.7291305122812022,[0.65 0.81],76.36363636363637
Accuracy and Completeness of Citations,0.612526130909367,[0.52 0.71],61.53846153846154
Timeliness and Relevance of References,0.6696685385614761,[0.58 0.76],79.39393939393939
Avoidance of Plagiarism and Appropriate Citation,0.27694468177041914,[0.19 0.39],52.17391304347826
Critical Analysis of Existing Research,0.8144348869336706,[0.75 0.87],79.39393939393939
Proposal of New Research Directions or Questions,0.8093474821861575,[0.74 0.87],74.53416149068323
Potential Contribution to the Field,0.8048156206105398,[0.74 0.87],78.18181818181819
Clarity of Research Method Description,0.6565170181377209,[0.56 0.75],79.39393939393939
Rationality of Method Selection,0.6761255542051697,[0.59 0.77],78.18181818181819
Rigor of Research Design,0.6489619046389918,[0.56 0.74],79.39393939393939
Inclusion of Latest Research Results,0.6994606281996295,[0.61 0.78],79.39393939393939
Reflection of Current Research Hotspots,0.7765726924892217,[0.7  0.84],78.18181818181819
Fluency of Language Expression,0.649096042872524,[0.56 0.74],79.39393939393939
Appropriateness of Professional Terminology Use,0.6476364563849685,[0.55 0.74],79.375
Conciseness of Expression,0.6726562722575239,[0.58 0.76],78.343949044586
Practical Application Potential of Research Results,0.7699465095881796,[0.7  0.84],80.0
Feasibility of Proposed Suggestions,0.7109626132729243,[0.63 0.79],78.18181818181819
Logic of Argumentation,0.7447639495019451,[0.67 0.82],79.39393939393939
Multi-angle Analysis of Problems,0.7569968417358756,[0.68 0.83],79.39393939393939
Identification and Discussion of Research Limitations,0.656092628171402,[0.56 0.75],76.36363636363637
