Subcategory,ICC (Intraclass Correlation Coefficient),ICC 95% Confidence Interval,Transitivity Consistency Ratio (%)
Topic Relevance,0.5574049946334381,[0.46 0.67],70.2127659574468
Comprehensiveness of Information,0.9063146857982003,[0.87 0.94],78.78787878787878
Accuracy of Information,0.447413175050436,[0.35 0.57],46.0
Innovativeness of Viewpoints,0.8545518885547068,[0.8 0.9],77.57575757575758
Integration of Interdisciplinary Perspectives,0.8167078978808814,[0.75 0.87],78.78787878787878
Clarity of Logical Structure,0.7510468668357108,[0.67 0.82],78.78787878787878
Reasonableness of Chapter Arrangement,0.7998042362862046,[0.73 0.86],78.78787878787878
Quality of Introduction and Conclusion,0.7908820378526367,[0.72 0.85],78.78787878787878
Accuracy and Completeness of Citations,0.7168968748000842,[0.63 0.8 ],74.46808510638297
Timeliness and Relevance of References,0.7008058560996366,[0.61 0.79],77.70700636942675
Avoidance of Plagiarism and Appropriate Citation,0.46892812702725756,[0.37 0.59],58.69565217391305
Critical Analysis of Existing Research,0.7866471239497141,[0.72 0.85],77.70700636942675
Proposal of New Research Directions or Questions,0.7926280235721462,[0.72 0.86],77.57575757575758
Potential Contribution to the Field,0.774962510808165,[0.7  0.84],77.70700636942675
Clarity of Research Method Description,0.6886788793939315,[0.6  0.78],77.33333333333333
Rationality of Method Selection,0.7178142212985282,[0.63 0.8 ],77.70700636942675
Rigor of Research Design,0.6960036328046776,[0.61 0.78],78.18181818181819
Inclusion of Latest Research Results,0.6997428307037509,[0.61 0.78],77.70700636942675
Reflection of Current Research Hotspots,0.7570579521569968,[0.68 0.83],78.78787878787878
Fluency of Language Expression,0.6289714133715897,[0.53 0.73],78.78787878787878
Appropriateness of Professional Terminology Use,0.6522754061260734,[0.56 0.75],76.82119205298014
Conciseness of Expression,0.611993768859207,[0.51 0.71],77.57575757575758
Practical Application Potential of Research Results,0.7633125792556653,[0.69 0.83],77.57575757575758
Feasibility of Proposed Suggestions,0.7574120901593703,[0.68 0.83],77.57575757575758
Logic of Argumentation,0.7964591758938048,[0.73 0.86],78.78787878787878
Multi-angle Analysis of Problems,0.8197637255096142,[0.76 0.88],78.78787878787878
Identification and Discussion of Research Limitations,0.7317062118153077,[0.65 0.81],78.78787878787878
