Subcategory,ICC (Intraclass Correlation Coefficient),ICC 95% Confidence Interval,Transitivity Consistency Ratio (%)
Topic Relevance,0.6755124135442214,[0.58 0.77],56.92307692307692
Comprehensiveness of Information,0.7930798788643763,[0.71 0.86],81.64556962025317
Accuracy of Information,0.16832094732326278,[0.1  0.27],50.0
Innovativeness of Viewpoints,0.7261958451889473,[0.63 0.81],80.60606060606061
Integration of Interdisciplinary Perspectives,0.7843752171395484,[0.71 0.85],80.60606060606061
Clarity of Logical Structure,0.7565716996222741,[0.67 0.83],77.57575757575758
Reasonableness of Chapter Arrangement,0.74345620392506,[0.66 0.82],77.57575757575758
Quality of Introduction and Conclusion,0.7234109972717395,[0.64 0.81],73.68421052631578
Accuracy and Completeness of Citations,0.6172700785461335,[0.52 0.72],54.347826086956516
Timeliness and Relevance of References,0.6286896033088927,[0.53 0.73],78.78787878787878
Avoidance of Plagiarism and Appropriate Citation,0.26021821188398375,[0.18 0.37],55.55555555555556
Critical Analysis of Existing Research,0.7219195905642689,[0.63 0.81],78.78787878787878
Proposal of New Research Directions or Questions,0.7860991424918496,[0.71 0.85],80.60606060606061
Potential Contribution to the Field,0.7415976227401612,[0.66 0.82],78.78787878787878
Clarity of Research Method Description,0.6122559485058453,[0.51 0.72],77.56410256410257
Rationality of Method Selection,0.6288443778295423,[0.53 0.73],76.47058823529412
Rigor of Research Design,0.5944369445036032,[0.49 0.7 ],78.18181818181819
Inclusion of Latest Research Results,0.6482825667107509,[0.55 0.74],76.36363636363637
Reflection of Current Research Hotspots,0.7247960350456941,[0.64 0.81],77.56410256410257
Fluency of Language Expression,0.6226368447596314,[0.52 0.72],75.83892617449665
Appropriateness of Professional Terminology Use,0.4785560389864871,[0.37 0.6 ],76.38888888888889
Conciseness of Expression,0.5672774670381681,[0.46 0.68],78.78787878787878
Practical Application Potential of Research Results,0.7347922030841876,[0.65 0.81],81.21212121212122
Feasibility of Proposed Suggestions,0.6658487731928305,[0.57 0.76],80.60606060606061
Logic of Argumentation,0.7023248237361354,[0.61 0.79],75.83892617449665
Multi-angle Analysis of Problems,0.7302128606154512,[0.64 0.81],82.42424242424242
Identification and Discussion of Research Limitations,0.6033297164478653,[0.5  0.71],77.57575757575758
