Subcategory,ICC (Intraclass Correlation Coefficient),ICC 95% Confidence Interval,Transitivity Consistency Ratio (%)
Topic Relevance,0.6742770290405081,[0.58 0.77],30.0
Comprehensiveness of Information,0.6732729552185732,[0.49 0.8 ],87.27272727272727
Accuracy of Information,0.52371352141824,[0.42 0.64],30.0
Innovativeness of Viewpoints,0.7558886945870414,[0.66 0.84],90.30303030303031
Integration of Interdisciplinary Perspectives,0.7174886400452894,[0.61 0.81],90.6832298136646
Clarity of Logical Structure,0.6844586662851814,[0.57 0.79],82.89473684210526
Reasonableness of Chapter Arrangement,0.6789661852629306,[0.55 0.79],86.66666666666667
Quality of Introduction and Conclusion,0.552360567729258,[0.44 0.67],92.72727272727272
Accuracy and Completeness of Citations,0.6839845642349475,[0.59 0.77],30.0
Timeliness and Relevance of References,0.633529967755608,[0.54 0.73],89.6969696969697
Avoidance of Plagiarism and Appropriate Citation,0.495316071221102,[0.39 0.61],29.411764705882355
Critical Analysis of Existing Research,0.7286925157475992,[0.63 0.81],91.02564102564102
Proposal of New Research Directions or Questions,0.7458793606530049,[0.67 0.82],88.125
Potential Contribution to the Field,0.7095071457166672,[0.61 0.8 ],86.66666666666667
Clarity of Research Method Description,0.6083441274286716,[0.49 0.72],82.85714285714286
Rationality of Method Selection,0.6086656842812783,[0.5  0.72],86.33540372670807
Rigor of Research Design,0.5571736289558764,[0.44 0.67],86.33540372670807
Inclusion of Latest Research Results,0.6518227279333579,[0.56 0.75],89.6969696969697
Reflection of Current Research Hotspots,0.6397336191117958,[0.54 0.74],86.66666666666667
Fluency of Language Expression,0.3785578010959026,[0.24 0.52],91.66666666666666
Appropriateness of Professional Terminology Use,0.39883651070675263,[0.25 0.55],87.85714285714286
Conciseness of Expression,0.40855639192218507,[0.29 0.54],92.72727272727272
Practical Application Potential of Research Results,0.6862538369752339,[0.58 0.78],94.30379746835443
Feasibility of Proposed Suggestions,0.5391925911702482,[0.44 0.65],91.02564102564102
Logic of Argumentation,0.6348414761031815,[0.51 0.75],95.75757575757575
Multi-angle Analysis of Problems,0.6608191834803816,[0.56 0.76],91.51515151515152
Identification and Discussion of Research Limitations,0.5393194389176894,[0.43 0.66],91.02564102564102
