Subcategory,ICC (Intraclass Correlation Coefficient),ICC 95% Confidence Interval,Transitivity Consistency Ratio (%)
Topic Relevance,0.24307368348657712,[0.16 0.35],74.44444444444444
Comprehensiveness of Information,0.6168884106637642,[0.52 0.72],80.60606060606061
Accuracy of Information,0.0422923345143693,[0.   0.11],50.0
Innovativeness of Viewpoints,0.6285631770574406,[0.53 0.73],81.81818181818183
Integration of Interdisciplinary Perspectives,0.5055702560005272,[0.4  0.62],78.18181818181819
Clarity of Logical Structure,0.2901696452331547,[0.2  0.41],74.17218543046357
Reasonableness of Chapter Arrangement,0.37018437162272194,[0.27 0.49],74.54545454545455
Quality of Introduction and Conclusion,0.34034142123832545,[0.25 0.46],76.15894039735099
Accuracy and Completeness of Citations,0.517233896871221,[0.42 0.63],70.27027027027027
Timeliness and Relevance of References,0.5739372859288688,[0.47 0.68],76.58227848101265
Avoidance of Plagiarism and Appropriate Citation,0.3937618357579843,[0.3  0.51],41.37931034482759
Critical Analysis of Existing Research,0.38203973773127653,[0.28 0.5 ],86.66666666666667
Proposal of New Research Directions or Questions,0.6236493090999308,[0.53 0.72],81.81818181818183
Potential Contribution to the Field,0.4486795698573769,[0.35 0.57],86.66666666666667
Clarity of Research Method Description,0.4393998655557064,[0.34 0.56],80.60606060606061
Rationality of Method Selection,0.4153123427794798,[0.32 0.53],81.52866242038218
Rigor of Research Design,0.44106038804924647,[0.34 0.56],80.60606060606061
Inclusion of Latest Research Results,0.5631739854595437,[0.46 0.67],76.58227848101265
Reflection of Current Research Hotspots,0.47314882381395146,[0.37 0.59],76.36363636363637
Fluency of Language Expression,0.3508470897220695,[0.26 0.47],77.35849056603774
Appropriateness of Professional Terminology Use,0.33287134754207603,[0.24 0.45],75.15923566878982
Conciseness of Expression,0.34001573555991077,[0.25 0.46],78.18181818181819
Practical Application Potential of Research Results,0.34388308470764084,[0.25 0.46],86.66666666666667
Feasibility of Proposed Suggestions,0.3845189647233894,[0.29 0.5 ],86.66666666666667
Logic of Argumentation,0.3076380093560168,[0.22 0.42],81.21212121212122
Multi-angle Analysis of Problems,0.48265173992995475,[0.38 0.6 ],75.0
Identification and Discussion of Research Limitations,0.3508873436268417,[0.26 0.47],80.60606060606061
