Subcategory,ICC (Intraclass Correlation Coefficient),ICC 95% Confidence Interval,Transitivity Consistency Ratio (%)
Topic Relevance,0.25247622956896104,[0.17 0.36],75.80645161290323
Comprehensiveness of Information,0.28020436369500745,[0.19 0.4 ],81.03448275862068
Accuracy of Information,0.19430873949962432,[0.12 0.3 ],58.139534883720934
Innovativeness of Viewpoints,0.29412711013051734,[0.21 0.41],76.38888888888889
Integration of Interdisciplinary Perspectives,0.2326266207668492,[0.15 0.34],75.72815533980582
Clarity of Logical Structure,0.08549257862127474,[0.04 0.16],96.42857142857143
Reasonableness of Chapter Arrangement,0.07975498040839203,[0.03 0.15],94.66666666666667
Quality of Introduction and Conclusion,0.14681924574503663,[0.08 0.24],89.04109589041096
Accuracy and Completeness of Citations,0.11832238839815877,[0.06 0.2 ],91.85185185185185
Timeliness and Relevance of References,0.2238233698478815,[0.14 0.33],89.70588235294117
Avoidance of Plagiarism and Appropriate Citation,0.1618677684814069,[0.09 0.26],85.27131782945736
Critical Analysis of Existing Research,0.3336410476985992,[0.24 0.45],87.41258741258741
Proposal of New Research Directions or Questions,0.26843795848279645,[0.18 0.38],91.8918918918919
Potential Contribution to the Field,0.3345102414300986,[0.24 0.45],88.57142857142857
Clarity of Research Method Description,0.07162930864929144,[0.03 0.14],88.63636363636364
Rationality of Method Selection,0.056749265936719626,[0.01 0.12],96.40287769784173
Rigor of Research Design,0.07773162923894279,[0.03 0.15],93.61702127659575
Inclusion of Latest Research Results,0.1904023224504544,[0.12 0.29],87.41721854304636
Reflection of Current Research Hotspots,0.2060127277240958,[0.13 0.31],85.43046357615894
Fluency of Language Expression,0.13196833664034516,[0.07 0.22],94.24460431654677
Appropriateness of Professional Terminology Use,0.15097223977942192,[0.09 0.25],95.07042253521126
Conciseness of Expression,0.1348749566490694,[0.07 0.23],94.36619718309859
Practical Application Potential of Research Results,0.22279614259336067,[0.14 0.33],89.62962962962962
Feasibility of Proposed Suggestions,0.2523370832295887,[0.17 0.36],89.1025641025641
Logic of Argumentation,0.20057052179503618,[0.13 0.3 ],90.54054054054053
Multi-angle Analysis of Problems,0.22860176735524096,[0.15 0.34],91.02564102564102
Identification and Discussion of Research Limitations,0.1622733208108428,[0.1  0.26],89.26174496644296
