Subcategory,ICC (Intraclass Correlation Coefficient),ICC 95% Confidence Interval,Transitivity Consistency Ratio (%)
Topic Relevance,0.056256989406763165,[0.01 0.13],63.49206349206349
Comprehensiveness of Information,0.035302219958336344,[-0.   0.1],60.56338028169014
Accuracy of Information,0.04478391836232869,[0.   0.11],50.0
Innovativeness of Viewpoints,0.0455007139903979,[0.   0.11],72.72727272727273
Integration of Interdisciplinary Perspectives,0.0457947082647186,[0.   0.11],65.15151515151516
Clarity of Logical Structure,0.029706831498795917,[-0.    0.08],86.71875
Reasonableness of Chapter Arrangement,0.04210402245567948,[0.  0.1],76.47058823529412
Quality of Introduction and Conclusion,0.001341515762505528,[-0.03  0.05],72.64957264957265
Accuracy and Completeness of Citations,0.017647987336484833,[-0.01  0.07],81.17647058823529
Timeliness and Relevance of References,0.032263080029347475,[-0.01  0.09],74.50980392156863
Avoidance of Plagiarism and Appropriate Citation,0.008480532581672374,[-0.02  0.06],72.22222222222221
Critical Analysis of Existing Research,0.075775886358994,[0.03 0.15],76.33587786259542
Proposal of New Research Directions or Questions,0.11264818513633088,[0.05 0.2 ],75.53956834532374
Potential Contribution to the Field,0.08579491539009214,[0.03 0.17],77.20588235294117
Clarity of Research Method Description,0.018201597188095983,[-0.02  0.07],74.78991596638656
Rationality of Method Selection,0.02124143229862944,[-0.01  0.08],74.4
Rigor of Research Design,0.015718248356769954,[-0.02  0.07],69.04761904761905
Inclusion of Latest Research Results,0.030737621546848948,[-0.01  0.09],74.33628318584071
Reflection of Current Research Hotspots,0.038014620622012954,[-0.   0.1],69.14893617021278
Fluency of Language Expression,-0.009622507417114448,[-0.04  0.04],74.21875
Appropriateness of Professional Terminology Use,-0.005064688816553698,[-0.03  0.04],74.07407407407408
Conciseness of Expression,-0.008036266785975034,[-0.04  0.04],77.19298245614034
Practical Application Potential of Research Results,0.017221782580977084,[-0.02  0.07],71.68141592920354
Feasibility of Proposed Suggestions,0.025182883059225104,[-0.01  0.09],73.01587301587301
Logic of Argumentation,0.024325210480980342,[-0.01  0.08],71.900826446281
Multi-angle Analysis of Problems,0.041607880385033325,[0.   0.11],69.91150442477876
Identification and Discussion of Research Limitations,0.020929853175855124,[-0.01  0.08],70.0
