Subcategory,ICC (Intraclass Correlation Coefficient),ICC 95% Confidence Interval,Transitivity Consistency Ratio (%)
Topic Relevance,0.10160804797876953,[0.05 0.19],44.11764705882353
Comprehensiveness of Information,0.13017324554578152,[0.07 0.22],50.877192982456144
Accuracy of Information,0.04580095370915429,[0.   0.11],41.935483870967744
Innovativeness of Viewpoints,0.17561980975996588,[0.1  0.28],56.09756097560976
Integration of Interdisciplinary Perspectives,0.116885680688714,[0.06 0.21],65.65656565656566
Clarity of Logical Structure,0.05180766176336776,[0.01 0.11],88.54961832061069
Reasonableness of Chapter Arrangement,0.06428528932306844,[0.02 0.13],84.02777777777779
Quality of Introduction and Conclusion,0.06250811140324632,[0.02 0.14],76.03305785123968
Accuracy and Completeness of Citations,0.03192749304975505,[-0.01  0.09],82.10526315789474
Timeliness and Relevance of References,0.11584560249127529,[0.06 0.2 ],72.04301075268818
Avoidance of Plagiarism and Appropriate Citation,0.072034253046775,[0.02 0.15],69.38775510204081
Critical Analysis of Existing Research,0.1797423456515762,[0.11 0.28],67.9245283018868
Proposal of New Research Directions or Questions,0.16250794057707438,[0.09 0.26],62.857142857142854
Potential Contribution to the Field,0.15832025198624658,[0.09 0.26],66.41221374045801
Clarity of Research Method Description,0.055991317645898105,[0.01 0.13],76.14678899082568
Rationality of Method Selection,0.06701050178515407,[0.02 0.14],76.0
Rigor of Research Design,0.07615375297002398,[0.03 0.15],73.45132743362832
Inclusion of Latest Research Results,0.10270520211041968,[0.05 0.19],82.05128205128204
Reflection of Current Research Hotspots,0.1172131620637462,[0.06 0.21],70.0
Fluency of Language Expression,0.044670901389711505,[0.   0.11],76.8
Appropriateness of Professional Terminology Use,0.04048333260987271,[-0.    0.11],76.99115044247787
Conciseness of Expression,0.0479562706676541,[0.   0.12],76.66666666666667
Practical Application Potential of Research Results,0.09395124887150161,[0.04 0.18],71.66666666666667
Feasibility of Proposed Suggestions,0.1014345900548717,[0.05 0.19],65.71428571428571
Logic of Argumentation,0.11979337452580498,[0.06 0.21],71.29629629629629
Multi-angle Analysis of Problems,0.12018375563375583,[0.06 0.21],68.26923076923077
Identification and Discussion of Research Limitations,0.08964450279149216,[0.04 0.17],73.63636363636363
