Subcategory,ICC (Intraclass Correlation Coefficient),ICC 95% Confidence Interval,Transitivity Consistency Ratio (%)
Topic Relevance,0.1583949157552469,[0.09 0.26],60.22727272727273
Comprehensiveness of Information,0.20682884233668053,[0.13 0.31],62.13592233009708
Accuracy of Information,0.0566463574106183,[0.01 0.13],33.33333333333333
Innovativeness of Viewpoints,0.22751118823066788,[0.15 0.34],71.83098591549296
Integration of Interdisciplinary Perspectives,0.19474839622411397,[0.12 0.3 ],65.34653465346535
Clarity of Logical Structure,0.10793357603892066,[0.05 0.19],82.3943661971831
Reasonableness of Chapter Arrangement,0.0999049495086957,[0.05 0.18],79.41176470588235
Quality of Introduction and Conclusion,0.10535637138381464,[0.05 0.19],79.33884297520662
Accuracy and Completeness of Citations,0.1001856579104512,[0.05 0.18],71.23287671232876
Timeliness and Relevance of References,0.1772542836899488,[0.11 0.28],68.93939393939394
Avoidance of Plagiarism and Appropriate Citation,0.12573741476860584,[0.06 0.22],70.37037037037037
Critical Analysis of Existing Research,0.23652928937733894,[0.15 0.35],70.49180327868852
Proposal of New Research Directions or Questions,0.19380773490340036,[0.12 0.3 ],78.66666666666666
Potential Contribution to the Field,0.21831950157181326,[0.14 0.33],71.9298245614035
Clarity of Research Method Description,0.14942500048096444,[0.08 0.25],72.18045112781954
Rationality of Method Selection,0.1488482560073099,[0.08 0.25],70.63492063492063
Rigor of Research Design,0.14079898447427597,[0.08 0.24],70.83333333333334
Inclusion of Latest Research Results,0.19129646658004174,[0.12 0.3 ],70.58823529411765
Reflection of Current Research Hotspots,0.1733052247152388,[0.1  0.28],69.16666666666667
Fluency of Language Expression,0.12788764047287682,[0.07 0.22],71.63120567375887
Appropriateness of Professional Terminology Use,0.12911039030863544,[0.07 0.22],72.26890756302521
Conciseness of Expression,0.14455703384952448,[0.08 0.24],75.3731343283582
Practical Application Potential of Research Results,0.1622162205109681,[0.09 0.26],75.75757575757575
Feasibility of Proposed Suggestions,0.15715632408884375,[0.09 0.26],80.46875
Logic of Argumentation,0.18150165376199903,[0.11 0.29],69.84126984126983
Multi-angle Analysis of Problems,0.18716479571222547,[0.11 0.29],74.14965986394559
Identification and Discussion of Research Limitations,0.16482817197500677,[0.09 0.27],71.32867132867133
