Subcategory,ICC (Intraclass Correlation Coefficient),ICC 95% Confidence Interval,Transitivity Consistency Ratio (%)
Topic Relevance,0.11187037608113608,[0.05 0.2 ],72.56637168141593
Comprehensiveness of Information,0.1472781006441976,[0.08 0.24],75.42372881355932
Accuracy of Information,0.12035352046586609,[0.06 0.21],70.6896551724138
Innovativeness of Viewpoints,0.1638555750616937,[0.1  0.26],77.60000000000001
Integration of Interdisciplinary Perspectives,0.14105525072076486,[0.08 0.23],77.39130434782608
Clarity of Logical Structure,0.05485677636189221,[0.01 0.12],80.0
Reasonableness of Chapter Arrangement,0.08462387497644584,[0.03 0.16],76.87074829931973
Quality of Introduction and Conclusion,0.13475694733300594,[0.07 0.23],72.3404255319149
Accuracy and Completeness of Citations,0.09092884417157114,[0.04 0.17],69.23076923076923
Timeliness and Relevance of References,0.18061714757015787,[0.11 0.28],76.92307692307693
Avoidance of Plagiarism and Appropriate Citation,0.12455590714372744,[0.06 0.21],77.22772277227723
Critical Analysis of Existing Research,0.17124537267491896,[0.1  0.27],71.875
Proposal of New Research Directions or Questions,0.16557481651152506,[0.1  0.27],71.73913043478261
Potential Contribution to the Field,0.1765103504977195,[0.1  0.28],67.85714285714286
Clarity of Research Method Description,0.0648199269452507,[0.02 0.14],78.76106194690266
Rationality of Method Selection,0.09125566456993635,[0.04 0.17],78.0701754385965
Rigor of Research Design,0.09001115447502885,[0.04 0.17],78.15126050420169
Inclusion of Latest Research Results,0.15866165059681245,[0.09 0.26],73.38129496402878
Reflection of Current Research Hotspots,0.16694289466969472,[0.1  0.27],73.50993377483444
Fluency of Language Expression,0.09984387902213904,[0.04 0.19],77.34375
Appropriateness of Professional Terminology Use,0.09654815243013566,[0.04 0.18],73.72881355932203
Conciseness of Expression,0.07982629678676227,[0.03 0.16],73.77049180327869
Practical Application Potential of Research Results,0.12550181436251384,[0.06 0.22],71.42857142857143
Feasibility of Proposed Suggestions,0.1237263274945702,[0.06 0.22],72.54901960784314
Logic of Argumentation,0.12256458786604983,[0.06 0.21],77.14285714285715
Multi-angle Analysis of Problems,0.12550788489823067,[0.06 0.22],72.22222222222221
Identification and Discussion of Research Limitations,0.11005599135237652,[0.05 0.2 ],73.91304347826086
