Subcategory,ICC (Intraclass Correlation Coefficient),ICC 95% Confidence Interval,Transitivity Consistency Ratio (%)
Topic Relevance,0.1933729043230363,[0.12 0.3 ],47.5
Comprehensiveness of Information,0.21400925870849363,[0.14 0.32],55.55555555555556
Accuracy of Information,0.17038055135817506,[0.1  0.27],39.62264150943396
Innovativeness of Viewpoints,0.1773197364590473,[0.11 0.28],62.7906976744186
Integration of Interdisciplinary Perspectives,0.16503812045987082,[0.1  0.26],53.0
Clarity of Logical Structure,0.112593762220725,[0.06 0.19],88.88888888888889
Reasonableness of Chapter Arrangement,0.12850677830056897,[0.07 0.22],81.74603174603175
Quality of Introduction and Conclusion,0.1379317839992598,[0.08 0.23],69.35483870967742
Accuracy and Completeness of Citations,0.12842415560728276,[0.07 0.22],78.08219178082192
Timeliness and Relevance of References,0.1493363310611481,[0.08 0.24],68.18181818181817
Avoidance of Plagiarism and Appropriate Citation,0.09377320319044444,[0.04 0.17],68.08510638297872
Critical Analysis of Existing Research,0.14872019008362244,[0.08 0.24],62.5
Proposal of New Research Directions or Questions,0.1503158339380189,[0.08 0.25],66.38655462184873
Potential Contribution to the Field,0.138323892321937,[0.08 0.23],64.95726495726495
Clarity of Research Method Description,0.14262932041776982,[0.08 0.23],75.0
Rationality of Method Selection,0.13722026572865506,[0.08 0.23],78.70370370370371
Rigor of Research Design,0.1198078054690956,[0.06 0.21],79.67479674796748
Inclusion of Latest Research Results,0.14102941591046478,[0.08 0.23],77.0
Reflection of Current Research Hotspots,0.15449239782041085,[0.09 0.25],74.59016393442623
Fluency of Language Expression,0.08288708480884761,[0.03 0.16],68.14814814814815
Appropriateness of Professional Terminology Use,0.09132865909022482,[0.04 0.17],77.41935483870968
Conciseness of Expression,0.0866694468293879,[0.04 0.16],74.80314960629921
Practical Application Potential of Research Results,0.12740022371969953,[0.07 0.22],75.97402597402598
Feasibility of Proposed Suggestions,0.1287319358719555,[0.07 0.22],73.91304347826086
Logic of Argumentation,0.11531846248020437,[0.06 0.2 ],72.65625
Multi-angle Analysis of Problems,0.12088471993272572,[0.06 0.21],72.51908396946564
Identification and Discussion of Research Limitations,0.09667295999925903,[0.04 0.18],70.3125
