Subcategory,ICC (Intraclass Correlation Coefficient),ICC 95% Confidence Interval,Transitivity Consistency Ratio (%)
Topic Relevance,0.18997087622997,[0.12 0.29],71.01449275362319
Comprehensiveness of Information,0.20605807615149238,[0.13 0.31],79.06976744186046
Accuracy of Information,0.10275770983292609,[0.05 0.19],51.162790697674424
Innovativeness of Viewpoints,0.13518321409899867,[0.07 0.23],81.19658119658119
Integration of Interdisciplinary Perspectives,0.14039897991408332,[0.08 0.23],71.96261682242991
Clarity of Logical Structure,0.0849773613836304,[0.04 0.16],79.6875
Reasonableness of Chapter Arrangement,0.10343269381885281,[0.05 0.19],76.66666666666667
Quality of Introduction and Conclusion,0.10719046258743258,[0.05 0.19],81.42857142857143
Accuracy and Completeness of Citations,0.06985317675132845,[0.02 0.14],66.17647058823529
Timeliness and Relevance of References,0.12158621959753031,[0.06 0.21],75.72815533980582
Avoidance of Plagiarism and Appropriate Citation,0.06884900710997988,[0.02 0.14],75.24752475247524
Critical Analysis of Existing Research,0.1332541938665297,[0.07 0.23],79.60526315789474
Proposal of New Research Directions or Questions,0.1173521391449233,[0.06 0.21],75.17241379310344
Potential Contribution to the Field,0.11400944419839167,[0.05 0.2 ],74.13793103448276
Clarity of Research Method Description,0.07832376141001399,[0.03 0.15],72.97297297297297
Rationality of Method Selection,0.1185196307360944,[0.06 0.2 ],76.37795275590551
Rigor of Research Design,0.09504063519206839,[0.04 0.18],72.8
Inclusion of Latest Research Results,0.12189951295757587,[0.06 0.21],69.49152542372882
Reflection of Current Research Hotspots,0.12119049643018581,[0.06 0.21],73.72262773722628
Fluency of Language Expression,0.10741661227830517,[0.05 0.19],72.66187050359713
Appropriateness of Professional Terminology Use,0.10366531109730803,[0.05 0.19],76.66666666666667
Conciseness of Expression,0.10523602201162906,[0.05 0.19],76.05633802816901
Practical Application Potential of Research Results,0.11967235847043418,[0.06 0.21],75.18248175182481
Feasibility of Proposed Suggestions,0.10865947976696687,[0.05 0.19],74.80916030534351
Logic of Argumentation,0.10316356972871057,[0.05 0.19],79.11392405063292
Multi-angle Analysis of Problems,0.12542127927325641,[0.06 0.22],77.9874213836478
Identification and Discussion of Research Limitations,0.09780124928180255,[0.04 0.18],75.81699346405229
