Subcategory,ICC (Intraclass Correlation Coefficient),ICC 95% Confidence Interval,Transitivity Consistency Ratio (%)
Topic Relevance,0.2575733790423174,[0.17 0.37],68.91891891891892
Comprehensiveness of Information,0.3423472617853399,[0.25 0.46],61.702127659574465
Accuracy of Information,0.20975541709290424,[0.13 0.32],48.78048780487805
Innovativeness of Viewpoints,0.329747625831573,[0.24 0.45],62.38532110091744
Integration of Interdisciplinary Perspectives,0.2531534027513512,[0.17 0.37],67.81609195402298
Clarity of Logical Structure,0.12800536270265717,[0.07 0.22],77.34375
Reasonableness of Chapter Arrangement,0.1790572658954805,[0.11 0.28],76.85950413223141
Quality of Introduction and Conclusion,0.17250184704583357,[0.1  0.27],67.79661016949152
Accuracy and Completeness of Citations,0.18574717598412294,[0.11 0.29],67.96116504854369
Timeliness and Relevance of References,0.2959146879293479,[0.21 0.41],70.83333333333334
Avoidance of Plagiarism and Appropriate Citation,0.16563686842041772,[0.1  0.26],67.70833333333334
Critical Analysis of Existing Research,0.31425573107589144,[0.22 0.43],64.84375
Proposal of New Research Directions or Questions,0.29968837848933033,[0.21 0.42],62.7906976744186
Potential Contribution to the Field,0.2671917967238835,[0.18 0.38],63.39285714285714
Clarity of Research Method Description,0.17271690761070435,[0.1  0.27],71.53846153846153
Rationality of Method Selection,0.1855055916431091,[0.11 0.29],70.50359712230215
Rigor of Research Design,0.180324708668053,[0.11 0.28],72.72727272727273
Inclusion of Latest Research Results,0.2669173455065943,[0.18 0.38],70.54263565891473
Reflection of Current Research Hotspots,0.28889963143290404,[0.2 0.4],71.2
Fluency of Language Expression,0.17024685731148168,[0.1  0.27],67.3076923076923
Appropriateness of Professional Terminology Use,0.20741738719681252,[0.13 0.31],73.01587301587301
Conciseness of Expression,0.17788458231723395,[0.11 0.28],71.1864406779661
Practical Application Potential of Research Results,0.2190839904961154,[0.14 0.33],67.17557251908397
Feasibility of Proposed Suggestions,0.22183380548653375,[0.14 0.33],67.91044776119402
Logic of Argumentation,0.1946575084185307,[0.12 0.3 ],70.3125
Multi-angle Analysis of Problems,0.24822279372334546,[0.17 0.36],68.75
Identification and Discussion of Research Limitations,0.2156751558691698,[0.14 0.32],72.53521126760563
