Subcategory,ICC (Intraclass Correlation Coefficient),ICC 95% Confidence Interval,Transitivity Consistency Ratio (%)
Topic Relevance,0.11974736779228683,[0.06 0.21],42.5
Comprehensiveness of Information,0.14799996118627667,[0.08 0.24],43.90243902439025
Accuracy of Information,0.042266386240852605,[-0.    0.11],20.0
Innovativeness of Viewpoints,0.22592737552048847,[0.15 0.33],49.333333333333336
Integration of Interdisciplinary Perspectives,0.13890437177189255,[0.07 0.23],37.5
Clarity of Logical Structure,0.034347113924872795,[0.   0.09],87.27272727272727
Reasonableness of Chapter Arrangement,0.05138974352298673,[0.01 0.11],85.43046357615894
Quality of Introduction and Conclusion,0.06329061406132971,[0.02 0.13],76.51006711409396
Accuracy and Completeness of Citations,0.023912291126594064,[-0.01  0.08],87.62886597938144
Timeliness and Relevance of References,0.10897562489420531,[0.05 0.19],75.86206896551724
Avoidance of Plagiarism and Appropriate Citation,0.09815890753425033,[0.04 0.18],76.37795275590551
Critical Analysis of Existing Research,0.2174219926665567,[0.14 0.33],70.96774193548387
Proposal of New Research Directions or Questions,0.24651260764962551,[0.16 0.36],72.61146496815286
Potential Contribution to the Field,0.20490320032498227,[0.13 0.31],72.36842105263158
Clarity of Research Method Description,0.09186562172065416,[0.04 0.17],78.66666666666666
Rationality of Method Selection,0.06652784343346059,[0.02 0.14],80.0
Rigor of Research Design,0.1136856967657528,[0.06 0.2 ],84.07643312101911
Inclusion of Latest Research Results,0.09299437888117927,[0.04 0.17],85.8974358974359
Reflection of Current Research Hotspots,0.1273064376390167,[0.07 0.22],77.48344370860927
Fluency of Language Expression,0.12078535709261584,[0.06 0.21],79.5031055900621
Appropriateness of Professional Terminology Use,0.0954886085361105,[0.04 0.18],81.76100628930818
Conciseness of Expression,0.08701855628168778,[0.04 0.16],81.64556962025317
Practical Application Potential of Research Results,0.11490917772356458,[0.06 0.2 ],82.06896551724138
Feasibility of Proposed Suggestions,0.14659994886413258,[0.08 0.24],75.625
Logic of Argumentation,0.10305775826198968,[0.05 0.19],82.42424242424242
Multi-angle Analysis of Problems,0.10648759628544567,[0.05 0.19],79.33333333333333
Identification and Discussion of Research Limitations,0.10777626698463741,[0.05 0.19],80.13245033112582
