Subcategory,ICC (Intraclass Correlation Coefficient),ICC 95% Confidence Interval,Transitivity Consistency Ratio (%)
Topic Relevance,0.2339867758002971,[0.15 0.34],62.0
Comprehensiveness of Information,0.26805302985422713,[0.18 0.38],63.888888888888886
Accuracy of Information,0.17293589273976676,[0.1  0.27],56.25
Innovativeness of Viewpoints,0.2514195482500735,[0.17 0.36],77.96610169491525
Integration of Interdisciplinary Perspectives,0.2561999696777662,[0.17 0.37],68.22429906542055
Clarity of Logical Structure,0.15994206608048053,[0.09 0.26],81.56028368794325
Reasonableness of Chapter Arrangement,0.1862731179977373,[0.11 0.29],77.14285714285715
Quality of Introduction and Conclusion,0.18277222876033938,[0.11 0.29],75.6578947368421
Accuracy and Completeness of Citations,0.16607063754563214,[0.1  0.26],75.78947368421053
Timeliness and Relevance of References,0.2675808760297223,[0.18 0.38],72.18045112781954
Avoidance of Plagiarism and Appropriate Citation,0.12682433320299416,[0.07 0.22],71.65354330708661
Critical Analysis of Existing Research,0.24668543118050876,[0.16 0.36],73.07692307692307
Proposal of New Research Directions or Questions,0.2671524190609114,[0.18 0.38],70.5521472392638
Potential Contribution to the Field,0.26594553852817454,[0.18 0.38],71.81208053691275
Clarity of Research Method Description,0.18184278906011067,[0.11 0.28],76.11940298507463
Rationality of Method Selection,0.20270318263729795,[0.13 0.31],76.86567164179104
Rigor of Research Design,0.18351362327623147,[0.11 0.29],79.52755905511812
Inclusion of Latest Research Results,0.23397527867296222,[0.15 0.35],73.94957983193278
Reflection of Current Research Hotspots,0.2643381328995926,[0.18 0.38],74.24242424242425
Fluency of Language Expression,0.1789606679543478,[0.11 0.28],70.99236641221374
Appropriateness of Professional Terminology Use,0.17369461581803045,[0.1  0.28],69.23076923076923
Conciseness of Expression,0.1927428870589869,[0.12 0.3 ],75.39682539682539
Practical Application Potential of Research Results,0.24574754450348715,[0.16 0.36],78.125
Feasibility of Proposed Suggestions,0.24396488386609044,[0.16 0.36],75.55555555555556
Logic of Argumentation,0.2249877478109155,[0.14 0.34],72.44094488188976
Multi-angle Analysis of Problems,0.21551446231417637,[0.14 0.32],73.22834645669292
Identification and Discussion of Research Limitations,0.19155772121696488,[0.12 0.3 ],74.21875
