Subcategory,ICC (Intraclass Correlation Coefficient),ICC 95% Confidence Interval,Transitivity Consistency Ratio (%)
Topic Relevance,0.13558761155154508,[0.07 0.23],73.13432835820896
Comprehensiveness of Information,0.14725736196415268,[0.08 0.24],72.72727272727273
Accuracy of Information,0.11207268317515497,[0.05 0.2 ],47.368421052631575
Innovativeness of Viewpoints,0.2430501404250861,[0.16 0.35],77.34375
Integration of Interdisciplinary Perspectives,0.1592853597708116,[0.09 0.26],69.66292134831461
Clarity of Logical Structure,0.06704791709538994,[0.02 0.14],78.94736842105263
Reasonableness of Chapter Arrangement,0.06719164300909845,[0.02 0.14],72.0
Quality of Introduction and Conclusion,0.07102139931188042,[0.02 0.15],69.01408450704226
Accuracy and Completeness of Citations,0.06826100280521438,[0.02 0.14],76.11940298507463
Timeliness and Relevance of References,0.12357146184838881,[0.06 0.21],69.04761904761905
Avoidance of Plagiarism and Appropriate Citation,0.07679466827135521,[0.03 0.15],73.80952380952381
Critical Analysis of Existing Research,0.27582910768935986,[0.19 0.39],76.97841726618705
Proposal of New Research Directions or Questions,0.278546210273643,[0.19 0.39],76.33587786259542
Potential Contribution to the Field,0.2621731533495794,[0.18 0.38],70.54263565891473
Clarity of Research Method Description,0.10649590434848102,[0.05 0.19],70.39999999999999
Rationality of Method Selection,0.12773215357890405,[0.07 0.22],68.88888888888889
Rigor of Research Design,0.07977489579873055,[0.03 0.16],73.8255033557047
Inclusion of Latest Research Results,0.1148633612917738,[0.06 0.2 ],70.1492537313433
Reflection of Current Research Hotspots,0.13361846957322104,[0.07 0.23],71.94244604316546
Fluency of Language Expression,0.07418825545744533,[0.02 0.15],63.77952755905512
Appropriateness of Professional Terminology Use,0.07638788769614473,[0.03 0.15],68.29268292682927
Conciseness of Expression,0.06578635135203652,[0.02 0.14],70.45454545454545
Practical Application Potential of Research Results,0.1334326156886278,[0.07 0.23],75.0
Feasibility of Proposed Suggestions,0.15554873807836014,[0.09 0.25],72.84768211920529
Logic of Argumentation,0.1015671393117717,[0.04 0.19],73.50993377483444
Multi-angle Analysis of Problems,0.1408823031296786,[0.08 0.24],76.15894039735099
Identification and Discussion of Research Limitations,0.11824505275118896,[0.06 0.21],70.19867549668875
