Subcategory,ICC (Intraclass Correlation Coefficient),ICC 95% Confidence Interval,Transitivity Consistency Ratio (%)
Topic Relevance,0.6494295589336226,[0.55 0.75],75.60975609756098
Comprehensiveness of Information,0.8362773940476238,[0.73 0.9 ],78.78787878787878
Accuracy of Information,0.7398380758569875,[0.66 0.82],53.333333333333336
Innovativeness of Viewpoints,0.7857069757087245,[0.71 0.85],86.66666666666667
Integration of Interdisciplinary Perspectives,0.834922319816342,[0.77 0.89],72.80701754385966
Clarity of Logical Structure,0.6787829030785617,[0.57 0.78],86.06060606060606
Reasonableness of Chapter Arrangement,0.7243471081548155,[0.64 0.81],87.87878787878788
Quality of Introduction and Conclusion,0.8005626062852271,[0.73 0.86],87.87878787878788
Accuracy and Completeness of Citations,0.9613575386825851,[0.94 0.97],80.14705882352942
Timeliness and Relevance of References,0.918521091784501,[0.89 0.95],55.223880597014926
Avoidance of Plagiarism and Appropriate Citation,0.9083155642443755,[0.87 0.94],25.0
Critical Analysis of Existing Research,0.8432031333913379,[0.79 0.89],81.81818181818183
Proposal of New Research Directions or Questions,0.91396587709632,[0.88 0.94],90.30303030303031
Potential Contribution to the Field,0.8768388959110994,[0.83 0.92],81.21212121212122
Clarity of Research Method Description,0.8397584041678141,[0.77 0.89],72.32142857142857
Rationality of Method Selection,0.7007594312640439,[0.61 0.79],63.888888888888886
Rigor of Research Design,0.7241258920176284,[0.64 0.8 ],46.93877551020408
Inclusion of Latest Research Results,0.9057881428004034,[0.87 0.94],80.92105263157895
Reflection of Current Research Hotspots,0.7230116839708424,[0.64 0.8 ],85.98726114649682
Fluency of Language Expression,0.4422569196388431,[0.33 0.57],85.40145985401459
Appropriateness of Professional Terminology Use,0.731269024587738,[0.64 0.81],61.111111111111114
Conciseness of Expression,0.6478885133722746,[0.5  0.77],90.38461538461539
Practical Application Potential of Research Results,0.8088015614569221,[0.74 0.87],87.87878787878788
Feasibility of Proposed Suggestions,0.8555163914761141,[0.8 0.9],79.01234567901234
Logic of Argumentation,0.7357203575663398,[0.64 0.82],78.1456953642384
Multi-angle Analysis of Problems,0.8466324920135667,[0.79 0.9 ],81.81818181818183
Identification and Discussion of Research Limitations,0.5002349462846257,[0.4  0.62],52.63157894736842
