Subcategory,ICC (Intraclass Correlation Coefficient),ICC 95% Confidence Interval,Transitivity Consistency Ratio (%)
Topic Relevance,0.37489512861248453,[0.28 0.49],56.25
Comprehensiveness of Information,0.7362331363570958,[0.66 0.81],74.54545454545455
Accuracy of Information,0.12861019577437505,[0.07 0.22],28.57142857142857
Innovativeness of Viewpoints,0.6928150848668349,[0.6  0.78],73.24840764331209
Integration of Interdisciplinary Perspectives,0.6133737687661344,[0.52 0.71],75.75757575757575
Clarity of Logical Structure,0.6800017245988151,[0.59 0.77],72.12121212121212
Reasonableness of Chapter Arrangement,0.6283165455014866,[0.53 0.73],74.54545454545455
Quality of Introduction and Conclusion,0.6332796005046273,[0.54 0.73],71.69811320754717
Accuracy and Completeness of Citations,0.5393697573931235,[0.44 0.65],37.83783783783784
Timeliness and Relevance of References,0.5991448945207599,[0.5 0.7],74.54545454545455
Avoidance of Plagiarism and Appropriate Citation,0.11269556039353322,[0.05 0.2 ],30.0
Critical Analysis of Existing Research,0.6790742789529612,[0.59 0.77],73.24840764331209
Proposal of New Research Directions or Questions,0.7046238196360771,[0.62 0.79],73.93939393939394
Potential Contribution to the Field,0.6823881660119219,[0.59 0.77],73.24840764331209
Clarity of Research Method Description,0.580905412256348,[0.48 0.69],74.54545454545455
Rationality of Method Selection,0.6092689653577406,[0.51 0.71],74.54545454545455
Rigor of Research Design,0.5987790016722822,[0.5 0.7],74.54545454545455
Inclusion of Latest Research Results,0.6100631338024325,[0.51 0.71],74.54545454545455
Reflection of Current Research Hotspots,0.6545273270881254,[0.56 0.75],74.54545454545455
Fluency of Language Expression,0.5782712919500992,[0.48 0.68],70.625
Appropriateness of Professional Terminology Use,0.5508473117130054,[0.45 0.66],75.79617834394905
Conciseness of Expression,0.6023837910079475,[0.5  0.71],70.625
Practical Application Potential of Research Results,0.6686810719917456,[0.58 0.76],73.24840764331209
Feasibility of Proposed Suggestions,0.6736097752160555,[0.58 0.76],73.24840764331209
Logic of Argumentation,0.6538025123985365,[0.56 0.75],70.625
Multi-angle Analysis of Problems,0.6651917546903421,[0.57 0.76],70.625
Identification and Discussion of Research Limitations,0.667652468378216,[0.58 0.76],72.12121212121212
