Subcategory,ICC (Intraclass Correlation Coefficient),ICC 95% Confidence Interval,Transitivity Consistency Ratio (%)
Topic Relevance,0.6959360463027322,[0.6  0.78],54.347826086956516
Comprehensiveness of Information,0.8865056460546051,[0.84 0.92],81.21212121212122
Accuracy of Information,0.5780756074938677,[0.48 0.68],32.35294117647059
Innovativeness of Viewpoints,0.8247895742706364,[0.76 0.88],78.78787878787878
Integration of Interdisciplinary Perspectives,0.8734799872429078,[0.83 0.91],78.66666666666666
Clarity of Logical Structure,0.8536960850579931,[0.8 0.9],71.31147540983606
Reasonableness of Chapter Arrangement,0.8472458372620306,[0.79 0.9 ],78.78787878787878
Quality of Introduction and Conclusion,0.8194608345933228,[0.76 0.88],78.78787878787878
Accuracy and Completeness of Citations,0.6114796630632381,[0.51 0.71],29.03225806451613
Timeliness and Relevance of References,0.6868847852855516,[0.6  0.77],78.2051282051282
Avoidance of Plagiarism and Appropriate Citation,0.4048054589535789,[0.31 0.52],32.35294117647059
Critical Analysis of Existing Research,0.8125900101172048,[0.75 0.87],78.78787878787878
Proposal of New Research Directions or Questions,0.7212404149057915,[0.64 0.8 ],80.60606060606061
Potential Contribution to the Field,0.7977023840531439,[0.73 0.86],78.78787878787878
Clarity of Research Method Description,0.7557532149065751,[0.68 0.83],73.72881355932203
Rationality of Method Selection,0.7588299302532712,[0.68 0.83],78.37837837837837
Rigor of Research Design,0.7507044005187667,[0.67 0.82],77.33333333333333
Inclusion of Latest Research Results,0.7064038150905233,[0.62 0.79],78.2051282051282
Reflection of Current Research Hotspots,0.7600030074612039,[0.68 0.83],79.39393939393939
Fluency of Language Expression,0.7458149633705704,[0.67 0.82],70.86614173228347
Appropriateness of Professional Terminology Use,0.6975377027719867,[0.61 0.78],76.11940298507463
Conciseness of Expression,0.7148511357596563,[0.63 0.8 ],79.39393939393939
Practical Application Potential of Research Results,0.7759773257851068,[0.7  0.84],78.78787878787878
Feasibility of Proposed Suggestions,0.6951174768110898,[0.61 0.78],78.78787878787878
Logic of Argumentation,0.7855041745961718,[0.71 0.85],78.78787878787878
Multi-angle Analysis of Problems,0.8019033877944182,[0.73 0.86],78.78787878787878
Identification and Discussion of Research Limitations,0.7469073649259003,[0.67 0.82],78.78787878787878
