Subcategory,ICC (Intraclass Correlation Coefficient),ICC 95% Confidence Interval,Transitivity Consistency Ratio (%)
Topic Relevance,0.6600570688789664,[0.55 0.76],36.666666666666664
Comprehensiveness of Information,0.9076877170892551,[0.87 0.94],73.93939393939394
Accuracy of Information,0.47643229152320526,[0.37 0.59],26.666666666666668
Innovativeness of Viewpoints,0.8708884376617628,[0.82 0.91],74.54545454545455
Integration of Interdisciplinary Perspectives,0.8867508314068864,[0.84 0.92],74.54545454545455
Clarity of Logical Structure,0.8766979313946105,[0.83 0.92],74.54545454545455
Reasonableness of Chapter Arrangement,0.8610482627677021,[0.81 0.91],74.54545454545455
Quality of Introduction and Conclusion,0.8842564699076075,[0.84 0.92],74.54545454545455
Accuracy and Completeness of Citations,0.5744088557587668,[0.47 0.68],35.8974358974359
Timeliness and Relevance of References,0.7929009532261596,[0.72 0.86],74.54545454545455
Avoidance of Plagiarism and Appropriate Citation,0.4108701474972959,[0.31 0.53],20.833333333333336
Critical Analysis of Existing Research,0.8741537998564136,[0.83 0.92],74.54545454545455
Proposal of New Research Directions or Questions,0.8162796287562415,[0.75 0.87],74.54545454545455
Potential Contribution to the Field,0.8761013553059838,[0.83 0.92],74.54545454545455
Clarity of Research Method Description,0.8230356597704055,[0.76 0.88],73.07692307692307
Rationality of Method Selection,0.8360624332327772,[0.78 0.89],74.54545454545455
Rigor of Research Design,0.8462526570407666,[0.79 0.9 ],74.54545454545455
Inclusion of Latest Research Results,0.8025096131020204,[0.74 0.86],74.54545454545455
Reflection of Current Research Hotspots,0.8768568155989256,[0.83 0.92],74.54545454545455
Fluency of Language Expression,0.8116347229329096,[0.75 0.87],74.54545454545455
Appropriateness of Professional Terminology Use,0.7891854254374099,[0.72 0.85],74.54545454545455
Conciseness of Expression,0.7414023306763473,[0.66 0.82],74.54545454545455
Practical Application Potential of Research Results,0.8616895798466587,[0.81 0.91],74.54545454545455
Feasibility of Proposed Suggestions,0.7477183743004115,[0.67 0.82],74.54545454545455
Logic of Argumentation,0.8666127495190448,[0.82 0.91],74.54545454545455
Multi-angle Analysis of Problems,0.8741246467200665,[0.83 0.92],74.54545454545455
Identification and Discussion of Research Limitations,0.8089775385999528,[0.74 0.87],74.54545454545455
