Subcategory,ICC (Intraclass Correlation Coefficient),ICC 95% Confidence Interval,Transitivity Consistency Ratio (%)
Topic Relevance,0.6182487237578606,[0.51 0.73],81.21212121212122
Comprehensiveness of Information,0.8805975134853226,[0.81 0.93],75.15527950310559
Accuracy of Information,0.8268154555069329,[0.77 0.88],69.3069306930693
Innovativeness of Viewpoints,0.8169186582368678,[0.75 0.87],78.78787878787878
Integration of Interdisciplinary Perspectives,0.5083559251066854,[0.4  0.63],84.17721518987342
Clarity of Logical Structure,0.6528989793546873,[0.45 0.79],85.35031847133759
Reasonableness of Chapter Arrangement,0.6924975894966493,[0.53 0.81],82.42424242424242
Quality of Introduction and Conclusion,0.7288188119374193,[0.63 0.81],68.27586206896552
Accuracy and Completeness of Citations,0.9051639245298058,[0.86 0.94],73.4375
Timeliness and Relevance of References,0.7884423184318475,[0.71 0.86],70.93023255813954
Avoidance of Plagiarism and Appropriate Citation,0.8416120066967986,[0.78 0.89],37.5
Critical Analysis of Existing Research,0.8031385361935707,[0.73 0.87],78.75
Proposal of New Research Directions or Questions,0.8856950705188961,[0.84 0.92],76.36363636363637
Potential Contribution to the Field,0.7068803790584909,[0.62 0.79],79.39393939393939
Clarity of Research Method Description,0.7097950444137177,[0.62 0.79],71.66666666666667
Rationality of Method Selection,0.5453642340165291,[0.44 0.66],37.5
Rigor of Research Design,0.6552564709126173,[0.56 0.75],48.97959183673469
Inclusion of Latest Research Results,0.7238116927946702,[0.62 0.81],77.03703703703704
Reflection of Current Research Hotspots,0.5674562599267764,[0.45 0.68],72.72727272727273
Fluency of Language Expression,0.366765120275095,[0.25 0.5 ],82.91139240506328
Appropriateness of Professional Terminology Use,0.7655083376425644,[0.69 0.84],50.0
Conciseness of Expression,0.6165887043819088,[0.48 0.73],86.66666666666667
Practical Application Potential of Research Results,0.7268473236713477,[0.64 0.81],78.72340425531915
Feasibility of Proposed Suggestions,0.8633866700386199,[0.81 0.91],74.49664429530202
Logic of Argumentation,0.6752989440886272,[0.52 0.79],84.24242424242424
Multi-angle Analysis of Problems,0.580484609225087,[0.47 0.69],81.21212121212122
Identification and Discussion of Research Limitations,0.7865588612869081,[0.72 0.85],73.77049180327869
