Subcategory,ICC (Intraclass Correlation Coefficient),ICC 95% Confidence Interval,Transitivity Consistency Ratio (%)
Topic Relevance,0.4861328365619738,[0.38 0.6 ],65.33333333333333
Comprehensiveness of Information,0.7863053436805997,[0.68 0.86],92.72727272727272
Accuracy of Information,0.31327478335211606,[0.22 0.43],42.857142857142854
Innovativeness of Viewpoints,0.7585544849156064,[0.65 0.84],92.72727272727272
Integration of Interdisciplinary Perspectives,0.7830849304684407,[0.7  0.85],92.72727272727272
Clarity of Logical Structure,0.7283234281116845,[0.64 0.81],79.39393939393939
Reasonableness of Chapter Arrangement,0.7365145357754771,[0.65 0.81],81.81818181818183
Quality of Introduction and Conclusion,0.6894392571620178,[0.6  0.78],80.12422360248446
Accuracy and Completeness of Citations,0.565729759538333,[0.47 0.67],59.57446808510638
Timeliness and Relevance of References,0.6189363885595568,[0.52 0.72],87.87878787878788
Avoidance of Plagiarism and Appropriate Citation,0.19618803142980581,[0.12 0.3 ],48.837209302325576
Critical Analysis of Existing Research,0.7492563959032092,[0.64 0.83],92.72727272727272
Proposal of New Research Directions or Questions,0.7573925056427935,[0.67 0.83],89.6969696969697
Potential Contribution to the Field,0.7447986339170383,[0.64 0.83],89.6969696969697
Clarity of Research Method Description,0.5926562693749997,[0.49 0.7 ],90.30303030303031
Rationality of Method Selection,0.5951950393493833,[0.49 0.7 ],86.06060606060606
Rigor of Research Design,0.5892606245101532,[0.48 0.7 ],86.06060606060606
Inclusion of Latest Research Results,0.6380190283646523,[0.54 0.74],87.87878787878788
Reflection of Current Research Hotspots,0.6621451554163124,[0.57 0.76],84.84848484848484
Fluency of Language Expression,0.5548447911020087,[0.45 0.66],81.21212121212122
Appropriateness of Professional Terminology Use,0.5031687066996045,[0.39 0.62],86.33540372670807
Conciseness of Expression,0.5514835395566806,[0.45 0.66],81.21212121212122
Practical Application Potential of Research Results,0.7195565194233873,[0.61 0.81],89.6969696969697
Feasibility of Proposed Suggestions,0.6784024693909287,[0.57 0.77],89.6969696969697
Logic of Argumentation,0.6749641713029094,[0.58 0.77],81.81818181818183
Multi-angle Analysis of Problems,0.6925964952218414,[0.59 0.78],89.6969696969697
Identification and Discussion of Research Limitations,0.630236559753155,[0.52 0.74],89.6969696969697
