Subcategory,ICC (Intraclass Correlation Coefficient),ICC 95% Confidence Interval,Transitivity Consistency Ratio (%)
Topic Relevance,0.3186833255664571,[0.23 0.44],64.28571428571429
Comprehensiveness of Information,0.6921553692989145,[0.6  0.78],80.0
Accuracy of Information,0.34404664194945245,[0.25 0.46],50.0
Innovativeness of Viewpoints,0.6031010700374464,[0.5  0.71],81.21212121212122
Integration of Interdisciplinary Perspectives,0.6424798412769791,[0.55 0.74],74.54545454545455
Clarity of Logical Structure,0.5570931359591152,[0.45 0.67],81.41025641025641
Reasonableness of Chapter Arrangement,0.5100657668661561,[0.41 0.62],80.0
Quality of Introduction and Conclusion,0.4887211971821056,[0.39 0.6 ],73.33333333333333
Accuracy and Completeness of Citations,0.47743628364039165,[0.38 0.59],67.3913043478261
Timeliness and Relevance of References,0.5497875646007003,[0.45 0.66],74.35897435897436
Avoidance of Plagiarism and Appropriate Citation,0.14367583141522686,[0.08 0.24],77.77777777777779
Critical Analysis of Existing Research,0.5815308215878698,[0.48 0.69],82.42424242424242
Proposal of New Research Directions or Questions,0.5581970890015621,[0.46 0.67],82.42424242424242
Potential Contribution to the Field,0.5629291070366721,[0.46 0.67],82.42424242424242
Clarity of Research Method Description,0.451419273107949,[0.34 0.57],81.13207547169812
Rationality of Method Selection,0.45986380045317704,[0.36 0.58],81.21212121212122
Rigor of Research Design,0.4299040766745575,[0.33 0.55],81.21212121212122
Inclusion of Latest Research Results,0.563652948105315,[0.46 0.67],74.35897435897436
Reflection of Current Research Hotspots,0.6128537779830673,[0.52 0.71],75.15151515151514
Fluency of Language Expression,0.4423436873023271,[0.34 0.56],76.36363636363637
Appropriateness of Professional Terminology Use,0.3973565771473229,[0.29 0.52],76.38888888888889
Conciseness of Expression,0.42258727757881126,[0.32 0.54],75.79617834394905
Practical Application Potential of Research Results,0.5455971556594196,[0.44 0.66],81.81818181818183
Feasibility of Proposed Suggestions,0.49005858670446584,[0.39 0.61],78.18181818181819
Logic of Argumentation,0.5419360780493392,[0.44 0.65],76.96969696969697
Multi-angle Analysis of Problems,0.6017002961886216,[0.5 0.7],73.93939393939394
Identification and Discussion of Research Limitations,0.5049886438630685,[0.4  0.62],75.15151515151514
