Subcategory,ICC (Intraclass Correlation Coefficient),ICC 95% Confidence Interval,Transitivity Consistency Ratio (%)
Topic Relevance,0.3186993647214993,[0.23 0.44],44.44444444444444
Comprehensiveness of Information,0.5972445478577753,[0.48 0.71],78.18181818181819
Accuracy of Information,0.09106035778840141,[0.04 0.17],63.63636363636363
Innovativeness of Viewpoints,0.5526258039146043,[0.42 0.68],82.42424242424242
Integration of Interdisciplinary Perspectives,0.614864891329931,[0.51 0.72],73.29192546583852
Clarity of Logical Structure,0.5924835279702052,[0.47 0.71],83.43949044585987
Reasonableness of Chapter Arrangement,0.5839753015096658,[0.48 0.69],79.61783439490446
Quality of Introduction and Conclusion,0.557211839088446,[0.44 0.67],79.39393939393939
Accuracy and Completeness of Citations,0.6872961039147737,[0.6  0.78],58.490566037735846
Timeliness and Relevance of References,0.5807146543909043,[0.47 0.69],76.43312101910828
Avoidance of Plagiarism and Appropriate Citation,0.24297795383494397,[0.16 0.35],59.523809523809526
Critical Analysis of Existing Research,0.5407364048399432,[0.41 0.67],79.375
Proposal of New Research Directions or Questions,0.6298482062585404,[0.52 0.73],86.06060606060606
Potential Contribution to the Field,0.5461320830074697,[0.42 0.67],82.5
Clarity of Research Method Description,0.5493088009069036,[0.43 0.67],78.18181818181819
Rationality of Method Selection,0.5333089307867931,[0.41 0.66],77.57575757575758
Rigor of Research Design,0.5089687248408474,[0.38 0.64],76.36363636363637
Inclusion of Latest Research Results,0.576104120131809,[0.46 0.69],78.343949044586
Reflection of Current Research Hotspots,0.5315424552040681,[0.42 0.65],78.98089171974523
Fluency of Language Expression,0.4829288930435823,[0.37 0.61],83.63636363636363
Appropriateness of Professional Terminology Use,0.4008581952495576,[0.29 0.53],80.79470198675497
Conciseness of Expression,0.43104013824298776,[0.31 0.56],80.24691358024691
Practical Application Potential of Research Results,0.5345447035994063,[0.4  0.66],86.06060606060606
Feasibility of Proposed Suggestions,0.523501622766061,[0.4  0.65],78.343949044586
Logic of Argumentation,0.5193458988877606,[0.39 0.65],81.21212121212122
Multi-angle Analysis of Problems,0.5194221614085135,[0.4  0.64],79.39393939393939
Identification and Discussion of Research Limitations,0.48821627239796106,[0.36 0.62],81.21212121212122
