Subcategory,ICC (Intraclass Correlation Coefficient),ICC 95% Confidence Interval,Transitivity Consistency Ratio (%)
Topic Relevance,0.47221300078567663,[0.37 0.59],83.72093023255815
Comprehensiveness of Information,0.7130045780438813,[0.62 0.8 ],78.78787878787878
Accuracy of Information,0.3370128718476935,[0.24 0.46],76.74418604651163
Innovativeness of Viewpoints,0.6804276523884815,[0.57 0.78],81.81818181818183
Integration of Interdisciplinary Perspectives,0.7212510376847523,[0.63 0.8 ],78.125
Clarity of Logical Structure,0.6980210704420317,[0.6  0.79],78.84615384615384
Reasonableness of Chapter Arrangement,0.6983863644172742,[0.61 0.79],78.78787878787878
Quality of Introduction and Conclusion,0.6864641685091861,[0.59 0.78],80.0
Accuracy and Completeness of Citations,0.7243529771782602,[0.64 0.8 ],76.92307692307693
Timeliness and Relevance of References,0.7445955022637946,[0.66 0.82],75.15151515151514
Avoidance of Plagiarism and Appropriate Citation,0.5441635382196574,[0.44 0.65],58.620689655172406
Critical Analysis of Existing Research,0.6774631546792877,[0.57 0.77],82.42424242424242
Proposal of New Research Directions or Questions,0.7516093529146517,[0.67 0.83],73.93939393939394
Potential Contribution to the Field,0.6939281329602397,[0.59 0.79],75.75757575757575
Clarity of Research Method Description,0.6560675933266955,[0.55 0.76],80.60606060606061
Rationality of Method Selection,0.6714584213245607,[0.57 0.77],83.63636363636363
Rigor of Research Design,0.6438319878396167,[0.54 0.75],80.60606060606061
Inclusion of Latest Research Results,0.7429119041575023,[0.66 0.82],75.15151515151514
Reflection of Current Research Hotspots,0.7182485140818929,[0.63 0.8 ],76.96969696969697
Fluency of Language Expression,0.563448233160305,[0.46 0.68],76.96969696969697
Appropriateness of Professional Terminology Use,0.5286150987237839,[0.42 0.65],82.42424242424242
Conciseness of Expression,0.49846285602206575,[0.39 0.62],80.60606060606061
Practical Application Potential of Research Results,0.6940825199582978,[0.59 0.79],78.78787878787878
Feasibility of Proposed Suggestions,0.6815976704643437,[0.58 0.77],77.57575757575758
Logic of Argumentation,0.6796666126036174,[0.57 0.78],79.74683544303798
Multi-angle Analysis of Problems,0.7281177039366458,[0.64 0.81],80.60606060606061
Identification and Discussion of Research Limitations,0.6705579617008866,[0.57 0.77],83.03030303030303
