Subcategory,ICC (Intraclass Correlation Coefficient),ICC 95% Confidence Interval,Transitivity Consistency Ratio (%)
Topic Relevance,0.312627118207704,[0.22 0.43],80.41237113402062
Comprehensiveness of Information,0.6023667293795867,[0.46 0.73],80.60606060606061
Accuracy of Information,0.16881328823230632,[0.1  0.27],53.84615384615385
Innovativeness of Viewpoints,0.6622445285366172,[0.51 0.78],85.98726114649682
Integration of Interdisciplinary Perspectives,0.6228447874875024,[0.49 0.74],80.0
Clarity of Logical Structure,0.5501794771968416,[0.39 0.69],90.30303030303031
Reasonableness of Chapter Arrangement,0.5678335201241933,[0.42 0.7 ],91.71974522292994
Quality of Introduction and Conclusion,0.48961470982769956,[0.34 0.63],87.27272727272727
Accuracy and Completeness of Citations,0.6294461692051513,[0.53 0.73],60.0
Timeliness and Relevance of References,0.5821470417429574,[0.47 0.7 ],78.18181818181819
Avoidance of Plagiarism and Appropriate Citation,0.16720615965348984,[0.1  0.27],68.0
Critical Analysis of Existing Research,0.6251263214469397,[0.47 0.75],86.06060606060606
Proposal of New Research Directions or Questions,0.72990249230985,[0.61 0.82],87.26114649681529
Potential Contribution to the Field,0.6160866848165384,[0.46 0.74],89.6969696969697
Clarity of Research Method Description,0.5502794206012992,[0.42 0.67],83.63636363636363
Rationality of Method Selection,0.5384535388942768,[0.41 0.66],80.74534161490683
Rigor of Research Design,0.5061025521349812,[0.37 0.64],82.42424242424242
Inclusion of Latest Research Results,0.5986869082727203,[0.48 0.71],78.18181818181819
Reflection of Current Research Hotspots,0.6134176824817897,[0.5  0.72],78.18181818181819
Fluency of Language Expression,0.34573850860905964,[0.22 0.48],87.27272727272727
Appropriateness of Professional Terminology Use,0.31932791524109316,[0.21 0.45],86.52482269503547
Conciseness of Expression,0.3305579056880476,[0.21 0.47],87.87878787878788
Practical Application Potential of Research Results,0.572460100457174,[0.42 0.7 ],88.48484848484848
Feasibility of Proposed Suggestions,0.5536215645713755,[0.42 0.68],87.27272727272727
Logic of Argumentation,0.5308977751241309,[0.38 0.67],87.87878787878788
Multi-angle Analysis of Problems,0.5755594051518981,[0.44 0.7 ],76.97368421052632
Identification and Discussion of Research Limitations,0.5215972397747132,[0.38 0.66],80.89171974522293
