Subcategory,ICC (Intraclass Correlation Coefficient),ICC 95% Confidence Interval,Transitivity Consistency Ratio (%)
Topic Relevance,0.6555245260078267,[0.56 0.75],62.5
Comprehensiveness of Information,0.8199083352734358,[0.76 0.88],77.57575757575758
Accuracy of Information,0.4022602731607873,[0.3  0.52],43.58974358974359
Innovativeness of Viewpoints,0.7736847896760899,[0.7  0.84],77.57575757575758
Integration of Interdisciplinary Perspectives,0.7672517894829061,[0.69 0.84],77.57575757575758
Clarity of Logical Structure,0.747137226414077,[0.67 0.82],74.52229299363057
Reasonableness of Chapter Arrangement,0.7371855498275126,[0.66 0.81],75.75757575757575
Quality of Introduction and Conclusion,0.6985885634884759,[0.61 0.78],73.71794871794873
Accuracy and Completeness of Citations,0.7562775208239234,[0.68 0.83],55.55555555555556
Timeliness and Relevance of References,0.6992372602033019,[0.61 0.78],77.5
Avoidance of Plagiarism and Appropriate Citation,0.4152005296468594,[0.32 0.53],53.125
Critical Analysis of Existing Research,0.7733203311505984,[0.7  0.84],76.36363636363637
Proposal of New Research Directions or Questions,0.8282685455885166,[0.77 0.88],76.43312101910828
Potential Contribution to the Field,0.782162864193131,[0.71 0.85],75.75757575757575
Clarity of Research Method Description,0.7086199782061203,[0.62 0.79],72.72727272727273
Rationality of Method Selection,0.7038059137417839,[0.62 0.79],76.36363636363637
Rigor of Research Design,0.6678285987360165,[0.58 0.76],73.93939393939394
Inclusion of Latest Research Results,0.704456210032328,[0.62 0.79],77.5
Reflection of Current Research Hotspots,0.7161680473274562,[0.63 0.8 ],83.63636363636363
Fluency of Language Expression,0.554180302249675,[0.45 0.66],72.61146496815286
Appropriateness of Professional Terminology Use,0.5879319218028546,[0.49 0.69],72.15189873417721
Conciseness of Expression,0.48432797187594895,[0.38 0.6 ],74.54545454545455
Practical Application Potential of Research Results,0.7675974808516335,[0.69 0.84],75.75757575757575
Feasibility of Proposed Suggestions,0.7321483400281681,[0.65 0.81],74.0
Logic of Argumentation,0.7071903479392971,[0.62 0.79],72.48322147651007
Multi-angle Analysis of Problems,0.7286638301107699,[0.65 0.81],78.78787878787878
Identification and Discussion of Research Limitations,0.6476526928920668,[0.55 0.74],76.36363636363637
