Subcategory,ICC (Intraclass Correlation Coefficient),ICC 95% Confidence Interval,Transitivity Consistency Ratio (%)
Topic Relevance,0.40957487338653564,[0.31 0.53],59.523809523809526
Comprehensiveness of Information,0.7172377205909708,[0.59 0.82],85.45454545454545
Accuracy of Information,0.3244428018797176,[0.23 0.44],36.36363636363637
Innovativeness of Viewpoints,0.707551034988915,[0.59 0.8 ],86.07594936708861
Integration of Interdisciplinary Perspectives,0.7293238685711821,[0.64 0.81],78.2051282051282
Clarity of Logical Structure,0.6454656673661164,[0.52 0.76],81.21212121212122
Reasonableness of Chapter Arrangement,0.662930042625055,[0.54 0.77],81.21212121212122
Quality of Introduction and Conclusion,0.5736196441723866,[0.44 0.7 ],86.66666666666667
Accuracy and Completeness of Citations,0.6555822485812262,[0.56 0.75],61.36363636363637
Timeliness and Relevance of References,0.6667511772536344,[0.57 0.76],80.60606060606061
Avoidance of Plagiarism and Appropriate Citation,0.2363427900182307,[0.16 0.35],45.16129032258064
Critical Analysis of Existing Research,0.6979621536745576,[0.58 0.8 ],90.30303030303031
Proposal of New Research Directions or Questions,0.7754384135575392,[0.69 0.85],86.06060606060606
Potential Contribution to the Field,0.6701091225760618,[0.55 0.77],87.87878787878788
Clarity of Research Method Description,0.6256684745525216,[0.52 0.73],81.16883116883116
Rationality of Method Selection,0.6282303549137175,[0.52 0.73],83.63636363636363
Rigor of Research Design,0.5921054248804449,[0.47 0.71],83.85093167701864
Inclusion of Latest Research Results,0.6743150435493018,[0.57 0.77],80.60606060606061
Reflection of Current Research Hotspots,0.6769204501068619,[0.58 0.77],81.21212121212122
Fluency of Language Expression,0.3928997937926447,[0.28 0.53],84.84848484848484
Appropriateness of Professional Terminology Use,0.45363137745830634,[0.34 0.58],87.34177215189874
Conciseness of Expression,0.3617268033855037,[0.25 0.49],82.42424242424242
Practical Application Potential of Research Results,0.6424775966498621,[0.52 0.75],86.62420382165605
Feasibility of Proposed Suggestions,0.6230535424010326,[0.5  0.74],87.26114649681529
Logic of Argumentation,0.6186970389040016,[0.48 0.74],83.03030303030303
Multi-angle Analysis of Problems,0.6804527065814423,[0.58 0.78],80.60606060606061
Identification and Discussion of Research Limitations,0.5861195555486948,[0.47 0.7 ],83.03030303030303
