Subcategory,ICC (Intraclass Correlation Coefficient),ICC 95% Confidence Interval,Transitivity Consistency Ratio (%)
Topic Relevance,0.44303829875535444,[0.34 0.56],53.191489361702125
Comprehensiveness of Information,0.7866253301110419,[0.71 0.85],89.6969696969697
Accuracy of Information,0.18974017585256867,[0.12 0.29],42.857142857142854
Innovativeness of Viewpoints,0.7527903528137627,[0.66 0.83],91.51515151515152
Integration of Interdisciplinary Perspectives,0.7748720211343462,[0.7  0.84],89.0909090909091
Clarity of Logical Structure,0.6860646206374424,[0.6  0.77],84.50704225352112
Reasonableness of Chapter Arrangement,0.68416805710155,[0.59 0.77],83.33333333333334
Quality of Introduction and Conclusion,0.6348416296159064,[0.54 0.73],84.24242424242424
Accuracy and Completeness of Citations,0.5540271268482636,[0.45 0.66],48.0
Timeliness and Relevance of References,0.6189356687441979,[0.52 0.72],86.66666666666667
Avoidance of Plagiarism and Appropriate Citation,0.14746667428852747,[0.08 0.24],22.22222222222222
Critical Analysis of Existing Research,0.7309942663528911,[0.64 0.81],91.51515151515152
Proposal of New Research Directions or Questions,0.7710877314583846,[0.7  0.84],87.27272727272727
Potential Contribution to the Field,0.7330538438226083,[0.65 0.81],89.0909090909091
Clarity of Research Method Description,0.6315492341835964,[0.54 0.73],85.98726114649682
Rationality of Method Selection,0.6300579488201198,[0.53 0.73],80.0
Rigor of Research Design,0.6032069906980134,[0.5  0.71],87.26114649681529
Inclusion of Latest Research Results,0.6337203432178908,[0.54 0.73],88.53503184713377
Reflection of Current Research Hotspots,0.6378826773430444,[0.54 0.73],85.98726114649682
Fluency of Language Expression,0.5285966073491135,[0.43 0.64],86.06060606060606
Appropriateness of Professional Terminology Use,0.4881530378917814,[0.39 0.6 ],90.50632911392405
Conciseness of Expression,0.515758349290792,[0.41 0.63],86.66666666666667
Practical Application Potential of Research Results,0.7011821738204649,[0.61 0.79],88.02816901408451
Feasibility of Proposed Suggestions,0.6680002292657761,[0.58 0.76],88.53503184713377
Logic of Argumentation,0.64056154094374,[0.55 0.74],82.42424242424242
Multi-angle Analysis of Problems,0.6727099046633433,[0.58 0.76],88.51351351351352
Identification and Discussion of Research Limitations,0.6251708612582546,[0.53 0.73],84.9673202614379
