Subcategory,ICC (Intraclass Correlation Coefficient),ICC 95% Confidence Interval,Transitivity Consistency Ratio (%)
Topic Relevance,0.7663544722696999,[0.69 0.84],68.23529411764706
Comprehensiveness of Information,0.7753384156450768,[0.68 0.85],79.48717948717949
Accuracy of Information,0.34227604474142037,[0.25 0.46],44.73684210526316
Innovativeness of Viewpoints,0.7067328394677086,[0.59 0.8 ],81.81818181818183
Integration of Interdisciplinary Perspectives,0.6903086200780417,[0.6  0.78],73.20261437908496
Clarity of Logical Structure,0.7311633290810293,[0.65 0.81],78.98089171974523
Reasonableness of Chapter Arrangement,0.7233287279240898,[0.64 0.8 ],77.5
Quality of Introduction and Conclusion,0.6639620571854903,[0.57 0.76],79.39393939393939
Accuracy and Completeness of Citations,0.6756250129275843,[0.58 0.77],55.932203389830505
Timeliness and Relevance of References,0.6473021906042992,[0.55 0.74],76.36363636363637
Avoidance of Plagiarism and Appropriate Citation,0.33654742199394805,[0.24 0.46],45.16129032258064
Critical Analysis of Existing Research,0.7233096126187479,[0.61 0.82],82.42424242424242
Proposal of New Research Directions or Questions,0.7757940336349634,[0.69 0.85],82.42424242424242
Potential Contribution to the Field,0.7012609162276567,[0.59 0.8 ],83.03030303030303
Clarity of Research Method Description,0.6505536195459249,[0.55 0.75],79.11392405063292
Rationality of Method Selection,0.6670681395626062,[0.57 0.76],78.78787878787878
Rigor of Research Design,0.6088021490922516,[0.5  0.72],80.0
Inclusion of Latest Research Results,0.6711181633539363,[0.58 0.76],76.36363636363637
Reflection of Current Research Hotspots,0.6788233384719906,[0.59 0.77],77.56410256410257
Fluency of Language Expression,0.5776394142310929,[0.48 0.69],83.03030303030303
Appropriateness of Professional Terminology Use,0.5625848272108468,[0.45 0.68],80.0
Conciseness of Expression,0.5570547457558367,[0.45 0.67],82.42424242424242
Practical Application Potential of Research Results,0.6751312913957985,[0.57 0.77],78.84615384615384
Feasibility of Proposed Suggestions,0.6624082134212791,[0.56 0.76],81.21212121212122
Logic of Argumentation,0.6910322815754284,[0.59 0.78],78.37837837837837
Multi-angle Analysis of Problems,0.7136940429248281,[0.62 0.8 ],77.57575757575758
Identification and Discussion of Research Limitations,0.6193029789981306,[0.51 0.72],81.21212121212122
