Subcategory,ICC (Intraclass Correlation Coefficient),ICC 95% Confidence Interval,Transitivity Consistency Ratio (%)
Topic Relevance,0.4916512091896308,[0.39 0.61],61.32075471698113
Comprehensiveness of Information,0.7805753443617374,[0.71 0.85],79.39393939393939
Accuracy of Information,0.2590614972335274,[0.17 0.37],26.923076923076923
Innovativeness of Viewpoints,0.6695934023139862,[0.58 0.76],79.39393939393939
Integration of Interdisciplinary Perspectives,0.6899689056207767,[0.6  0.78],79.39393939393939
Clarity of Logical Structure,0.6242232270058223,[0.53 0.72],77.57575757575758
Reasonableness of Chapter Arrangement,0.6215745210513368,[0.52 0.72],77.70700636942675
Quality of Introduction and Conclusion,0.5036318179261746,[0.4  0.62],80.60606060606061
Accuracy and Completeness of Citations,0.6551397501479997,[0.56 0.75],51.78571428571429
Timeliness and Relevance of References,0.5815437557352378,[0.48 0.69],78.78787878787878
Avoidance of Plagiarism and Appropriate Citation,0.3432357033505029,[0.25 0.46],50.0
Critical Analysis of Existing Research,0.6973100517783459,[0.61 0.78],77.56410256410257
Proposal of New Research Directions or Questions,0.7023386917183168,[0.62 0.79],83.03030303030303
Potential Contribution to the Field,0.6710688577077969,[0.58 0.76],77.57575757575758
Clarity of Research Method Description,0.6000069716178928,[0.5 0.7],75.79617834394905
Rationality of Method Selection,0.6070309608278038,[0.51 0.71],75.77639751552795
Rigor of Research Design,0.5617917254290821,[0.46 0.67],75.92592592592592
Inclusion of Latest Research Results,0.5870508512804864,[0.49 0.69],78.78787878787878
Reflection of Current Research Hotspots,0.5877523879515816,[0.49 0.69],81.52866242038218
Fluency of Language Expression,0.29466348142536447,[0.21 0.41],79.24528301886792
Appropriateness of Professional Terminology Use,0.46236701543761155,[0.36 0.58],81.21212121212122
Conciseness of Expression,0.19893511158090676,[0.12 0.3 ],74.375
Practical Application Potential of Research Results,0.632608107215443,[0.54 0.73],75.30864197530865
Feasibility of Proposed Suggestions,0.5615348699697971,[0.46 0.67],78.39506172839506
Logic of Argumentation,0.5738160022764284,[0.47 0.68],77.57575757575758
Multi-angle Analysis of Problems,0.6433853998436397,[0.55 0.74],78.18181818181819
Identification and Discussion of Research Limitations,0.5091697049915842,[0.41 0.62],80.60606060606061
