Subcategory,ICC (Intraclass Correlation Coefficient),ICC 95% Confidence Interval,Transitivity Consistency Ratio (%)
Topic Relevance,0.3133916221070667,[0.22 0.43],60.71428571428571
Comprehensiveness of Information,0.7065228739467855,[0.61 0.8 ],75.75757575757575
Accuracy of Information,0.2918664952093852,[0.2  0.41],40.0
Innovativeness of Viewpoints,0.6828065746016531,[0.59 0.77],75.75757575757575
Integration of Interdisciplinary Perspectives,0.6497832107365634,[0.56 0.74],76.96969696969697
Clarity of Logical Structure,0.5809779530784958,[0.48 0.69],79.74683544303798
Reasonableness of Chapter Arrangement,0.6010532754611853,[0.5 0.7],73.24840764331209
Quality of Introduction and Conclusion,0.5917368492933996,[0.49 0.7 ],75.15151515151514
Accuracy and Completeness of Citations,0.613140278299074,[0.52 0.71],50.0
Timeliness and Relevance of References,0.5971909893662887,[0.5 0.7],73.93939393939394
Avoidance of Plagiarism and Appropriate Citation,0.22108466198570462,[0.14 0.33],33.33333333333333
Critical Analysis of Existing Research,0.6602660332115098,[0.56 0.75],75.75757575757575
Proposal of New Research Directions or Questions,0.6836218371288996,[0.59 0.77],76.96969696969697
Potential Contribution to the Field,0.6711443669563785,[0.58 0.76],76.36363636363637
Clarity of Research Method Description,0.5710502828564062,[0.47 0.68],71.15384615384616
Rationality of Method Selection,0.5987399913913809,[0.5 0.7],75.75757575757575
Rigor of Research Design,0.588305703792541,[0.49 0.69],76.36363636363637
Inclusion of Latest Research Results,0.6057909485687657,[0.51 0.71],73.93939393939394
Reflection of Current Research Hotspots,0.6296566788462137,[0.53 0.73],73.33333333333333
Fluency of Language Expression,0.4969942241623768,[0.39 0.61],73.75
Appropriateness of Professional Terminology Use,0.4755395362463492,[0.37 0.59],75.64102564102564
Conciseness of Expression,0.4865415250669675,[0.38 0.6 ],73.33333333333333
Practical Application Potential of Research Results,0.6593480010470009,[0.57 0.75],76.36363636363637
Feasibility of Proposed Suggestions,0.651099047146427,[0.56 0.75],73.75
Logic of Argumentation,0.5925215591305468,[0.49 0.7 ],75.75757575757575
Multi-angle Analysis of Problems,0.6301382497224571,[0.53 0.73],73.33333333333333
Identification and Discussion of Research Limitations,0.6160810785438464,[0.52 0.72],75.75757575757575
