Subcategory,ICC (Intraclass Correlation Coefficient),ICC 95% Confidence Interval,Transitivity Consistency Ratio (%)
Topic Relevance,0.3112766959257969,[0.22 0.43],77.14285714285715
Comprehensiveness of Information,0.5913113681769606,[0.39 0.74],96.96969696969697
Accuracy of Information,0.22104193788055684,[0.14 0.33],73.33333333333333
Innovativeness of Viewpoints,0.5868828683930406,[0.41 0.73],96.96969696969697
Integration of Interdisciplinary Perspectives,0.6417861531833468,[0.51 0.75],89.74358974358975
Clarity of Logical Structure,0.6419926042973269,[0.51 0.75],92.72727272727272
Reasonableness of Chapter Arrangement,0.6835136685746046,[0.57 0.78],87.87878787878788
Quality of Introduction and Conclusion,0.6053059614168446,[0.47 0.73],88.125
Accuracy and Completeness of Citations,0.6407965950449535,[0.55 0.74],82.35294117647058
Timeliness and Relevance of References,0.5807989977959013,[0.46 0.7 ],90.9090909090909
Avoidance of Plagiarism and Appropriate Citation,0.31060811615687,[0.22 0.43],66.66666666666666
Critical Analysis of Existing Research,0.5919191151842043,[0.41 0.73],96.96969696969697
Proposal of New Research Directions or Questions,0.6798200310485829,[0.55 0.78],94.54545454545455
Potential Contribution to the Field,0.5871361598457236,[0.42 0.72],94.54545454545455
Clarity of Research Method Description,0.5757891239323359,[0.45 0.7 ],94.9367088607595
Rationality of Method Selection,0.5653261417392459,[0.43 0.69],94.54545454545455
Rigor of Research Design,0.5169221901361208,[0.37 0.65],94.54545454545455
Inclusion of Latest Research Results,0.5909863575027661,[0.47 0.71],90.9090909090909
Reflection of Current Research Hotspots,0.5951045435570887,[0.46 0.72],88.48484848484848
Fluency of Language Expression,0.438469547211432,[0.32 0.57],90.9090909090909
Appropriateness of Professional Terminology Use,0.324945118905811,[0.21 0.46],94.54545454545455
Conciseness of Expression,0.2966534354396986,[0.2  0.42],90.9090909090909
Practical Application Potential of Research Results,0.56268559961284,[0.4 0.7],94.54545454545455
Feasibility of Proposed Suggestions,0.532971640293448,[0.38 0.67],94.54545454545455
Logic of Argumentation,0.5202500574259912,[0.36 0.66],92.12121212121212
Multi-angle Analysis of Problems,0.49894999586335326,[0.34 0.65],95.75757575757575
Identification and Discussion of Research Limitations,0.47403299499359186,[0.31 0.63],95.75757575757575
