Subcategory,ICC (Intraclass Correlation Coefficient),ICC 95% Confidence Interval,Transitivity Consistency Ratio (%)
Topic Relevance,0.4410081550047498,[0.34 0.56],50.0
Comprehensiveness of Information,0.7605091107754337,[0.68 0.83],80.0
Accuracy of Information,0.2973430853048736,[0.21 0.41],25.0
Innovativeness of Viewpoints,0.640754638482402,[0.54 0.74],76.36363636363637
Integration of Interdisciplinary Perspectives,0.656056853589894,[0.56 0.75],76.31578947368422
Clarity of Logical Structure,0.5691698774763104,[0.47 0.68],78.98089171974523
Reasonableness of Chapter Arrangement,0.5820785467641263,[0.48 0.69],80.60606060606061
Quality of Introduction and Conclusion,0.4759671751957628,[0.37 0.59],77.85714285714286
Accuracy and Completeness of Citations,0.43051554107241474,[0.33 0.55],56.896551724137936
Timeliness and Relevance of References,0.478391158535287,[0.38 0.59],76.36363636363637
Avoidance of Plagiarism and Appropriate Citation,0.16904549296041602,[0.1  0.27],31.03448275862069
Critical Analysis of Existing Research,0.6088191052940025,[0.51 0.71],76.36363636363637
Proposal of New Research Directions or Questions,0.6919203493641879,[0.6  0.78],77.18120805369128
Potential Contribution to the Field,0.6062505491930524,[0.51 0.71],76.92307692307693
Clarity of Research Method Description,0.570903888877009,[0.47 0.68],78.78787878787878
Rationality of Method Selection,0.612360874048173,[0.52 0.71],78.18181818181819
Rigor of Research Design,0.5791851786052737,[0.48 0.69],78.18181818181819
Inclusion of Latest Research Results,0.5024838947617064,[0.4  0.62],76.36363636363637
Reflection of Current Research Hotspots,0.6172718775377691,[0.52 0.72],81.41025641025641
Fluency of Language Expression,0.42984447123589486,[0.33 0.55],78.18181818181819
Appropriateness of Professional Terminology Use,0.4415614825744574,[0.34 0.56],77.85234899328859
Conciseness of Expression,0.45044203980008285,[0.35 0.57],80.0
Practical Application Potential of Research Results,0.5664906906122426,[0.46 0.67],77.46478873239437
Feasibility of Proposed Suggestions,0.5392893093688911,[0.44 0.65],76.92307692307693
Logic of Argumentation,0.5358464248803346,[0.43 0.65],76.43312101910828
Multi-angle Analysis of Problems,0.6708804134544247,[0.58 0.76],80.12820512820514
Identification and Discussion of Research Limitations,0.5808325467648575,[0.48 0.69],78.37837837837837
