Subcategory,ICC (Intraclass Correlation Coefficient),ICC 95% Confidence Interval,Transitivity Consistency Ratio (%)
Topic Relevance,0.48495099247335816,[0.38 0.6 ],60.97560975609756
Comprehensiveness of Information,0.7059747137510065,[0.57 0.81],93.33333333333333
Accuracy of Information,0.22216002067005444,[0.14 0.33],77.77777777777779
Innovativeness of Viewpoints,0.7095925580830079,[0.58 0.81],90.9090909090909
Integration of Interdisciplinary Perspectives,0.7163035749164526,[0.61 0.81],92.12121212121212
Clarity of Logical Structure,0.5977694017866131,[0.46 0.72],89.6969696969697
Reasonableness of Chapter Arrangement,0.6234662597208084,[0.5  0.74],92.12121212121212
Quality of Introduction and Conclusion,0.564577520246556,[0.44 0.69],88.48484848484848
Accuracy and Completeness of Citations,0.6798461106880935,[0.59 0.77],66.66666666666666
Timeliness and Relevance of References,0.6287183837520137,[0.51 0.74],90.30303030303031
Avoidance of Plagiarism and Appropriate Citation,0.19528750996603791,[0.12 0.3 ],65.0
Critical Analysis of Existing Research,0.7020990122088545,[0.56 0.81],90.9090909090909
Proposal of New Research Directions or Questions,0.7397802430228745,[0.63 0.83],90.9090909090909
Potential Contribution to the Field,0.6941704630667731,[0.56 0.8 ],90.9090909090909
Clarity of Research Method Description,0.5610329746875385,[0.43 0.68],93.33333333333333
Rationality of Method Selection,0.5746608709750082,[0.45 0.7 ],89.6969696969697
Rigor of Research Design,0.5332312544147009,[0.4  0.66],89.6969696969697
Inclusion of Latest Research Results,0.6506663786974799,[0.53 0.76],90.30303030303031
Reflection of Current Research Hotspots,0.6495784719460382,[0.53 0.76],90.30303030303031
Fluency of Language Expression,0.3546521305489884,[0.23 0.49],90.30303030303031
Appropriateness of Professional Terminology Use,0.3671621113755775,[0.24 0.51],92.35668789808918
Conciseness of Expression,0.35910077634228343,[0.24 0.5 ],93.33333333333333
Practical Application Potential of Research Results,0.6517115409484525,[0.51 0.77],90.9090909090909
Feasibility of Proposed Suggestions,0.6059417304907772,[0.47 0.73],90.9090909090909
Logic of Argumentation,0.5837865619479692,[0.44 0.71],88.48484848484848
Multi-angle Analysis of Problems,0.6285425277928913,[0.5  0.74],90.30303030303031
Identification and Discussion of Research Limitations,0.5952077706833656,[0.45 0.72],90.30303030303031
