Subcategory,ICC (Intraclass Correlation Coefficient),ICC 95% Confidence Interval,Transitivity Consistency Ratio (%)
Topic Relevance,0.6084269777900722,[0.51 0.71],50.0
Comprehensiveness of Information,0.8426368700989142,[0.79 0.89],81.41025641025641
Accuracy of Information,0.3098447776080791,[0.22 0.43],50.0
Innovativeness of Viewpoints,0.8329817356286952,[0.77 0.89],81.81818181818183
Integration of Interdisciplinary Perspectives,0.827554933557945,[0.77 0.88],73.64864864864865
Clarity of Logical Structure,0.7669435320538709,[0.69 0.84],78.18181818181819
Reasonableness of Chapter Arrangement,0.7620353029369085,[0.69 0.83],80.60606060606061
Quality of Introduction and Conclusion,0.7292251134117138,[0.65 0.81],76.96969696969697
Accuracy and Completeness of Citations,0.6067604911298995,[0.51 0.71],56.896551724137936
Timeliness and Relevance of References,0.6533005174176971,[0.56 0.75],80.0
Avoidance of Plagiarism and Appropriate Citation,0.22620112387384445,[0.15 0.34],57.14285714285714
Critical Analysis of Existing Research,0.8079957774843726,[0.74 0.87],81.81818181818183
Proposal of New Research Directions or Questions,0.8149572894255462,[0.75 0.87],82.42424242424242
Potential Contribution to the Field,0.8088960094764713,[0.74 0.87],81.81818181818183
Clarity of Research Method Description,0.7443685189529239,[0.66 0.82],76.43312101910828
Rationality of Method Selection,0.7633352561298835,[0.69 0.83],80.4054054054054
Rigor of Research Design,0.7265952630203747,[0.64 0.81],77.57575757575758
Inclusion of Latest Research Results,0.6667255379472584,[0.58 0.76],80.0
Reflection of Current Research Hotspots,0.7407008685537367,[0.66 0.82],81.41025641025641
Fluency of Language Expression,0.6119594428237198,[0.51 0.71],79.39393939393939
Appropriateness of Professional Terminology Use,0.5902176074543336,[0.49 0.7 ],76.05633802816901
Conciseness of Expression,0.6141372744491238,[0.52 0.72],78.18181818181819
Practical Application Potential of Research Results,0.7313417882822805,[0.65 0.81],81.81818181818183
Feasibility of Proposed Suggestions,0.7087065142144972,[0.62 0.79],81.81818181818183
Logic of Argumentation,0.7344525609384001,[0.65 0.81],78.48101265822784
Multi-angle Analysis of Problems,0.7604467093070121,[0.68 0.83],82.6923076923077
Identification and Discussion of Research Limitations,0.6877436809248573,[0.6  0.78],80.12820512820514
