Subcategory,ICC (Intraclass Correlation Coefficient),ICC 95% Confidence Interval,Transitivity Consistency Ratio (%)
Topic Relevance,0.5517358426650126,[0.45 0.66],45.45454545454545
Comprehensiveness of Information,0.7255653763248077,[0.62 0.82],79.39393939393939
Accuracy of Information,0.2781533106688477,[0.19 0.39],31.818181818181817
Innovativeness of Viewpoints,0.6616627654418852,[0.56 0.76],81.87919463087249
Integration of Interdisciplinary Perspectives,0.7719080719094399,[0.7  0.84],65.47619047619048
Clarity of Logical Structure,0.6572280167421451,[0.55 0.76],77.57575757575758
Reasonableness of Chapter Arrangement,0.6910075356462709,[0.6  0.78],78.84615384615384
Quality of Introduction and Conclusion,0.6247063358668535,[0.52 0.73],76.36363636363637
Accuracy and Completeness of Citations,0.7225555530110456,[0.64 0.8 ],44.73684210526316
Timeliness and Relevance of References,0.6752490264319143,[0.58 0.77],75.75757575757575
Avoidance of Plagiarism and Appropriate Citation,0.29877588414820044,[0.21 0.42],41.66666666666667
Critical Analysis of Existing Research,0.614782949081791,[0.51 0.72],83.33333333333334
Proposal of New Research Directions or Questions,0.68211575618467,[0.59 0.77],75.77639751552795
Potential Contribution to the Field,0.613562437772296,[0.49 0.73],73.07692307692307
Clarity of Research Method Description,0.5943565046511543,[0.47 0.71],83.03030303030303
Rationality of Method Selection,0.6471038753552686,[0.54 0.75],74.52229299363057
Rigor of Research Design,0.6057995841193775,[0.49 0.72],80.60606060606061
Inclusion of Latest Research Results,0.6752440593564137,[0.58 0.77],73.93939393939394
Reflection of Current Research Hotspots,0.6062048748984606,[0.51 0.71],80.0
Fluency of Language Expression,0.4974225932256085,[0.39 0.62],71.875
Appropriateness of Professional Terminology Use,0.4899031205470443,[0.38 0.61],76.59574468085107
Conciseness of Expression,0.47297910769346097,[0.36 0.6 ],71.875
Practical Application Potential of Research Results,0.5991766962190844,[0.47 0.72],71.24183006535948
Feasibility of Proposed Suggestions,0.5546906070525303,[0.44 0.67],74.67532467532467
Logic of Argumentation,0.6090108552752642,[0.5  0.72],73.93939393939394
Multi-angle Analysis of Problems,0.644398922040919,[0.54 0.74],74.375
Identification and Discussion of Research Limitations,0.590961974905638,[0.49 0.7 ],84.17721518987342
