Subcategory,ICC (Intraclass Correlation Coefficient),ICC 95% Confidence Interval,Transitivity Consistency Ratio (%)
Topic Relevance,0.7217183932140647,[0.64 0.8 ],76.47058823529412
Comprehensiveness of Information,0.8029974646024736,[0.73 0.87],81.52866242038218
Accuracy of Information,0.2847648135442463,[0.2 0.4],40.0
Innovativeness of Viewpoints,0.7776140357576203,[0.7  0.85],81.81818181818183
Integration of Interdisciplinary Perspectives,0.7693861152631565,[0.69 0.84],80.60606060606061
Clarity of Logical Structure,0.7616911297565601,[0.68 0.83],79.39393939393939
Reasonableness of Chapter Arrangement,0.7629741455137127,[0.69 0.83],80.60606060606061
Quality of Introduction and Conclusion,0.7278101052893903,[0.64 0.81],79.39393939393939
Accuracy and Completeness of Citations,0.5952347528824159,[0.5 0.7],63.41463414634146
Timeliness and Relevance of References,0.624698439022868,[0.53 0.72],81.52866242038218
Avoidance of Plagiarism and Appropriate Citation,0.24143597811757023,[0.16 0.35],55.00000000000001
Critical Analysis of Existing Research,0.7657871312275819,[0.68 0.84],80.60606060606061
Proposal of New Research Directions or Questions,0.7987618090933871,[0.73 0.86],80.60606060606061
Potential Contribution to the Field,0.7669506127463874,[0.69 0.84],80.60606060606061
Clarity of Research Method Description,0.6349437961101664,[0.54 0.73],78.52348993288591
Rationality of Method Selection,0.656830383382516,[0.56 0.75],76.96969696969697
Rigor of Research Design,0.6279941118800407,[0.53 0.73],77.35849056603774
Inclusion of Latest Research Results,0.6389075179812337,[0.54 0.74],81.52866242038218
Reflection of Current Research Hotspots,0.7333201684464448,[0.65 0.81],78.98089171974523
Fluency of Language Expression,0.6127654095075183,[0.51 0.71],80.0
Appropriateness of Professional Terminology Use,0.5163975066049042,[0.41 0.63],80.98591549295774
Conciseness of Expression,0.6132449229107483,[0.51 0.72],79.61783439490446
Practical Application Potential of Research Results,0.6978345092615416,[0.61 0.78],79.39393939393939
Feasibility of Proposed Suggestions,0.6945331213734961,[0.6  0.78],79.39393939393939
Logic of Argumentation,0.7149297733495761,[0.63 0.8 ],80.60606060606061
Multi-angle Analysis of Problems,0.7299584354263721,[0.65 0.81],76.875
Identification and Discussion of Research Limitations,0.6609280294010906,[0.56 0.76],78.61635220125787
