Subcategory,ICC (Intraclass Correlation Coefficient),ICC 95% Confidence Interval,Transitivity Consistency Ratio (%)
Topic Relevance,0.5515332267942691,[0.45 0.66],70.27027027027027
Comprehensiveness of Information,0.7469242556797204,[0.66 0.83],80.60606060606061
Accuracy of Information,0.26439247005134053,[0.18 0.38],57.14285714285714
Innovativeness of Viewpoints,0.7488107029107357,[0.66 0.83],77.57575757575758
Integration of Interdisciplinary Perspectives,0.7641449548998256,[0.69 0.83],77.57575757575758
Clarity of Logical Structure,0.7523371343190111,[0.67 0.83],76.43312101910828
Reasonableness of Chapter Arrangement,0.7391680516563568,[0.66 0.82],77.57575757575758
Quality of Introduction and Conclusion,0.7448959960007712,[0.67 0.82],76.96969696969697
Accuracy and Completeness of Citations,0.7100212574485357,[0.62 0.79],66.66666666666666
Timeliness and Relevance of References,0.7132630427937752,[0.63 0.8 ],75.83892617449665
Avoidance of Plagiarism and Appropriate Citation,0.2808768310924846,[0.19 0.4 ],62.16216216216216
Critical Analysis of Existing Research,0.732272669302385,[0.64 0.81],78.18181818181819
Proposal of New Research Directions or Questions,0.8018342054279088,[0.73 0.86],76.72955974842768
Potential Contribution to the Field,0.7276317498161206,[0.64 0.81],78.84615384615384
Clarity of Research Method Description,0.6702362216767105,[0.56 0.77],79.19463087248322
Rationality of Method Selection,0.6924262322666979,[0.6  0.78],77.48344370860927
Rigor of Research Design,0.6488524997240923,[0.54 0.75],80.0
Inclusion of Latest Research Results,0.7093102716968681,[0.62 0.79],76.28205128205127
Reflection of Current Research Hotspots,0.732600188031562,[0.65 0.81],75.9493670886076
Fluency of Language Expression,0.6193085645383165,[0.52 0.72],77.21518987341773
Appropriateness of Professional Terminology Use,0.5232775656475764,[0.42 0.64],82.05128205128204
Conciseness of Expression,0.5867598718336738,[0.49 0.69],76.96969696969697
Practical Application Potential of Research Results,0.706261823463719,[0.61 0.79],77.57575757575758
Feasibility of Proposed Suggestions,0.717517163500589,[0.63 0.8 ],77.57575757575758
Logic of Argumentation,0.7041592435152537,[0.61 0.79],75.9493670886076
Multi-angle Analysis of Problems,0.7385883336153035,[0.66 0.82],77.35849056603774
Identification and Discussion of Research Limitations,0.677069771980044,[0.58 0.77],78.18181818181819
