Subcategory,ICC (Intraclass Correlation Coefficient),ICC 95% Confidence Interval,Transitivity Consistency Ratio (%)
Topic Relevance,0.20610011418489824,[0.13 0.31],74.57627118644068
Comprehensiveness of Information,0.5421503775988719,[0.4  0.67],93.33333333333333
Accuracy of Information,0.3529868587189441,[0.26 0.47],56.25
Innovativeness of Viewpoints,0.5770840303978008,[0.45 0.7 ],88.53503184713377
Integration of Interdisciplinary Perspectives,0.5766523519487038,[0.47 0.69],92.0
Clarity of Logical Structure,0.5402505858422527,[0.42 0.66],90.78014184397163
Reasonableness of Chapter Arrangement,0.5374158344293841,[0.42 0.66],93.93939393939394
Quality of Introduction and Conclusion,0.5360044150688941,[0.42 0.65],89.0909090909091
Accuracy and Completeness of Citations,0.5688536666169496,[0.47 0.68],71.42857142857143
Timeliness and Relevance of References,0.5350215350000682,[0.43 0.65],89.0909090909091
Avoidance of Plagiarism and Appropriate Citation,0.14898134777073915,[0.08 0.24],67.64705882352942
Critical Analysis of Existing Research,0.5777800344429612,[0.45 0.7 ],87.87878787878788
Proposal of New Research Directions or Questions,0.6561099799787745,[0.55 0.75],87.87878787878788
Potential Contribution to the Field,0.5758155662344263,[0.45 0.69],89.0909090909091
Clarity of Research Method Description,0.4722142863773116,[0.35 0.6 ],89.86486486486487
Rationality of Method Selection,0.48081380674013646,[0.37 0.6 ],90.0709219858156
Rigor of Research Design,0.45209544791972045,[0.33 0.58],92.56756756756756
Inclusion of Latest Research Results,0.5631923087713144,[0.45 0.68],89.0909090909091
Reflection of Current Research Hotspots,0.5781315517842879,[0.47 0.69],89.0909090909091
Fluency of Language Expression,0.40573128286717414,[0.29 0.53],91.0828025477707
Appropriateness of Professional Terminology Use,0.3210019040577183,[0.22 0.45],93.93939393939394
Conciseness of Expression,0.3947984738114855,[0.28 0.52],90.9090909090909
Practical Application Potential of Research Results,0.5431880292159861,[0.43 0.66],89.0909090909091
Feasibility of Proposed Suggestions,0.523690733111955,[0.41 0.64],89.0909090909091
Logic of Argumentation,0.5324525503842643,[0.4  0.66],90.9090909090909
Multi-angle Analysis of Problems,0.5452234105230912,[0.43 0.66],90.9090909090909
Identification and Discussion of Research Limitations,0.5141504315236994,[0.4  0.64],89.0909090909091
