Subcategory,ICC (Intraclass Correlation Coefficient),ICC 95% Confidence Interval,Transitivity Consistency Ratio (%)
Topic Relevance,0.47203978929789603,[0.37 0.59],40.74074074074074
Comprehensiveness of Information,0.7738962292766128,[0.69 0.84],77.57575757575758
Accuracy of Information,0.2733128583386303,[0.19 0.39],38.095238095238095
Innovativeness of Viewpoints,0.752505260668827,[0.67 0.83],75.75757575757575
Integration of Interdisciplinary Perspectives,0.7679349164764292,[0.69 0.84],73.42657342657343
Clarity of Logical Structure,0.7144393854341248,[0.62 0.8 ],72.72727272727273
Reasonableness of Chapter Arrangement,0.7439498748644674,[0.66 0.82],72.43589743589743
Quality of Introduction and Conclusion,0.6799672575053463,[0.59 0.77],73.93939393939394
Accuracy and Completeness of Citations,0.7030724007933032,[0.62 0.79],53.125
Timeliness and Relevance of References,0.6815543532633345,[0.59 0.77],76.36363636363637
Avoidance of Plagiarism and Appropriate Citation,0.3882557898658887,[0.29 0.51],47.368421052631575
Critical Analysis of Existing Research,0.7277537792077188,[0.64 0.81],76.36363636363637
Proposal of New Research Directions or Questions,0.7687868672646118,[0.69 0.84],75.75757575757575
Potential Contribution to the Field,0.7340982136709391,[0.65 0.81],75.75757575757575
Clarity of Research Method Description,0.6626862765820638,[0.57 0.76],75.15151515151514
Rationality of Method Selection,0.6902912310884105,[0.6  0.78],75.0
Rigor of Research Design,0.6652312268061277,[0.57 0.76],75.15151515151514
Inclusion of Latest Research Results,0.7006536957079447,[0.61 0.79],76.36363636363637
Reflection of Current Research Hotspots,0.6738070509020939,[0.58 0.76],80.60606060606061
Fluency of Language Expression,0.51498989345994,[0.41 0.63],77.35849056603774
Appropriateness of Professional Terminology Use,0.5283463892642873,[0.42 0.64],70.54794520547945
Conciseness of Expression,0.49116562481197323,[0.39 0.61],78.18181818181819
Practical Application Potential of Research Results,0.6768197815598296,[0.58 0.77],75.79617834394905
Feasibility of Proposed Suggestions,0.6658737677914089,[0.57 0.76],75.79617834394905
Logic of Argumentation,0.6909114999006292,[0.6  0.78],72.72727272727273
Multi-angle Analysis of Problems,0.7184376168825722,[0.63 0.8 ],77.57575757575758
Identification and Discussion of Research Limitations,0.6607163512810964,[0.57 0.75],76.96969696969697
