Subcategory,ICC (Intraclass Correlation Coefficient),ICC 95% Confidence Interval,Transitivity Consistency Ratio (%)
Topic Relevance,0.6009887081596987,[0.5 0.7],39.473684210526315
Comprehensiveness of Information,0.8742929109282093,[0.83 0.92],79.39393939393939
Accuracy of Information,0.16288610238602377,[0.09 0.26],53.333333333333336
Innovativeness of Viewpoints,0.7889357783789223,[0.72 0.85],78.78787878787878
Integration of Interdisciplinary Perspectives,0.7553359335271363,[0.68 0.83],76.55172413793103
Clarity of Logical Structure,0.7995707570025125,[0.73 0.86],80.60606060606061
Reasonableness of Chapter Arrangement,0.7873345131909018,[0.72 0.85],80.60606060606061
Quality of Introduction and Conclusion,0.75395742121305,[0.68 0.83],81.81818181818183
Accuracy and Completeness of Citations,0.5502115977713086,[0.45 0.66],44.73684210526316
Timeliness and Relevance of References,0.6224716039110386,[0.53 0.72],79.39393939393939
Avoidance of Plagiarism and Appropriate Citation,0.22745390164772245,[0.15 0.34],40.909090909090914
Critical Analysis of Existing Research,0.7871587977067306,[0.72 0.85],78.78787878787878
Proposal of New Research Directions or Questions,0.7685801985134266,[0.69 0.84],80.51948051948052
Potential Contribution to the Field,0.7678436932436423,[0.69 0.84],78.78787878787878
Clarity of Research Method Description,0.6082163214815706,[0.51 0.71],77.07006369426752
Rationality of Method Selection,0.6452462407581321,[0.55 0.74],78.78787878787878
Rigor of Research Design,0.6123802603847243,[0.51 0.71],77.70700636942675
Inclusion of Latest Research Results,0.6689023534624763,[0.58 0.76],79.39393939393939
Reflection of Current Research Hotspots,0.6837670178826862,[0.59 0.77],80.60606060606061
Fluency of Language Expression,0.6840369877744549,[0.59 0.77],78.78787878787878
Appropriateness of Professional Terminology Use,0.5191573033707867,[0.42 0.63],82.38993710691824
Conciseness of Expression,0.6329757305323974,[0.54 0.73],83.63636363636363
Practical Application Potential of Research Results,0.7199209100737763,[0.64 0.8 ],80.0
Feasibility of Proposed Suggestions,0.6486206562483958,[0.55 0.74],81.21212121212122
Logic of Argumentation,0.7257095082798798,[0.64 0.81],78.18181818181819
Multi-angle Analysis of Problems,0.7185388726315429,[0.63 0.8 ],80.60606060606061
Identification and Discussion of Research Limitations,0.6098391404559909,[0.51 0.71],78.78787878787878
