Subcategory,ICC (Intraclass Correlation Coefficient),ICC 95% Confidence Interval,Transitivity Consistency Ratio (%)
Topic Relevance,0.5317016806886814,[0.43 0.64],62.0253164556962
Comprehensiveness of Information,0.7899863862973582,[0.71 0.86],79.39393939393939
Accuracy of Information,0.5215436190911745,[0.42 0.63],47.5
Innovativeness of Viewpoints,0.7175368763261651,[0.62 0.8 ],88.48484848484848
Integration of Interdisciplinary Perspectives,0.7302410361165573,[0.65 0.81],77.57575757575758
Clarity of Logical Structure,0.7208148082696316,[0.64 0.8 ],82.42424242424242
Reasonableness of Chapter Arrangement,0.7173913493311388,[0.63 0.8 ],81.81818181818183
Quality of Introduction and Conclusion,0.6449545350542741,[0.55 0.74],82.42424242424242
Accuracy and Completeness of Citations,0.670187618502098,[0.58 0.76],46.93877551020408
Timeliness and Relevance of References,0.6311772938385315,[0.54 0.73],80.60606060606061
Avoidance of Plagiarism and Appropriate Citation,0.3467711700875141,[0.25 0.47],48.57142857142857
Critical Analysis of Existing Research,0.7113566617607485,[0.62 0.8 ],80.26315789473685
Proposal of New Research Directions or Questions,0.7532305786527571,[0.67 0.83],86.53846153846155
Potential Contribution to the Field,0.6872513683006151,[0.59 0.78],81.21212121212122
Clarity of Research Method Description,0.5686212603658267,[0.47 0.68],81.21212121212122
Rationality of Method Selection,0.5812485826760956,[0.48 0.69],80.60606060606061
Rigor of Research Design,0.548124397082469,[0.44 0.66],79.61783439490446
Inclusion of Latest Research Results,0.6529375885303301,[0.56 0.75],79.61783439490446
Reflection of Current Research Hotspots,0.6208393196074914,[0.52 0.72],80.0
Fluency of Language Expression,0.5558848549466507,[0.45 0.67],82.16560509554141
Appropriateness of Professional Terminology Use,0.548468887276884,[0.44 0.66],81.81818181818183
Conciseness of Expression,0.5449720750931248,[0.44 0.66],82.42424242424242
Practical Application Potential of Research Results,0.6668656926298825,[0.57 0.76],84.24242424242424
Feasibility of Proposed Suggestions,0.5981665776806756,[0.49 0.7 ],84.84848484848484
Logic of Argumentation,0.6525653914358788,[0.56 0.75],81.81818181818183
Multi-angle Analysis of Problems,0.6695574618677059,[0.58 0.76],81.81818181818183
Identification and Discussion of Research Limitations,0.5403928574421681,[0.44 0.65],81.81818181818183
