Subcategory,ICC (Intraclass Correlation Coefficient),ICC 95% Confidence Interval,Transitivity Consistency Ratio (%)
Topic Relevance,0.6117727828269368,[0.51 0.72],63.04347826086957
Comprehensiveness of Information,0.8291702648356954,[0.74 0.89],89.6969696969697
Accuracy of Information,0.44320090724656463,[0.34 0.56],39.39393939393939
Innovativeness of Viewpoints,0.7428635171768655,[0.64 0.83],91.51515151515152
Integration of Interdisciplinary Perspectives,0.8151049614316611,[0.75 0.87],86.06060606060606
Clarity of Logical Structure,0.801612886574484,[0.73 0.86],84.17721518987342
Reasonableness of Chapter Arrangement,0.805167799289105,[0.74 0.87],82.16560509554141
Quality of Introduction and Conclusion,0.7427771510103862,[0.66 0.82],81.64556962025317
Accuracy and Completeness of Citations,0.7265440540268701,[0.64 0.81],65.15151515151516
Timeliness and Relevance of References,0.7205491449662734,[0.64 0.8 ],81.52866242038218
Avoidance of Plagiarism and Appropriate Citation,0.39904103096071253,[0.3  0.52],51.724137931034484
Critical Analysis of Existing Research,0.7709448702771767,[0.68 0.85],91.51515151515152
Proposal of New Research Directions or Questions,0.8018049098645864,[0.73 0.86],88.48484848484848
Potential Contribution to the Field,0.7608582847719417,[0.67 0.84],86.66666666666667
Clarity of Research Method Description,0.6945619106252408,[0.6  0.79],86.0
Rationality of Method Selection,0.6894315773930566,[0.59 0.78],82.42424242424242
Rigor of Research Design,0.6475032393788649,[0.54 0.75],84.24242424242424
Inclusion of Latest Research Results,0.7368120013628524,[0.65 0.82],81.52866242038218
Reflection of Current Research Hotspots,0.725793445329632,[0.64 0.81],81.21212121212122
Fluency of Language Expression,0.5693406696376248,[0.47 0.68],82.05128205128204
Appropriateness of Professional Terminology Use,0.5895362872480933,[0.48 0.7 ],83.03030303030303
Conciseness of Expression,0.5289194779400404,[0.43 0.64],82.05128205128204
Practical Application Potential of Research Results,0.7403161035555803,[0.65 0.82],87.89808917197452
Feasibility of Proposed Suggestions,0.6998774988001856,[0.6  0.79],86.66666666666667
Logic of Argumentation,0.7520718722154903,[0.66 0.83],81.41025641025641
Multi-angle Analysis of Problems,0.7699334936063608,[0.69 0.84],87.27272727272727
Identification and Discussion of Research Limitations,0.663901550918271,[0.56 0.76],86.66666666666667
