Subcategory,ICC (Intraclass Correlation Coefficient),ICC 95% Confidence Interval,Transitivity Consistency Ratio (%)
Topic Relevance,0.5079996609363614,[0.41 0.62],62.7906976744186
Comprehensiveness of Information,0.7300285970031269,[0.63 0.82],83.63636363636363
Accuracy of Information,0.3522698443205842,[0.26 0.47],48.57142857142857
Innovativeness of Viewpoints,0.6580671657343379,[0.52 0.77],85.45454545454545
Integration of Interdisciplinary Perspectives,0.7166056028737556,[0.63 0.8 ],80.60606060606061
Clarity of Logical Structure,0.5642869188771812,[0.44 0.68],80.0
Reasonableness of Chapter Arrangement,0.5899274661263562,[0.48 0.7 ],78.78787878787878
Quality of Introduction and Conclusion,0.49687013261062063,[0.38 0.62],83.97435897435898
Accuracy and Completeness of Citations,0.7636492480260177,[0.69 0.83],63.934426229508205
Timeliness and Relevance of References,0.6550194247929481,[0.56 0.75],84.84848484848484
Avoidance of Plagiarism and Appropriate Citation,0.2836522005112556,[0.2 0.4],41.02564102564102
Critical Analysis of Existing Research,0.6457088813904353,[0.5  0.76],87.87878787878788
Proposal of New Research Directions or Questions,0.7182403903224953,[0.61 0.81],89.0909090909091
Potential Contribution to the Field,0.6428754947608205,[0.51 0.76],90.38461538461539
Clarity of Research Method Description,0.5336080199155294,[0.41 0.66],89.1891891891892
Rationality of Method Selection,0.5413017478143541,[0.42 0.66],89.74358974358975
Rigor of Research Design,0.49300888465036735,[0.37 0.62],85.8974358974359
Inclusion of Latest Research Results,0.6763360265344496,[0.58 0.77],84.61538461538461
Reflection of Current Research Hotspots,0.6178248790005522,[0.52 0.72],80.0
Fluency of Language Expression,0.31565194669453883,[0.22 0.44],81.98757763975155
Appropriateness of Professional Terminology Use,0.3294603963433339,[0.23 0.46],86.62420382165605
Conciseness of Expression,0.31062659895375916,[0.21 0.43],86.62420382165605
Practical Application Potential of Research Results,0.5943618380113321,[0.45 0.72],89.86486486486487
Feasibility of Proposed Suggestions,0.5515131787413499,[0.42 0.68],87.5
Logic of Argumentation,0.48549826171414984,[0.35 0.62],83.63636363636363
Multi-angle Analysis of Problems,0.6097319261693774,[0.51 0.71],79.375
Identification and Discussion of Research Limitations,0.4785064291024317,[0.36 0.6 ],82.42424242424242
