Subcategory,ICC (Intraclass Correlation Coefficient),ICC 95% Confidence Interval,Transitivity Consistency Ratio (%)
Topic Relevance,0.4952398969525326,[0.39 0.61],66.66666666666666
Comprehensiveness of Information,0.7130856878533244,[0.62 0.8 ],80.60606060606061
Accuracy of Information,0.265185873146074,[0.18 0.38],62.06896551724138
Innovativeness of Viewpoints,0.7071441346549195,[0.62 0.79],82.42424242424242
Integration of Interdisciplinary Perspectives,0.6998595112879482,[0.61 0.79],81.21212121212122
Clarity of Logical Structure,0.6966181842893383,[0.61 0.78],75.79617834394905
Reasonableness of Chapter Arrangement,0.6906702764212735,[0.6  0.78],73.91304347826086
Quality of Introduction and Conclusion,0.665539583769885,[0.57 0.76],74.66666666666667
Accuracy and Completeness of Citations,0.744025700738376,[0.66 0.82],69.56521739130434
Timeliness and Relevance of References,0.7190248505800191,[0.63 0.8 ],80.60606060606061
Avoidance of Plagiarism and Appropriate Citation,0.35156703241832554,[0.26 0.47],65.51724137931035
Critical Analysis of Existing Research,0.7057835579556974,[0.61 0.79],79.39393939393939
Proposal of New Research Directions or Questions,0.7349490344467258,[0.65 0.81],80.2547770700637
Potential Contribution to the Field,0.7020373661345972,[0.61 0.79],81.81818181818183
Clarity of Research Method Description,0.6147210221945474,[0.51 0.72],79.375
Rationality of Method Selection,0.6482680994977698,[0.55 0.74],76.25
Rigor of Research Design,0.5822183469551497,[0.48 0.69],79.39393939393939
Inclusion of Latest Research Results,0.7005765470830867,[0.61 0.79],80.60606060606061
Reflection of Current Research Hotspots,0.695841641951738,[0.61 0.78],81.81818181818183
Fluency of Language Expression,0.5559424490779216,[0.45 0.67],78.78787878787878
Appropriateness of Professional Terminology Use,0.49984373913467434,[0.39 0.62],81.21212121212122
Conciseness of Expression,0.5475385979696572,[0.44 0.66],79.39393939393939
Practical Application Potential of Research Results,0.7010944381188998,[0.61 0.79],81.81818181818183
Feasibility of Proposed Suggestions,0.6787728275536585,[0.59 0.77],80.0
Logic of Argumentation,0.672961957077891,[0.58 0.76],76.43312101910828
Multi-angle Analysis of Problems,0.6838170947421179,[0.59 0.77],80.60606060606061
Identification and Discussion of Research Limitations,0.6558591837709549,[0.56 0.75],78.18181818181819
