Subcategory,ICC (Intraclass Correlation Coefficient),ICC 95% Confidence Interval,Transitivity Consistency Ratio (%)
Topic Relevance,0.582619267323642,[0.48 0.69],69.0909090909091
Comprehensiveness of Information,0.6957480168866376,[0.53 0.81],87.42138364779875
Accuracy of Information,0.2249988813817174,[0.15 0.33],83.33333333333334
Innovativeness of Viewpoints,0.6832859683105433,[0.53 0.8 ],92.36111111111111
Integration of Interdisciplinary Perspectives,0.7262666101697716,[0.63 0.81],83.01886792452831
Clarity of Logical Structure,0.6840701874181794,[0.58 0.78],83.11688311688312
Reasonableness of Chapter Arrangement,0.6816204226391037,[0.58 0.78],84.0
Quality of Introduction and Conclusion,0.6608249607641106,[0.56 0.76],83.03030303030303
Accuracy and Completeness of Citations,0.6749855155790452,[0.58 0.77],72.97297297297297
Timeliness and Relevance of References,0.6423347140079078,[0.53 0.75],86.36363636363636
Avoidance of Plagiarism and Appropriate Citation,0.1799902432978776,[0.11 0.28],72.72727272727273
Critical Analysis of Existing Research,0.6933540724400511,[0.54 0.8 ],93.67088607594937
Proposal of New Research Directions or Questions,0.7833632698839474,[0.69 0.86],90.44585987261146
Potential Contribution to the Field,0.7028257198072712,[0.57 0.8 ],91.33333333333333
Clarity of Research Method Description,0.6418034790503699,[0.52 0.75],95.54140127388536
Rationality of Method Selection,0.6424986062123126,[0.52 0.75],86.06060606060606
Rigor of Research Design,0.5581290963156936,[0.42 0.69],94.54545454545455
Inclusion of Latest Research Results,0.665914624665049,[0.55 0.77],84.472049689441
Reflection of Current Research Hotspots,0.6740676613170141,[0.57 0.77],84.84848484848484
Fluency of Language Expression,0.45658294419877116,[0.35 0.58],86.66666666666667
Appropriateness of Professional Terminology Use,0.4207763357177244,[0.31 0.55],93.37748344370861
Conciseness of Expression,0.423442754395428,[0.31 0.55],87.24832214765101
Practical Application Potential of Research Results,0.7001557972390319,[0.57 0.8 ],92.0
Feasibility of Proposed Suggestions,0.6632255604761359,[0.54 0.77],91.66666666666666
Logic of Argumentation,0.6330684671241229,[0.5  0.75],90.56603773584906
Multi-angle Analysis of Problems,0.6712891265547788,[0.56 0.77],89.1025641025641
Identification and Discussion of Research Limitations,0.5877418456563267,[0.46 0.71],93.63057324840764
