Subcategory,ICC (Intraclass Correlation Coefficient),ICC 95% Confidence Interval,Transitivity Consistency Ratio (%)
Topic Relevance,0.5204289499879451,[0.42 0.63],59.09090909090909
Comprehensiveness of Information,0.7342311684885952,[0.64 0.82],74.54545454545455
Accuracy of Information,0.4156975695404855,[0.32 0.54],48.717948717948715
Innovativeness of Viewpoints,0.6816800704694951,[0.57 0.78],83.63636363636363
Integration of Interdisciplinary Perspectives,0.6970448359144831,[0.6  0.79],74.52229299363057
Clarity of Logical Structure,0.6724407129925253,[0.57 0.77],75.0
Reasonableness of Chapter Arrangement,0.6786440809471586,[0.58 0.77],72.72727272727273
Quality of Introduction and Conclusion,0.6316744973913494,[0.53 0.73],75.75757575757575
Accuracy and Completeness of Citations,0.6810145982748532,[0.59 0.77],52.0
Timeliness and Relevance of References,0.6504952358495268,[0.56 0.75],73.93939393939394
Avoidance of Plagiarism and Appropriate Citation,0.3290362179773305,[0.24 0.45],53.48837209302325
Critical Analysis of Existing Research,0.6966192202131218,[0.59 0.79],82.42424242424242
Proposal of New Research Directions or Questions,0.7409507695501173,[0.66 0.82],81.81818181818183
Potential Contribution to the Field,0.7124306475821142,[0.61 0.8 ],83.63636363636363
Clarity of Research Method Description,0.5886340116220283,[0.48 0.7 ],78.84615384615384
Rationality of Method Selection,0.6156368734817496,[0.51 0.72],74.23312883435584
Rigor of Research Design,0.5757588140438323,[0.46 0.69],77.55102040816327
Inclusion of Latest Research Results,0.6626108464886171,[0.57 0.76],73.93939393939394
Reflection of Current Research Hotspots,0.675420896212486,[0.58 0.77],76.96969696969697
Fluency of Language Expression,0.4764129924161396,[0.37 0.6 ],75.75757575757575
Appropriateness of Professional Terminology Use,0.5200470399763492,[0.41 0.64],75.0
Conciseness of Expression,0.47012316591616105,[0.36 0.59],75.75757575757575
Practical Application Potential of Research Results,0.6847448628751719,[0.58 0.78],76.36363636363637
Feasibility of Proposed Suggestions,0.616493293799555,[0.51 0.72],75.15151515151514
Logic of Argumentation,0.6347221794160346,[0.53 0.74],76.36363636363637
Multi-angle Analysis of Problems,0.6706520785028403,[0.57 0.76],72.72727272727273
Identification and Discussion of Research Limitations,0.56665493456688,[0.46 0.68],75.75757575757575
