Subcategory,ICC (Intraclass Correlation Coefficient),ICC 95% Confidence Interval,Transitivity Consistency Ratio (%)
Topic Relevance,0.46079897511366386,[0.36 0.58],60.97560975609756
Comprehensiveness of Information,0.7974226824356551,[0.72 0.86],81.21212121212122
Accuracy of Information,0.5022994117986089,[0.4  0.62],35.483870967741936
Innovativeness of Viewpoints,0.7465396516181373,[0.65 0.83],74.54545454545455
Integration of Interdisciplinary Perspectives,0.7836549265625061,[0.71 0.85],75.15151515151514
Clarity of Logical Structure,0.7325349410188519,[0.65 0.81],73.93939393939394
Reasonableness of Chapter Arrangement,0.735544996133557,[0.65 0.81],73.93939393939394
Quality of Introduction and Conclusion,0.6617265462091331,[0.57 0.76],74.54545454545455
Accuracy and Completeness of Citations,0.7670283486826363,[0.69 0.84],45.714285714285715
Timeliness and Relevance of References,0.7254929984969924,[0.64 0.81],76.28205128205127
Avoidance of Plagiarism and Appropriate Citation,0.4522439685443593,[0.35 0.57],52.38095238095239
Critical Analysis of Existing Research,0.7599586979311422,[0.68 0.83],76.96969696969697
Proposal of New Research Directions or Questions,0.7982306855009605,[0.73 0.86],76.96969696969697
Potential Contribution to the Field,0.7660727660726501,[0.69 0.84],76.36363636363637
Clarity of Research Method Description,0.6568900618350515,[0.56 0.75],74.28571428571429
Rationality of Method Selection,0.6591124317688812,[0.56 0.75],75.0
Rigor of Research Design,0.6288250190465108,[0.53 0.73],77.9874213836478
Inclusion of Latest Research Results,0.7288222498733625,[0.65 0.81],76.28205128205127
Reflection of Current Research Hotspots,0.7479222701266203,[0.67 0.82],75.15151515151514
Fluency of Language Expression,0.4207819729452902,[0.32 0.54],70.88607594936708
Appropriateness of Professional Terminology Use,0.47316923597890603,[0.37 0.59],81.21212121212122
Conciseness of Expression,0.4356615231992279,[0.33 0.55],77.84810126582279
Practical Application Potential of Research Results,0.7361101878564688,[0.65 0.82],74.35897435897436
Feasibility of Proposed Suggestions,0.6769791145022831,[0.58 0.77],75.79617834394905
Logic of Argumentation,0.7099150681963059,[0.62 0.79],67.54966887417218
Multi-angle Analysis of Problems,0.7391065695345661,[0.66 0.82],73.29192546583852
Identification and Discussion of Research Limitations,0.6446407247176866,[0.55 0.74],77.56410256410257
