Subcategory,ICC (Intraclass Correlation Coefficient),ICC 95% Confidence Interval,Transitivity Consistency Ratio (%)
Topic Relevance,0.5418881791683494,[0.44 0.65],58.333333333333336
Comprehensiveness of Information,0.6979300491856117,[0.57 0.8 ],93.93939393939394
Accuracy of Information,0.17865252934600334,[0.11 0.28],57.14285714285714
Innovativeness of Viewpoints,0.7085333897419737,[0.6 0.8],94.30379746835443
Integration of Interdisciplinary Perspectives,0.740413853957346,[0.65 0.82],90.30303030303031
Clarity of Logical Structure,0.6645301736983326,[0.56 0.76],86.66666666666667
Reasonableness of Chapter Arrangement,0.6768251212266656,[0.58 0.77],87.87878787878788
Quality of Introduction and Conclusion,0.7104281189419551,[0.61 0.8 ],87.87878787878788
Accuracy and Completeness of Citations,0.636874453747041,[0.54 0.73],52.94117647058824
Timeliness and Relevance of References,0.6274509505019469,[0.53 0.73],85.35031847133759
Avoidance of Plagiarism and Appropriate Citation,0.15220608309341802,[0.09 0.25],50.0
Critical Analysis of Existing Research,0.7035515015704562,[0.59 0.8 ],95.15151515151516
Proposal of New Research Directions or Questions,0.7736628981152756,[0.69 0.85],92.72727272727272
Potential Contribution to the Field,0.7057059508729511,[0.6 0.8],92.72727272727272
Clarity of Research Method Description,0.5901256077873138,[0.48 0.7 ],87.89808917197452
Rationality of Method Selection,0.585929044832441,[0.48 0.7 ],87.27272727272727
Rigor of Research Design,0.556612885387915,[0.44 0.67],86.06060606060606
Inclusion of Latest Research Results,0.626441350471344,[0.53 0.73],84.84848484848484
Reflection of Current Research Hotspots,0.6510141841475309,[0.55 0.75],87.17948717948718
Fluency of Language Expression,0.5879405660897844,[0.48 0.7 ],87.87878787878788
Appropriateness of Professional Terminology Use,0.4680920396117226,[0.35 0.6 ],93.93939393939394
Conciseness of Expression,0.5521078765439128,[0.44 0.67],87.87878787878788
Practical Application Potential of Research Results,0.6756964541667,[0.57 0.77],92.72727272727272
Feasibility of Proposed Suggestions,0.649833396668811,[0.54 0.75],92.72727272727272
Logic of Argumentation,0.6518834123503422,[0.54 0.75],87.87878787878788
Multi-angle Analysis of Problems,0.6761833408882443,[0.57 0.77],90.30303030303031
Identification and Discussion of Research Limitations,0.6023690658753144,[0.49 0.71],90.30303030303031
