Subcategory,ICC (Intraclass Correlation Coefficient),ICC 95% Confidence Interval,Transitivity Consistency Ratio (%)
Topic Relevance,0.7365715798115011,[0.65 0.81],55.81395348837209
Comprehensiveness of Information,0.792265782773983,[0.72 0.86],83.03030303030303
Accuracy of Information,0.3299562826117615,[0.24 0.45],30.0
Innovativeness of Viewpoints,0.7772643201964847,[0.7  0.85],86.53846153846155
Integration of Interdisciplinary Perspectives,0.745354678557849,[0.67 0.82],80.0
Clarity of Logical Structure,0.7577064291082538,[0.68 0.83],83.03030303030303
Reasonableness of Chapter Arrangement,0.7470932697751834,[0.67 0.82],84.84848484848484
Quality of Introduction and Conclusion,0.7082525236139305,[0.62 0.79],79.39393939393939
Accuracy and Completeness of Citations,0.6690769086652464,[0.58 0.76],59.25925925925925
Timeliness and Relevance of References,0.7019630802335407,[0.62 0.79],82.42424242424242
Avoidance of Plagiarism and Appropriate Citation,0.3768772910107193,[0.28 0.5 ],41.66666666666667
Critical Analysis of Existing Research,0.785349951844444,[0.71 0.85],86.66666666666667
Proposal of New Research Directions or Questions,0.7798293354377598,[0.7  0.85],85.45454545454545
Potential Contribution to the Field,0.7654324340168956,[0.69 0.84],85.45454545454545
Clarity of Research Method Description,0.6958286665149589,[0.61 0.78],81.81818181818183
Rationality of Method Selection,0.7113169648867204,[0.63 0.79],83.63636363636363
Rigor of Research Design,0.7141746810348414,[0.63 0.8 ],80.24691358024691
Inclusion of Latest Research Results,0.7212751538260626,[0.64 0.8 ],82.42424242424242
Reflection of Current Research Hotspots,0.7576731853690056,[0.68 0.83],82.42424242424242
Fluency of Language Expression,0.5780108691196764,[0.48 0.68],79.39393939393939
Appropriateness of Professional Terminology Use,0.5857242480754499,[0.49 0.69],82.80254777070064
Conciseness of Expression,0.5658497868702325,[0.47 0.67],80.0
Practical Application Potential of Research Results,0.7369817874502381,[0.65 0.82],87.27272727272727
Feasibility of Proposed Suggestions,0.6884537805737433,[0.6  0.78],84.472049689441
Logic of Argumentation,0.7399688148000465,[0.66 0.82],79.35483870967742
Multi-angle Analysis of Problems,0.7649610251798012,[0.69 0.84],82.42424242424242
Identification and Discussion of Research Limitations,0.6887146542894554,[0.6  0.78],80.3680981595092
