Subcategory,ICC (Intraclass Correlation Coefficient),ICC 95% Confidence Interval,Transitivity Consistency Ratio (%)
Topic Relevance,0.4138253549868207,[0.31 0.53],54.054054054054056
Comprehensiveness of Information,0.7787749057161591,[0.7  0.85],75.75757575757575
Accuracy of Information,0.32008086253369283,[0.23 0.44],37.83783783783784
Innovativeness of Viewpoints,0.66605778646027,[0.56 0.76],78.18181818181819
Integration of Interdisciplinary Perspectives,0.7172691579868846,[0.63 0.8 ],76.96969696969697
Clarity of Logical Structure,0.5942340105970213,[0.49 0.7 ],76.36363636363637
Reasonableness of Chapter Arrangement,0.615090106806687,[0.51 0.72],74.54545454545455
Quality of Introduction and Conclusion,0.5599944101673253,[0.45 0.67],75.15151515151514
Accuracy and Completeness of Citations,0.6975038076457931,[0.61 0.78],62.06896551724138
Timeliness and Relevance of References,0.7041748214326092,[0.62 0.79],76.96969696969697
Avoidance of Plagiarism and Appropriate Citation,0.24300844188133358,[0.16 0.35],45.0
Critical Analysis of Existing Research,0.6626119844387913,[0.55 0.76],78.18181818181819
Proposal of New Research Directions or Questions,0.7056179555240637,[0.61 0.79],78.18181818181819
Potential Contribution to the Field,0.6467330196391688,[0.54 0.75],78.18181818181819
Clarity of Research Method Description,0.5958113225188163,[0.48 0.71],76.76056338028168
Rationality of Method Selection,0.6124506217198794,[0.51 0.72],77.57575757575758
Rigor of Research Design,0.5543075700864026,[0.44 0.67],75.75757575757575
Inclusion of Latest Research Results,0.6967022434356013,[0.61 0.78],76.96969696969697
Reflection of Current Research Hotspots,0.6677030781645009,[0.57 0.76],76.96969696969697
Fluency of Language Expression,0.4227927781495329,[0.32 0.54],76.36363636363637
Appropriateness of Professional Terminology Use,0.4378372250474876,[0.33 0.56],74.82517482517483
Conciseness of Expression,0.4431424160627811,[0.33 0.57],78.18181818181819
Practical Application Potential of Research Results,0.6233345264740549,[0.51 0.73],76.10062893081762
Feasibility of Proposed Suggestions,0.5919850885892856,[0.48 0.7 ],78.18181818181819
Logic of Argumentation,0.5721778625101773,[0.46 0.69],76.72955974842768
Multi-angle Analysis of Problems,0.6242640720550753,[0.52 0.73],76.96969696969697
Identification and Discussion of Research Limitations,0.5681809187116421,[0.46 0.68],76.96969696969697
