Subcategory,ICC (Intraclass Correlation Coefficient),ICC 95% Confidence Interval,Transitivity Consistency Ratio (%)
Topic Relevance,0.4908387685222936,[0.39 0.61],69.56521739130434
Comprehensiveness of Information,0.7085812605774526,[0.62 0.79],83.63636363636363
Accuracy of Information,0.32092560052974883,[0.23 0.44],64.70588235294117
Innovativeness of Viewpoints,0.7807302709402023,[0.71 0.85],84.24242424242424
Integration of Interdisciplinary Perspectives,0.6923887020636293,[0.6  0.78],83.03030303030303
Clarity of Logical Structure,0.672019155447438,[0.58 0.76],81.41025641025641
Reasonableness of Chapter Arrangement,0.6728540997093049,[0.58 0.76],81.81818181818183
Quality of Introduction and Conclusion,0.666919831325585,[0.58 0.76],81.81818181818183
Accuracy and Completeness of Citations,0.6036716618169397,[0.51 0.71],62.7906976744186
Timeliness and Relevance of References,0.638145493566963,[0.54 0.74],82.42424242424242
Avoidance of Plagiarism and Appropriate Citation,0.2684667425351241,[0.18 0.38],58.82352941176471
Critical Analysis of Existing Research,0.7598300263782944,[0.68 0.83],81.81818181818183
Proposal of New Research Directions or Questions,0.7290278688729572,[0.65 0.81],86.66666666666667
Potential Contribution to the Field,0.7665918890894261,[0.69 0.84],83.63636363636363
Clarity of Research Method Description,0.6145274800944774,[0.51 0.72],86.06060606060606
Rationality of Method Selection,0.6350858703634515,[0.54 0.73],82.42424242424242
Rigor of Research Design,0.6018458114360717,[0.5  0.71],84.84848484848484
Inclusion of Latest Research Results,0.654698154549886,[0.56 0.75],82.42424242424242
Reflection of Current Research Hotspots,0.6720064907385134,[0.58 0.76],81.81818181818183
Fluency of Language Expression,0.6251512692693565,[0.53 0.72],81.81818181818183
Appropriateness of Professional Terminology Use,0.5674193929833034,[0.46 0.68],83.03030303030303
Conciseness of Expression,0.6317233927124061,[0.54 0.73],82.42424242424242
Practical Application Potential of Research Results,0.7313164972361038,[0.65 0.81],83.63636363636363
Feasibility of Proposed Suggestions,0.7135852687931431,[0.63 0.8 ],86.06060606060606
Logic of Argumentation,0.6859537918843784,[0.6  0.77],80.60606060606061
Multi-angle Analysis of Problems,0.6855074594872791,[0.6  0.77],81.81818181818183
Identification and Discussion of Research Limitations,0.6836120015805794,[0.59 0.77],82.42424242424242
