Subcategory,ICC (Intraclass Correlation Coefficient),ICC 95% Confidence Interval,Transitivity Consistency Ratio (%)
Topic Relevance,0.5458974443898839,[0.44 0.66],59.09090909090909
Comprehensiveness of Information,0.770301602829254,[0.7  0.84],83.63636363636363
Accuracy of Information,0.3593005173528435,[0.26 0.48],37.83783783783784
Innovativeness of Viewpoints,0.7501641614576213,[0.67 0.82],83.03030303030303
Integration of Interdisciplinary Perspectives,0.7422729146279128,[0.66 0.82],83.63636363636363
Clarity of Logical Structure,0.7236990405119642,[0.64 0.8 ],82.42424242424242
Reasonableness of Chapter Arrangement,0.7284132533869906,[0.65 0.81],82.80254777070064
Quality of Introduction and Conclusion,0.6692746156325639,[0.58 0.76],78.78787878787878
Accuracy and Completeness of Citations,0.6245660610596055,[0.53 0.72],61.42857142857143
Timeliness and Relevance of References,0.5856522934432575,[0.49 0.69],83.03030303030303
Avoidance of Plagiarism and Appropriate Citation,0.3594742019012827,[0.26 0.48],35.8974358974359
Critical Analysis of Existing Research,0.7109217555659659,[0.63 0.79],81.21212121212122
Proposal of New Research Directions or Questions,0.7337007468661643,[0.65 0.81],79.48717948717949
Potential Contribution to the Field,0.6806868677908288,[0.59 0.77],77.57575757575758
Clarity of Research Method Description,0.589780771616365,[0.49 0.69],80.12820512820514
Rationality of Method Selection,0.5945475669032533,[0.5 0.7],82.16560509554141
Rigor of Research Design,0.5867190362665158,[0.49 0.69],81.81818181818183
Inclusion of Latest Research Results,0.611800524452622,[0.51 0.71],83.03030303030303
Reflection of Current Research Hotspots,0.634630496880279,[0.54 0.73],83.03030303030303
Fluency of Language Expression,0.5268417783408468,[0.43 0.64],78.78787878787878
Appropriateness of Professional Terminology Use,0.5701609842441667,[0.47 0.68],84.61538461538461
Conciseness of Expression,0.47028394300800813,[0.37 0.59],78.2051282051282
Practical Application Potential of Research Results,0.6664618606696586,[0.57 0.76],78.18181818181819
Feasibility of Proposed Suggestions,0.6163298653420635,[0.52 0.72],77.56410256410257
Logic of Argumentation,0.6576149326257021,[0.56 0.75],82.42424242424242
Multi-angle Analysis of Problems,0.6554224565058403,[0.56 0.75],76.58227848101265
Identification and Discussion of Research Limitations,0.5806926371832775,[0.48 0.69],82.42424242424242
