Subcategory,ICC (Intraclass Correlation Coefficient),ICC 95% Confidence Interval,Transitivity Consistency Ratio (%)
Topic Relevance,0.5417252974129657,[0.44 0.65],68.62745098039215
Comprehensiveness of Information,0.7565225581154758,[0.64 0.84],93.93939393939394
Accuracy of Information,0.27976660535875325,[0.19 0.39],50.0
Innovativeness of Viewpoints,0.7228634777344793,[0.62 0.81],93.93939393939394
Integration of Interdisciplinary Perspectives,0.723392393338886,[0.63 0.81],91.33333333333333
Clarity of Logical Structure,0.7171449036024188,[0.62 0.8 ],89.0909090909091
Reasonableness of Chapter Arrangement,0.7148545190674466,[0.62 0.8 ],92.12121212121212
Quality of Introduction and Conclusion,0.6465778462671703,[0.54 0.75],87.27272727272727
Accuracy and Completeness of Citations,0.5882933514221835,[0.49 0.69],60.0
Timeliness and Relevance of References,0.6273644531004585,[0.52 0.73],92.12121212121212
Avoidance of Plagiarism and Appropriate Citation,0.27225689010143234,[0.19 0.39],53.65853658536586
Critical Analysis of Existing Research,0.7154064173678407,[0.6  0.81],93.93939393939394
Proposal of New Research Directions or Questions,0.7174828477920996,[0.63 0.8 ],93.93939393939394
Potential Contribution to the Field,0.6920711628773722,[0.58 0.79],93.93939393939394
Clarity of Research Method Description,0.61726311970606,[0.51 0.72],92.12121212121212
Rationality of Method Selection,0.6083590319516087,[0.49 0.72],92.12121212121212
Rigor of Research Design,0.5840134981669282,[0.46 0.7 ],92.12121212121212
Inclusion of Latest Research Results,0.668446646514366,[0.56 0.77],92.12121212121212
Reflection of Current Research Hotspots,0.6843807945551844,[0.58 0.78],92.12121212121212
Fluency of Language Expression,0.5577934930151697,[0.43 0.68],87.27272727272727
Appropriateness of Professional Terminology Use,0.5219632767571908,[0.4  0.65],90.56603773584906
Conciseness of Expression,0.5278034701350589,[0.4  0.65],92.12121212121212
Practical Application Potential of Research Results,0.6690010760562594,[0.56 0.77],93.93939393939394
Feasibility of Proposed Suggestions,0.6204219505158913,[0.51 0.73],93.93939393939394
Logic of Argumentation,0.647759176418843,[0.52 0.76],89.0909090909091
Multi-angle Analysis of Problems,0.6737055669298196,[0.57 0.77],93.93939393939394
Identification and Discussion of Research Limitations,0.5940397013647998,[0.47 0.71],93.93939393939394
