Subcategory,ICC (Intraclass Correlation Coefficient),ICC 95% Confidence Interval,Transitivity Consistency Ratio (%)
Topic Relevance,0.4320069951803638,[0.33 0.55],55.714285714285715
Comprehensiveness of Information,0.7461405681091109,[0.65 0.83],77.57575757575758
Accuracy of Information,0.3854639294380464,[0.29 0.51],40.625
Innovativeness of Viewpoints,0.696366190146938,[0.58 0.79],81.0126582278481
Integration of Interdisciplinary Perspectives,0.7071281543022054,[0.62 0.79],76.92307692307693
Clarity of Logical Structure,0.6507748812532591,[0.56 0.75],75.15151515151514
Reasonableness of Chapter Arrangement,0.6488454982962018,[0.55 0.74],76.96969696969697
Quality of Introduction and Conclusion,0.5845733300362324,[0.48 0.69],80.0
Accuracy and Completeness of Citations,0.6393858932710794,[0.54 0.74],58.333333333333336
Timeliness and Relevance of References,0.5751583020890381,[0.48 0.68],77.57575757575758
Avoidance of Plagiarism and Appropriate Citation,0.3531498468285991,[0.26 0.47],38.46153846153847
Critical Analysis of Existing Research,0.6929800167971462,[0.59 0.79],82.42424242424242
Proposal of New Research Directions or Questions,0.7209799502341796,[0.63 0.8 ],84.61538461538461
Potential Contribution to the Field,0.643948556686691,[0.54 0.74],84.24242424242424
Clarity of Research Method Description,0.5569934030195067,[0.45 0.67],79.39393939393939
Rationality of Method Selection,0.5674208614787438,[0.47 0.68],75.15151515151514
Rigor of Research Design,0.5197421144596761,[0.41 0.64],75.15151515151514
Inclusion of Latest Research Results,0.5957303745341129,[0.5 0.7],77.57575757575758
Reflection of Current Research Hotspots,0.5898486926153602,[0.49 0.69],78.78787878787878
Fluency of Language Expression,0.4519240210962941,[0.35 0.57],71.51515151515152
Appropriateness of Professional Terminology Use,0.449360954324258,[0.34 0.57],78.84615384615384
Conciseness of Expression,0.4681024688552771,[0.36 0.59],74.54545454545455
Practical Application Potential of Research Results,0.5999297200350906,[0.49 0.71],83.54430379746836
Feasibility of Proposed Suggestions,0.560913277232419,[0.45 0.67],82.11920529801324
Logic of Argumentation,0.5938909549914196,[0.49 0.7 ],77.57575757575758
Multi-angle Analysis of Problems,0.6104142695697006,[0.51 0.71],76.58227848101265
Identification and Discussion of Research Limitations,0.5099447290274288,[0.4  0.63],77.84810126582279
