Subcategory,ICC (Intraclass Correlation Coefficient),ICC 95% Confidence Interval,Transitivity Consistency Ratio (%)
Topic Relevance,0.48933577009253615,[0.38 0.61],82.6086956521739
Comprehensiveness of Information,0.6911996995119035,[0.56 0.8 ],93.33333333333333
Accuracy of Information,0.3319421859041731,[0.24 0.45],68.57142857142857
Innovativeness of Viewpoints,0.6904617551706489,[0.57 0.79],92.12121212121212
Integration of Interdisciplinary Perspectives,0.7543135238606963,[0.67 0.83],85.71428571428571
Clarity of Logical Structure,0.6644322604721469,[0.55 0.77],94.54545454545455
Reasonableness of Chapter Arrangement,0.6650508464108055,[0.56 0.76],87.87878787878788
Quality of Introduction and Conclusion,0.6327684733850185,[0.51 0.74],93.0379746835443
Accuracy and Completeness of Citations,0.7064337816170406,[0.62 0.79],73.80952380952381
Timeliness and Relevance of References,0.6594917683406618,[0.56 0.75],90.30303030303031
Avoidance of Plagiarism and Appropriate Citation,0.30260365723721594,[0.21 0.42],68.0
Critical Analysis of Existing Research,0.7017018420893967,[0.57 0.8 ],93.33333333333333
Proposal of New Research Directions or Questions,0.7939582856652606,[0.72 0.86],90.9090909090909
Potential Contribution to the Field,0.7287210068475259,[0.61 0.82],94.54545454545455
Clarity of Research Method Description,0.6112841002478222,[0.5  0.72],98.18181818181819
Rationality of Method Selection,0.6204412163608435,[0.51 0.73],97.57575757575758
Rigor of Research Design,0.56120215398955,[0.44 0.68],98.07692307692307
Inclusion of Latest Research Results,0.6928747720988395,[0.6  0.78],90.30303030303031
Reflection of Current Research Hotspots,0.6885528614677047,[0.59 0.78],89.87341772151899
Fluency of Language Expression,0.4730036473170937,[0.35 0.6 ],92.72727272727272
Appropriateness of Professional Terminology Use,0.4432581383368197,[0.33 0.57],94.30379746835443
Conciseness of Expression,0.44215511835036514,[0.33 0.57],93.33333333333333
Practical Application Potential of Research Results,0.6787149316956061,[0.56 0.78],95.51282051282051
Feasibility of Proposed Suggestions,0.6323754312495856,[0.52 0.74],93.33333333333333
Logic of Argumentation,0.6315485245455507,[0.5  0.75],95.75757575757575
Multi-angle Analysis of Problems,0.7165437122043412,[0.62 0.8 ],89.0909090909091
Identification and Discussion of Research Limitations,0.6126902301693786,[0.49 0.72],93.33333333333333
